word,part_of_speech,other_forms,approved_meaning,guidance,ste_examples,page
A,art,,Function word: indefinite article,,A FUEL PUMP IS INSTALLED IN ZONE 10.,2-1-A1
ABOUT,prep,,Concerned with,"For other meanings, use:","FOR DATA ABOUT THE LOCATION OF CIRCUIT BREAKERS, REFER TO THE WIRING LIST. | DRAIN APPROXIMATELY 2 LITERS OF FUEL FROM THE TANK. | TURN THE SHAFT AROUND ITS AXIS.",2-1-A2
ABOVE,prep,,In (or to) a position farther up than something MORE THAN,"For other meanings, use:",LIFT THE CYLINDER ABOVE ITS INSTALLED POSITION. | THE PRESSURE VALUE MUST BE MORE THAN 800 kPa.,2-1-A2
ABRASIVE,adj,,That can remove material by friction,,POLISH THE SURFACE WITH AN ABRASIVE PAPER.,2-1-A2
ABSORB,v,"ABSORBS, ABSORBED, ABSORBED",1. To take up or into 2. To decrease the effect of,,ABSORB THE FLUID WITH A CLEAN CLOTH. | THE SHOCK MOUNT ABSORBS THE VIBRATION.,2-1-A3
ACCEPT,v,"ACCEPTS, ACCEPTED, ACCEPTED",To make a decision that something is satisfactory,,ACCEPT THE RELAY IF IT IS SERVICEABLE.,2-1-A4
ACCESS,n,,The ability to go into or near,,GET ACCESS TO THE ACCUMULATOR FOR THE No. | 1 HYDRAULIC SYSTEM.,2-1-A4
ACCIDENT,n,,An occurrence that causes injury or damage,,"TO PREVENT ACCIDENTS, MAKE SURE THAT THE PINS ARE INSTALLED.",2-1-A4
ACCIDENTAL,adj,,That does not occur on purpose,,"TO PREVENT ACCIDENTAL OPERATION OF THE SYSTEM, INSTALL THE SAFETY LOCK.",2-1-A5
ACCIDENTALLY,adv,,That does not occur on purpose,,"IF YOU ACCIDENTALLY MOVE THE LEVER, SET THE SYSTEM TO THE NEUTRAL POSITION AGAIN.",2-1-A5
ACCURATE,adj,,Exact,,THE ADJUSTMENT MUST BE ACCURATE.,2-1-A6
ACCURATELY,adv,,Exactly,,PUT THE REPAIR SHEET ACCURATELY ON THE DAMAGED AREA.,2-1-A6
ACROSS,prep,,From one side to the other side,,SAFETY THE CLAMP BLOCK ACROSS THE CONTROL LEVER FORKS WITH SAFETY WIRE.,2-1-A6
ACTIVATE,v,,"To make a system, function, or feature ready for operation","For other meanings, use:",THE AUTOPILOT ACTIVATES THE APPROACH MODE. | START THE MOTOR.,2-1-A6
ACTIVE,adj,,"A system, function, or feature in a state of action",,DOWNLOAD THE EXPORT FILE FROM THE ACTIVE SERVER UNIT.,2-1-A7
ADAPT,v,"ADAPTS, ADAPTED, ADAPTED",To change or adjust to that which is necessary,,ADAPT THE PRESSURE CONNECTION TO THE PITOT HEAD. | THE SYSTEM INTERFACE CIRCUITS ADAPT TO THE PHYSICAL PROPERTIES OF THE CONNECTED SYSTEMS.,2-1-A7
ADD,v,"ADDS, ADDED, ADDED","To increase the number, dimension, or quantity",,ADD 5 ml OF HARDENER TO THE COMPOUND.,2-1-A7
ADJACENT,adj,,"That which is near to an object, with no other object of the same type between the two",,DO NOT OPERATE THE ADJACENT CONTROL.,2-1-A8
ADJACENT TO,prep,,"To be near to an object, with no other object of the same type between the two",,THE FUEL PUMP IS INSTALLED ADJACENT TO THE BULKHEAD.,2-1-A8
ADJUST,v,"ADJUSTS, ADJUSTED, ADJUSTED",To put in or come to a specified position or value,,ADJUST THE FREQUENCY TO THE VALUE GIVEN IN TABLE 1. | THE INTERNAL LOGIC ADJUSTS TO SUDDEN CHANGES IN TEMPERATURE.,2-1-A8
ADJUSTABLE,adj,,That you can adjust,,THE TWO STOP BOLTS ARE ADJUSTABLE.,2-1-A8
ADJUSTMENT,n,,The effect of adjusting,,MAKE SURE THAT THE ADJUSTMENT IS IN THE LIMITS GIVEN IN TABLE 1.,2-1-A8
AFT,adj,,At or nearer to the rear of an air or sea vehicle,,THE PUMP IS IN THE AFT CELL OF THE FUSELAGE TANK.,2-1-A10
AFT,adv,,In the direction of the rear of an air or sea vehicle,,MOVE THE THROTTLE AFT.,2-1-A10
AFTER,conj,,"That follows a specified time, sequence, or operation",,"AFTER YOU INSTALL THE COMPONENT, DO A FUNCTIONAL TEST.",2-1-A10
AFTER,prep,,"That follows a specified time, sequence, or operation",,THE BAR MOVES DOWN AFTER 20 SECONDS.,2-1-A10
AFT OF,prep,,At a position nearer to the rear,,THE CONTROL UNIT IS INSTALLED AFT OF THE FLIGHT COMPARTMENT.,2-1-A10
AGAIN,adv,,One more occurrence,,"MOVE THE CONTROL STICK BACK TO THE CENTER, AND THEN MOVE IT FORWARD AGAIN.",2-1-A10
AGAINST,prep,,In contact with,,PUT THE ADAPTER IN POSITION AGAINST ITS SUPPORT.,2-1-A10
AGENT,n,,One of a group of materials made to do a specified task,,DO NOT USE THESE CLEANING AGENTS ON HOT SURFACES.,2-1-A10
AGREE,v,"AGREES, AGREED, AGREED",To be consistent with,,THE INDICATIONS MUST AGREE WITH THE VALUES IN TABLE 1001.,2-1-A11
AID,n,,Help that is given,,"IF YOU GET THIS CHEMICAL SOLUTION INTO YOUR EYES, GET MEDICAL AID IMMEDIATELY.",2-1-A11
AIRBORNE,adj,,"In, or used in, flight",,POSITION 2 OF THE SWITCH GIVES A SIGNAL OF THE AIRCRAFT AIRBORNE CONDITION.,2-1-A11
AIRFLOW,n,,A flow of air,,MAKE SURE THAT THE AIRFLOW IS NOT MORE THAN 10 LITERS/MINUTE.,2-1-A11
ALIGN,v,"ALIGNS, ALIGNED, ALIGNED",To put or come into a specified position in relation to a line,,ALIGN THE FLANGE HOLES WITH THE STUDS. | ALL THREE BRACKET HOLES MUST ALIGN WITH THE FUEL TUBE.,2-1-A11
ALL,adj,,Full quantity,,DRAIN ALL THE FLUIDS.,2-1-A12
ALMOST,adv,,Near the limit or the value,,MAKE SURE THAT THE PRESSURE IN THE CABIN IS ALMOST ZERO.,2-1-A12
ALONG,prep,,In a line parallel with the length or direction of,,MOVE THE TENSIOMETER ALONG THE CABLE.,2-1-A12
ALSO,adv,,In addition,,ALSO DO THE APPLICABLE STEPS OF THIS PROCEDURE.,2-1-A12
ALTERNATIVE,adj,,That gives a choice,,YOU CAN USE ALTERNATIVE MATERIALS.,2-1-A13
ALTERNATIVE,n,,One of two or more objects or processes that have the same or almost the same properties or functions,,A BIO-BASED FUEL CAN BE AN ALTERNATIVE TO FUELS JET-A1 AND JET-A.,2-1-A13
ALTHOUGH,conj,,In spite of the fact that,,"ALTHOUGH THE PRESSURE DECREASES, THE VALVE MUST STAY CLOSED.",2-1-A13
ALWAYS,adv,,At all times,,ALWAYS KEEP THE BRIGHTNESS CONTROL ON THE LCD DISPLAY AT MAXIMUM.,2-1-A13
AN,art,,Function word: indefinite article,,MAKE AN ENTRY IN THE LOGBOOK.,2-1-A14
ANALOG,adj,,Of data given by pointers and dials,,THE PRE-MOD UNIT HAS ANALOG INDICATORS.,2-1-A14
AND,conj,,"Function word used to connect words, phrases, or clauses",,MAKE SURE THAT THE FLAPS ARE RETRACTED AND THE AILERON TRIM HANDWHEEL IS IN THE ZERO POSITION.,2-1-A15
ANGULAR,adj,,That has one or more angles,,MAKE SURE THAT THE ANGULAR POSITION IS CORRECT.,2-1-A15
APART,adv,,At a distance (not specified) from,,MOVE THE CABLE STRANDS APART.,2-1-A16
APPLICABLE,adj,,Correct or satisfactory for the task,,REFER TO THE TABLE THAT FOLLOWS FOR THE APPLICABLE TORQUE VALUES.,2-1-A17
APPLY,v,"APPLIES, APPLIED, APPLIED","1. To put or spread something on 2. To use something (for example, pressure, force, load) to cause an effect",,APPLY THE SEALING COMPOUND. | APPLY A FORCE OF 100 N ON THE END OF THE LEVER.,2-1-A17
APPROVAL,n,,That which permits a person or a thing to do something,,"BEFORE YOU REPAIR THIS UNIT, GET THE APPROVAL OF THE MANUFACTURER.",2-1-A17
APPROVED,adj,,Permitted by an authority,,DO THE PROCEDURE IN AN APPROVED AREA.,2-1-A17
APPROXIMATE,adj,,Almost correct or accurate,,AN APPROXIMATE VALUE IS SATISFACTORY.,2-1-A17
APPROXIMATELY,adv,,Almost correct or accurate,,DRAIN APPROXIMATELY 2 LITERS OF FUEL.,2-1-A18
AREA,n,,A specified surface or location,,DO NOT SMOKE IN THE WORK AREA.,2-1-A18
ARM,v,"ARMS, ARMED, ARMED",1. To install armaments 2. To prepare for automatic operation,,ARM THE AIRCRAFT. | SET THE SWITCH TO “CLOSE” TO ARM THE CIRCUIT.,2-1-A18
AROUND,prep,,On all sides of,"For other meanings, use:",PUT THE STRAP CLAMPS AROUND THE CYLINDER. | THE TEST BENCH IS APPROXIMATELY 10 FEET FROM THE DOOR.,2-1-A18
ARROW,n,,A mark that has a point to show direction,,MAKE SURE THAT THE ARROW POINTS IN THE DIRECTION OF THE FUEL FLOW.,2-1-A19
AS,prep,,"In the manner of, to the same quantity, equally",,DO NOT USE THE CYLINDER AS A SUPPORT.,2-1-A19
AS ... AS,conj,,Construction used to show comparison or relation,"For “as long as,” refer to “long (as long as).”",MOVE THE LEVER AS FAST AS POSSIBLE.,2-1-A19
ASSEMBLE,v,"ASSEMBLES, ASSEMBLED, ASSEMBLED","To attach, connect, or put together the parts of something",,ASSEMBLE THE VALVE AS FOLLOWS:,2-1-A20
ASSEMBLY,n,,Items that are connected for a specified function,,REMOVE THE WHEEL BRAKE ASSEMBLY FROM THE AXLE.,2-1-A20
AT,prep,,"Function word that shows the location, position, direction, or time that something occurs",,"DISCONNECT THE HOSE AT THE PITOT HEAD. | AT APPROXIMATELY 300 KNOTS, THE LIGHT COMES ON. | WITH THE NOSEWHEEL AT 30 DEG. | TO THE CENTER LINE, SET THE LEVER TO “UP.”",2-1-A21
ATTACH,v,"ATTACHES, ATTACHED, ATTACHED",To stay together or to cause different items to stay together,,MAKE SURE THAT THE LABEL FULLY ATTACHES TO THE SURFACE AND THAT THERE ARE NO BUBBLES. | TEMPORARILY ATTACH THE CABLE TO THE ADJACENT STRUCTURE.,2-1-A22
AUTHORITY,n,,An official organization that gives approval to something,,"BEFORE YOU CHANGE THE PROCEDURE, GET THE APPROVAL OF THE DESIGN AUTHORITY.",2-1-A23
AUTOMATIC,adj,,That operates without other input,,THE AUTOMATIC SYSTEM WILL OPEN THE DOORS.,2-1-A23
AUTOMATICALLY,adv,,That operates without other input,,THE FUEL FLOW STOPS AUTOMATICALLY.,2-1-A23
AUXILIARY,adj,,1. That operates in a secondary function 2. That gives help,,LUBRICANTS FOR THE ENGINE AND THE AUXILIARY EQUIPMENT ARE THE SAME. | USE AUXILIARY SCREWS TO ASSEMBLE THE UNIT TEMPORARILY.,2-1-A24
AVAILABLE,adj,,Prepared or supplied for you to use,,"IF ELECTRICAL POWER IS AVAILABLE, DO A CONTINUITY CHECK.",2-1-A24
AWAY FROM,prep,,In or to a different position or direction,,DO THE WORK IN AN AREA AWAY FROM EQUIPMENT OR METAL FRAME BUILDINGS.,2-1-A24
AXIAL,adj,,Related to an axis,,DO STEPS 1 THRU 4 TO MAKE SURE THAT NO AXIAL LOAD IS ON THE ROD.,2-1-A24
AXIALLY,adv,,Related to an axis,,APPLY THE LOAD AXIALLY.,2-1-A24
BACK,adv,,To an initial condition,,MOVE THE ENGINE THROTTLE BACK TO 60% RPM.,2-1-B1
BAD,adj,"WORSE, WORST",Not satisfactory,Do not use this word if more accurate and clear words are available.,"REFER TO CHAPTER 6 FOR INSTRUCTIONS ABOUT HOW TO PARK IN BAD WEATHER CONDITIONS. | IF THE LENGTH OF THE CRACK IS MORE THAN THE PERMITTED LIMIT, REPLACE THE PART.",2-1-B1
BALANCE,v,"BALANCES, BALANCED, BALANCED",To make equal,,BALANCE THE ELECTRICAL LOADS ON EACH GENERATOR.,2-1-B2
BARE,adj,,Without a surface layer or protection,,BARE METAL SURFACES ARE USUALLY SATISFACTORY FOR AN ELECTRICAL BOND.,2-1-B2
BASIC,adj,,Approved minimum,,THIS MODIFICATION CHANGES THE BASIC CONFIGURATION OF THE SYSTEM.,2-1-B2
BE,v,"IS, WAS, (also ARE, WERE)","1. To occur, exist 2. To have a property, to be equal to",No other verb forms.,"IF THERE IS CORROSION ON THE PUMP VANES, REPLACE THE PUMP. | ACID SOLUTIONS ARE DANGEROUS.",2-1-B3
BECAUSE,conj,,As a result of,,"BECAUSE THE FLUID LEVEL IS INCORRECT, THE SYSTEM WILL NOT OPERATE.",2-1-B3
BECAUSE OF,prep,,As a result of,,"IF YOU CANNOT REMOVE A BOLT BECAUSE OF CORROSION, APPLY PENETRATING OIL.",2-1-B3
BECOME,v,"BECOMES, BECAME",To come to be,No other verb forms.,THE SCREEN BECOMES AVAILABLE.,2-1-B3
BEFORE,conj,,"That precedes a specified time, sequence, or operation",,"BEFORE YOU DISCONNECT THE COMPONENTS, BLEED THE SYSTEM.",2-1-B3
BEFORE,prep,,"That precedes a specified time, sequence, or operation",,THE BAR MOVES DOWN BEFORE 20 SECONDS.,2-1-B3
BEHIND,prep,,In a position at the rear of,,THE PUMP IS INSTALLED BEHIND THE HYDRAULIC MOTOR.,2-1-B4
BELOW,prep,,In (or to) a position farther down than something LESS THAN,"For other meanings, use:",THE DATE IS WRITTEN BELOW THE CYLINDER NECK. | MAKE SURE THAT THE DIAMETER OF THE HOLE IS LESS THAN THE SPECIFIED VALUE.,2-1-B4
BEND,n,,The area where something is bent,,EXAMINE THE BENDS FOR CRACKS.,2-1-B4
BEND,v,"BENDS, BENT, BENT",To change or cause to change from straight to curved,,"BEND THE PIPE CAREFULLY. | THESE PARTS CAN EASILY BEND, BREAK OR BECOME INCORRECTLY ALIGNED.",2-1-B4
BETWEEN,prep,,Related to something before and after in time or position,,MAKE SURE THAT THE STOPWATCH INDICATION IS BETWEEN 2 AND 4 MINUTES.,2-1-B5
BLEED,v,"BLEEDS, BLED, BLED",To let a gas out of,,BLEED THE SPEEDBRAKE HYDRAULIC SYSTEM.,2-1-B5
BLOCKAGE,n,,That which prevents correct operation,,MAKE SURE THAT THERE IS NO BLOCKAGE OF THE PIPE.,2-1-B6
BLOCKED,adj,,That prevents correct operation,,A BLOCKED OIL JET CAN CAUSE INCORRECT OPERATION.,2-1-B6
BLOW,v,"BLOWS, BLEW, BLOWN",To cause gas to move,,BLOW DRY AIR THROUGH THE FEED TUBES.,2-1-B6
BLUNT,adj,,Not sharp,,REMOVE THE SEALANT WITH A BLUNT SCRAPER.,2-1-B6
BOND,n,,1. A connection between structural components for electrical continuity 2. A firm connection with another material,,DO A RESISTANCE CHECK OF THE PRIMARY BONDS. | MAKE SURE THAT THE BOND BETWEEN THE HONEYCOMB CORE AND THE SKIN IS CORRECT.,2-1-B6
BOND,v,"BONDS, BONDED, BONDED",1. To make an electrical bond 2. To attach firmly or become firmly attached with another material,,"THE STATIC DISCHARGER IS ELECTRICALLY BONDED TO THE FRAME. | IF THE FILLER BONDS TO THE TOOL, MAKE THE TOOL MOIST WITH COLD WATER. | WHEN YOU BOND THE MATERIALS, APPLY A THIRD LAYER OF ADHESIVE.",2-1-B7
BOTTOM,adj,,That is lowermost,,REMOVE THE BOTTOM BOLT.,2-1-B7
BOTTOM,n,,The lowermost position,,THE DRAIN PLUG IS AT THE BOTTOM OF THE UNIT.,2-1-B7
BREAK,v,"BREAKS, BROKE, BROKEN",To cause to separate or become separated into parts by force,,"BREAK THE BOND OF THE SEALANT. | IF THE SHEAR PIN BREAKS, DO AN INSPECTION OF THE TOWBAR.",2-1-B8
BREATHE,v,"BREATHES, BREATHED, BREATHED",To get gas into or out of the lungs,,DO NOT BREATHE THE SOLVENT FUMES. | BREATHE INTO THE OXYGEN MASK.,2-1-B8
BRIGHT,adj,"BRIGHTER, BRIGHTEST",That gives much light,,THE NAVIGATION LIGHTS CHANGE FROM DIM TO BRIGHT.,2-1-B8
BRIGHTLY,adv,,In a bright manner,,THE LIGHTS COME ON BRIGHTLY.,2-1-B8
BUBBLE,n,,A small quantity of gas in a liquid or a solid,,ADJUST THE CLINOMETER UNTIL THE BUBBLE IS IN THE CENTER.,2-1-B9
BURN,v,"BURNS, BURNED, BURNED",1. To cause or undergo combustion 2. To cause injury or damage through heat,,THE TURBINE BURNS FUEL. | THE SEALANT BURNS AT 109 DEG. | F. | HOT SURFACES CAN BURN YOU.,2-1-B9
BUT,conj,,On the contrary,,"TIGHTEN THE NUTS, BUT DO NOT TORQUE THEM AT THIS TIME.",2-1-B10
BY,prep,,Mathematical function word,,DIVIDE THE VALUE BY TWO. | INCREASE THE TEMPERATURE BY 10 DEGREES.,2-1-B10
BYPASS,v,"BYPASSES, BYPASSED, BYPASSED",To change a circuit so that it goes past something instead of through it,,"IN THIS CONFIGURATION, THE HYDRAULIC PRESSURE BYPASSES THE VALVE.",2-1-B10
CALCULATE,v,"CALCULATES, CALCULATED, CALCULATED",To find a result by mathematics,,CALCULATE THE PERCENTAGE WITH THE APPLICABLE FORMULA.,2-1-C1
CALIBRATE,v,"CALIBRATES, CALIBRATED, CALIBRATED",To measure and adjust the precision of something,,CALIBRATE THE THERMOMETER TO THE CELSIUS SCALE.,2-1-C1
CALIBRATION,n,,The procedure that calibrates,,WRITE THE RESULTS OF THE CALIBRATION ON THE CORRECTION CHART.,2-1-C1
CAN,v,"CAN, COULD","Auxiliary modal verb that means to be possible, to be able to, or to be permitted to",Do not use COULD (v) to show possibility No other verb forms.,"A MIXTURE OF FUEL AND OXYGEN CAN CAUSE AN EXPLOSION. | YOU CAN CLEAN THE DRAIN HOLES WITH THE CLEANING TOOL. | YOU CAN OPERATE THE VEHICLE AFTER THE INSPECTION IS COMPLETED. | IF YOU DO NOT OBEY THIS WARNING, AN EXPLOSION CAN OCCUR.",2-1-C1
CANCEL,v,"CANCELS, CANCELED, CANCELED",1. To do the necessary steps to stop a process 2. To remove the validity of something,,"IF YOU ACCIDENTALLY PUSH THE SWITCH, CANCEL THE START SEQUENCE. | THIS NEW REVISION AUTOMATICALLY CANCELS THE PREVIOUS ONE.",2-1-C2
CANNOT,v,,Auxiliary modal verb that means to not be able to,,THE WHEEL CANNOT MOVE WHEN THE LOCK IS ENGAGED.,2-1-C2
CAPACITY,n,,The maximum quantity that something can hold or make,,THE CAPACITY OF THE TANK IS 564 LITERS.,2-1-C2
CAREFUL,adj,,With precaution,,BE CAREFUL WHEN YOU REMOVE THE COVER.,2-1-C3
CAREFULLY,adv,,In a careful manner,,CAREFULLY APPLY A BEAD OF SEALING COMPOUND.,2-1-C3
CATCH,v,"CATCHES, CAUGHT, CAUGHT",To stop or prevent the movement of something,"For other meanings, use:",THE LUG ON THE PANEL OPENING CATCHES THE BOTTOM OF THE DRAWER. | DO NOT LET THE TOOL CATCH ON THE PANEL. | COLLECT THE LEAKAGE IN A GRADUATED BEAKER.,2-1-C4
CAUSE,n,,Something that brings about a result,,DO THE TROUBLESHOOTING PROCEDURE TO FIND THE CAUSE OF THE MALFUNCTION.,2-1-C4
CAUSE,v,"CAUSES, CAUSED, CAUSED",To be the cause of,,METAL OBJECTS CAN CAUSE MAGNETIC INTERFERENCE.,2-1-C4
CHANGE,n,,That which occurs when something changes,,THE COLOR CHANGE SHOWS THAT THE TEMPERATURE IS TOO HIGH.,2-1-C5
CHANGE,v,"CHANGES, CHANGED, CHANGED",To become or to cause to become different,"For other meanings, use:","IF THE HUMIDITY CHANGES FREQUENTLY, PUT A COVER ON THE UNIT. | CHANGE THE COLOR OF THE DISPLAY. | REPLACE THE DAMAGED VALVE.",2-1-C6
CHARGE,v,"CHARGES, CHARGED, CHARGED",To accumulate or add electrical energy,"For other meanings, use:",CHARGE THE BATTERY. | MAKE SURE THAT THE BATTERY CHARGES. | FILL THE TANK WITH 10 LITERS OF METHANOL. | PRESSURIZE THE ACCUMULATOR WITH NITROGEN.,2-1-C6
CHECK,n,,The procedure you do to make sure that something operates correctly or has no defects,,DO A CHECK OF THE HYDRAULIC SYSTEM. | DO A CHECK FOR LOOSE FASTENERS.,2-1-C6
CHEMICAL,adj,,Related to a chemical,,REMOVE THE CORROSION WITH AN APPROVED CHEMICAL COMPOUND.,2-1-C7
CHEMICALLY,adv,,Related to a chemical,,REMOVE CORROSION CHEMICALLY.,2-1-C7
CIRCULAR,adj,,That has the shape of a circle,,POLISH THE WINDOW WITH A CIRCULAR MOVEMENT.,2-1-C8
CLEAN,adj,,That does not include dirt or unwanted material,,MAKE SURE THAT THE AREA IS CLEAN.,2-1-C8
CLEAN,v,"CLEANS, CLEANED, CLEANED",To remove dirt or unwanted materials,,CLEAN THE GASKET CONTACT SURFACE.,2-1-C8
CLEAR,adj,,1. Without blockage or interference 2. Easy to understand and without ambiguity,"For other meanings, use:",MAKE SURE THAT THE PITOT AIR INLET IS CLEAR. | ALWAYS GIVE CLEAR INSTRUCTIONS ABOUT SAFETY. | PUT THE UNIT IN A TRANSPARENT PLASTIC BAG.,2-1-C9
CLEARANCE,n,,The space between two objects that must be clear to make sure that they do not touch,,MAKE SURE THAT THERE IS CLEARANCE BETWEEN THE LEVER AND THE ROLLER.,2-1-C9
CLEARLY,adv,,In a clear and not ambiguous manner,,MAKE SURE THAT YOU CAN HEAR THE SIGNALS CLEARLY AT ALL STATIONS.,2-1-C9
CLICK,n,,"A short, sharp sound",,TURN THE ADJUSTER FIVE CLICKS CLOCKWISE.,2-1-C9
CLOCKWISE,adv,,In the direction in which the hands of a clock turn when seen from the front,,TURN THE NOZZLE 40 DEG. | CLOCKWISE.,2-1-C9
CLOGGED,adj,,Blocked with unwanted material.,,"IF THE FILTER IS CLOGGED, REPLACE IT.",2-1-C9
CLOSE,v,"CLOSES, CLOSED, CLOSED","1. To move together, or to move to a position that stops or prevents materials from going in or out 2. To operate a circuit breaker to make an electrical circuit",,CLOSE THE INSTRUMENT PANEL. | MAKE SURE THAT THE DOORS CLOSE FULLY. | MAKE SURE THAT THE CIRCUIT BREAKER IS CLOSED. | MAKE SURE THAT THE CIRCUIT BREAKER CLOSES.,2-1-C10
CODE,n,,"A sequence of symbols, letters, and/or numbers used for identification",,EACH ELECTRICAL SYSTEM HAS A CODE TO IDENTIFY IT.,2-1-C10
COIL,n,,A sequence of loops,,MAKE SURE THAT THE COILS OF THE OXYGEN HOSE DO NOT RUB TOGETHER.,2-1-C11
COLD,adj,"COLDER, COLDEST",At low temperature,,MAKE SURE THAT COLD AIR COMES OUT OF THE OUTLETS.,2-1-C11
COLLECT,v,"COLLECTS, COLLECTED, COLLECTED","To come, or cause to come, together in one location",,FLUID COLLECTS IN THE BOTTOM OF THE COWLING. | COLLECT ALL LOOSE ITEMS AND PUT THEM IN THE CONTAINER.,2-1-C11
COLOR,n,,A property of light,,THE COLOR CHANGES FROM BLUE TO RED.,2-1-C11
COME,v,"COMES, CAME",To move to your location,No other verb forms.,FUMES MUST NOT COME INTO THE CABIN.,2-1-C12
COME ON,v,"COMES ON, CAME ON",To become bright with light when an internal power source is energized,No other verb forms.,THE LIGHTS MUST COME ON.,2-1-C12
COMMUNICATION,n,,"The exchange of information through a common system of symbols, signs, or sounds",,COMMUNICATION BETWEEN THESE TWO SYSTEMS IS ENCRYPTED.,2-1-C13
COMPARE,v,"COMPARES, COMPARED, COMPARED",To examine for differences,,COMPARE THE TWO VALUES.,2-1-C13
COMPATIBLE,adj,,That can operate together satisfactorily or be used together safely,,THIS SOFTWARE IS COMPATIBLE ONLY WITH THE SPECIFIED OPERATING SYSTEM. | THE COOLANT IS COMPATIBLE WITH HIGH-PERFORMANCE ALLOYS.,2-1-C13
COMPLETE,v,"COMPLETES, COMPLETED, COMPLETED",To bring to an end,,COMPLETE THE FUNCTIONAL TEST.,2-1-C14
COMPLETED,adj,,Successfully brought to an end,,SEND THE COMPLETED REPORT TO THE SUPERVISOR FOR APPROVAL.,2-1-C14
COMPONENT,n,,"A part, subassembly, or unit that has a specified function",,CLEAN THESE COMPONENTS WITH APPROVED SOLVENTS.,2-1-C15
COMPRESS,v,"COMPRESSES, COMPRESSED, COMPRESSED",To decrease or cause to decrease in dimension or volume,,"COMPRESS THE SPRING AND CAREFULLY INSTALL THE COVER. | WHEN THE SPRING COMPRESSES, THE VALVE OPENS.",2-1-C15
CONCENTRATION,n,,The strength of something contained in a mixture,,"IN A HIGH CONCENTRATION, THIS MATERIAL IS POISONOUS.",2-1-C15
CONCENTRIC,adj,,That has a common center,,THE EXTERNAL DIAMETER MUST BE CONCENTRIC TO THE INTERNAL DIAMETER.,2-1-C15
CONDENSATION,n,,The result when a gas changes into a liquid,,SET THE SWITCH TO THE “ON” POSITION TO REMOVE THE CONDENSATION.,2-1-C16
CONDITION,n,,1. Something that is necessary for what occurs 2. The state of an item,Use IF (conj) for “on the condition that.”,"THESE INITIAL CONDITIONS ARE NECESSARY TO GET CORRECT RESULTS. | DO A CHECK OF THE UNIT CONDITION. | IF THERE IS NO WIND, DO THE TEST OUTDOORS.",2-1-C16
CONNECT,v,"CONNECTS, CONNECTED, CONNECTED",To come together or cause to come together to make one unit or system,,CONNECT THE ELECTRICAL CONNECTORS TO THE INSTRUMENT. | PLUG “A” CONNECTS TO SOCKET “B.”,2-1-C17
CONNECTION,n,,That which connects or is connected,,MAKE SURE THAT ALL THE FUEL AND AIR CONNECTIONS ARE INSTALLED.,2-1-C17
CONSTANT,adj,,"That continues to be the same, without change",,MAKE SURE THAT THE CABIN PRESSURE STAYS CONSTANT.,2-1-C18
CONSTANTLY,adv,,Incessantly,,THE INSTRUMENT WILL CONSTANTLY SHOW THIS VALUE.,2-1-C18
CONTACT,v,"CONTACTS, CONTACTED, CONTACTED",To start communication,"For other meanings, use:",CONTACT CUSTOMER SERVICES. | TIGHTEN THE FIXTURE SCREW UNTIL IT TOUCHES THE SURFACE.,2-1-C18
CONTAIN,v,"CONTAINS, CONTAINED, CONTAINED",To have in something or hold in something,,EACH SURVIVAL KIT CONTAINS THESE ITEMS:,2-1-C19
CONTAINER,n,,"Something that holds fluids, materials, or objects",,PUT THE CONTAINER BELOW THE DRAIN PLUG.,2-1-C19
CONTAMINATION,n,,Unwanted change of the original condition of a material because of chemical or physical agents or a material that causes such a change,,DUST CAN CAUSE CONTAMINATION ON ALL FILTERS.,2-1-C19
CONTENTS,n,,Something that is in a container,,EXAMINE THE CONTENTS OF THE BOX FOR MISSING ITEMS.,2-1-C19
CONTINUE,v,"CONTINUES, CONTINUED, CONTINUED",To stay or keep in current condition or operation,,"CONTINUE THE TEST. | IF THE LOW PRESSURE CONDITION CONTINUES, REPLACE THE UNIT.",2-1-C19
CONTINUOUS,adj,,That continues,,MAKE SURE THAT THERE IS CONTINUOUS MOVEMENT OF THE PROBE.,2-1-C20
CONTINUOUSLY,adv,,In a continuous manner,,APPLY PRESSURE CONTINUOUSLY.,2-1-C20
CONTOUR,n,,The outer line of something,,CUT ALONG THE CONTOUR TO REMOVE THE DAMAGED SKIN.,2-1-C20
CONTROL,n,,Something that controls,,"IN AN EMERGENCY, USE THE MANUAL CONTROL.",2-1-C20
CONTROL,v,"CONTROLS, CONTROLLED, CONTROLLED","To give or send signals that adjust, operate, or keep something to a limit, or that cause something to operate",,RADIO MASTER SWITCH 1 CONTROLS THE BUS BAR.,2-1-C20
COOL,adj,,Moderately cold,,"WHEN THE AREA IS SUFFICIENTLY COOL, POLISH THE SURFACE.",2-1-C20
COPY,n,,An object made the same as another object,,SEND FIVE COPIES OF THE DEFECT REPORT TO THE ENGINEERING AUTHORITY.,2-1-C21
CORNER,n,,"The point or the angle made when lines, sides, or edges touch",,EXAMINE THE OPENING FOR CRACKS THAT START AT ITS CORNERS.,2-1-C21
CORRECT,adj,,That agrees with all that is necessary to the maximum,,MAKE SURE THAT THE POLARITIES ARE CORRECT.,2-1-C21
CORRECT,v,"CORRECTS, CORRECTED, CORRECTED",To make correct,,CORRECT THE TENSION.,2-1-C21
CORRECTION,n,,A change to make something correct,,DO NOT MAKE THE CORRECTION AT THIS HEADING.,2-1-C22
CORRECTLY,adv,,In a correct manner,,MAKE SURE THAT THE CIRCLIP IS CORRECTLY INSTALLED.,2-1-C22
COUNT,v,"COUNTS, COUNTED, COUNTED",To add the number of objects or occurrences to get a total,,COUNT THE NUMBER OF TREADS ON THE TIRE.,2-1-C23
COUNTERCLOCKWISE,adv,,In the opposite direction to clockwise,,MAKE SURE THAT YOU TURN THE CONTROL KNOB COUNTERCLOCKWISE.,2-1-C23
CURVE,n,,The shape of THE something which is CURVE bent but which has no MINIMUM angles,,RADIUS OF THE MUST BE A OF 8 mm.,2-1-C24
CUT,v,"CUTS, CUT, CUT",1. To divide into CUT parts THREE 2. To remove with a CUT sharp tool THE,LENGTHS.,THE CABLE INTO EQUAL AND DISCARD LOCKWIRE.,2-1-C24
CYCLE,n,,One complete SET sequence of operation THREE,MINUTE.,THE SWITCH TO CYCLES A,2-1-C24
DAMAGE,n,,The result of an occurrence that causes deterioration of the condition of something,,EXAMINE THE SURFACE FOR DAMAGE.,2-1-D1
DAMAGED,adj,,That has or can be affected by damage,,REPLACE THE DAMAGED PARTS.,2-1-D1
DANGEROUS,adj,,"That can cause injury, damage to health or can kill",,IT IS DANGEROUS TO USE AIR IN THIS SYSTEM.,2-1-D1
DATA,n,,1. Known facts 2. Numbers and symbols used by computers,You can also use the singular.,MAKE SURE THAT YOU GET ALL THE DATA ABOUT THE PROBLEM. | DO A TEST TO FIND IF THE MANAGEMENT UNIT TRANSMITS THESE DATA. | DO A TEST TO FIND IF THE MANAGEMENT UNIT TRANSMITS THIS DATA,2-1-D2
DATE,n,,The time at which an event occurs,,"ON THE LABEL, READ THE DATE OF THE LAST INSPECTION.",2-1-D2
DEACTIVATE,v,,"To make a system, function, or feature no longer ready for","operation For other meanings, use:",SET THE SWITCH TO THE STANDBY POSITION TO DEACTIVATE THE MONITORING BOX. | STOP THE MOTOR.,2-1-D2
DECISION,n,,The result after you think about a problem,,MAKE A DECISION ABOUT WHICH PROCEDURE YOU WILL USE.,2-1-D3
DECREASE,v,"DECREASES, DECREASED, DECREASED",To make or become smaller or lower,,DECREASE THE HEADING INDICATIONS.,2-1-D4
DEDICATED,adj,,That is used only for one purpose,,A DEDICATED TOOL IS NECESSARY FOR THE INSTALLATION OF THE UNIT.,2-1-D4
DE-ENERGIZE,v,"DE-ENERGIZES, DE-ENERGIZED, DE-ENERGIZED",To remove electrical power from,,DE-ENERGIZE THE AC AND DC BUSBARS.,2-1-D4
DEEP,adj,"DEEPER, DEEPEST",That has a specified depth,,MAKE SURE THAT THE HOLE IS 20 mm DEEP.,2-1-D4
DEFECTIVE,adj,,Unserviceable for operation,,REPLACE THE DEFECTIVE BOOSTER PUMP.,2-1-D4
DEFLATE,v,"DEFLATES, DEFLATED, DEFLATED",To make or become smaller as a result of depressurization,,"DEFLATE THE TIRE TO A PRESSURE OF 2 bar (29 psi). | IF THE WHEEL TEMPERATURE INCREASES TO MORE THAN 177 DEG., THE CORE OF THE FUSIBLE PLUG MELTS AND THE TIRE DEFLATES.",2-1-D5
DEFUEL,v,"DEFUELS, DEFUELED, DEFUELED",To remove fuel,,DEFUEL THE TANK.,2-1-D5
DEPLOY,v,"DEPLOYS, DEPLOYED, DEPLOYED",To move or cause to move from a specified position of storage and into operation,,"WHEN THE THRUST REVERSER DEPLOYS, KEEP PERSONNEL AWAY FROM THE AIRCRAFT. | DEPLOY THE SLIDE RAFT.",2-1-D7
DEPTH,n,,"The distance from the top down, from the surface down, from the front surface to the rear surface",,MEASURE THE DEPTH OF THE DENT AS SHOWN IN FIGURE 4.,2-1-D7
DETERIORATION,n,,A worse condition,,THIS CONDITION WILL CAUSE DETERIORATION OF THE SURFACE.,2-1-D9
DEVICE,n,,Something used to do a task,,INSTALL THE SAFETY DEVICES.,2-1-D10
DIAGONALLY,adv,,In a diagonal direction,,APPLY THE FIRST LAYER OF TAPE ACROSS THE CUTOUT AND THE SECOND AND THIRD LAYERS DIAGONALLY.,2-1-D10
DIFFERENCE,n,,"That which is different between two quantities, numbers, or functions",,THE DIFFERENCE BETWEEN THE TWO DIMENSIONS MUST NOT BE MORE THAN 0.10 mm.,2-1-D10
DIFFERENT,adj,,Not the same,,"IF THE INDICATIONS ARE DIFFERENT, DO THESE STEPS.",2-1-D11
DIFFERENTLY,adv,,In a different manner,,THE TWO EXTRACTORS OPERATE DIFFERENTLY.,2-1-D11
DIGITAL,adj,,Related to digits,,CONNECT THE PRODS OF THE DIGITAL VOLTMETER.,2-1-D11
DIGITALLY,adv,,Given by digits,,THE VALUE IS SHOWN DIGITALLY ON THE DISPLAY.,2-1-D11
DIM,adj,"DIMMER, DIMMEST",Not bright,,"DURING NIGHT OPERATION, MAKE SURE THAT THE PANEL LIGHTS ARE DIM.",2-1-D12
DIMENSION,n,,The result when something is measured in one direction,,DIMENSION “A” MUST NOT BE MORE THAN 50 PERCENT OF DIMENSION “D.”,2-1-D12
DIMLY,adv,,Not bright,,MAKE SURE THAT THE LIGHT COMES ON DIMLY.,2-1-D12
DIRECTION,n,,The line on which something moves or is pointed,,THE ARROW ON THE VALVE BODY SHOWS THE DIRECTION OF THE FLOW.,2-1-D12
DIRECTLY,adv,,In a direct procedure or by direct effect,,DO NOT FILL THE SYSTEM DIRECTLY FROM A HIGH-PRESSURE STORAGE CYLINDER.,2-1-D12
DIRTY,adj,"DIRTIER, DIRTIEST",Not clean,,A DIRTY CONTACT IN THE CONNECTION UNITS WILL CAUSE THEM TO OPERATE INCORRECTLY.,2-1-D12
DISARM,v,"DISARMS, DISARMED, DISARMED",1. To remove armaments 2. To prevent automatic operation,,DISARM THE AIRCRAFT. | DISARM THE LIFT DUMPER.,2-1-D13
DISASSEMBLE,v,"DISASSEMBLES, DISASSEMBLED, DISASSEMBLED",To take an assembly apart,,DISASSEMBLE THE VALVE ASSEMBLY.,2-1-D13
DISCARD,v,"DISCARDS, DISCARDED, DISCARDED",To not use again,,REMOVE THE O-RINGS AND DISCARD THEM.,2-1-D13
DISCONNECT,v,"DISCONNECTS, DISCONNECTED, DISCONNECTED","To separate something from the thing that it is connected to, or to become separated",,"DISCONNECT THE POWER SUPPLY. | WHEN YOU TOUCH THIS ICON, THE COMPUTER DISCONNECTS FROM THE INTERNET.",2-1-D13
DISENGAGE,v,"DISENGAGES, DISENGAGED, DISENGAGED",To release or become released from something that engages,,"BEFORE YOU START THE ENGINE, DISENGAGE THE CLUTCH. | IF THERE IS A MALFUNCTION, THE GEARS WILL AUTOMATICALLY DISENGAGE.",2-1-D14
DISPLAY,n,,A visual indication,,A NUMBER IN THE TOP LEFT CORNER OF THE DISPLAY REFERS TO THE RELATED PAGE.,2-1-D14
DISTANCE,n,,The dimension between two points or objects,,MEASURE THE DISTANCE BETWEEN POINTS “A” AND “B.”,2-1-D15
DIVIDE,v,"DIVIDES, DIVIDED, DIVIDED",1. To separate into parts or groups 2. To do mathematical division,,"YOU CAN DIVIDE THE DRAINS INTO THREE GROUPS. | THE PRESSURE LINES DIVIDE AND GO IN DIFFERENT DIRECTIONS. | TO FIND THE MIDDLE POINT, DIVIDE THE MEASURED CLEARANCE BY TWO.",2-1-D16
DO,v,"DOES, DID, DONE","1. To complete a procedure, task, or step 2. As an auxiliary verb a. As part of a b. As part of a",negative command or statement question,DO A FUNCTIONAL TEST. | DO NOT BREATHE THE SOLVENT FUMES. | DOES THE LIGHT COME ON?,2-1-D16
DOWN,adj,,In a position below,,MAKE SURE THAT THE ANCHOR IS DOWN.,2-1-D17
DOWN,adv,,To a position below,,THE POINTER MOVES DOWN.,2-1-D17
DOWN,prep,,To a position below,,LET THE SLEEVE MOVE DOWN THE GUIDE TUBE.,2-1-D17
DOWNSTREAM,adj,,In the direction of the flow,,DISCONNECT THE DOWNSTREAM CONNECTION.,2-1-D17
DOWNSTREAM,adv,DOWNSTREAM,In the direction of the flow In the direction of the,,MOVE THE PROBE DOWNSTREAM AND MONITOR THE TEMPERATURE AGAIN. | DISCONNECT THE,2-1-D17
OF,prep,,flow,,CONNECTION WHICH IS DOWNSTREAM OF THE VALVE.,2-1-D17
DRAIN,v,"DRAINS, DRAINED, DRAINED",To remove liquid,,DRAIN THE SYSTEM FULLY.,2-1-D17
DRINK,v,"DRINKS, DRANK,",To consume liquid,"For safety instructions, use: No other verb forms.",DO NOT DRINK IN THE WORK AREA. | DO NOT SWALLOW THE SOLVENT.,2-1-D18
DROP,n,,A small quantity of liquid in a spherical shape,,MAKE SURE THAT NO DROPS OF ADHESIVE FALL ONTO THE MATERIAL.,2-1-D18
DRY,adj,"DRIER, DRIEST",Without liquid or moisture,,MAKE SURE THAT THE SURFACE IS DRY.,2-1-D19
DRY,v,"DRIES, DRIED, DRIED","To remove liquid or moisture, or to become dry",,DRY THE FILTER IN AN OVEN. | LET THE PAINT DRY AT THE AMBIENT TEMPERATURE.,2-1-D19
DURING,prep,,In or for a specified time,,MONITOR THE INDICATIONS DURING THE RETRACTION TEST.,2-1-D19
EACH,adj,,"Every one of two or more objects or persons, seen together as a group but identified separately",,MAKE SURE THAT THE SWITCH IN EACH PANEL IS SET TO “OFF.”,2-1-E1
EACH,pron,,"Every one of two or more objects or persons, seen together as a group but identified separately",,"INSTALL TWO SPACERS, EACH WITH A THICKNESS OF 3.5 mm.",2-1-E1
EACH OTHER,pron,,Each of two or more in reciprocal action or relation,,"WHEN YOU REMOVE THE PROBES, DO NOT LET THEM TOUCH EACH OTHER.",2-1-E1
EASILY,adv,,Without difficulty,,OXIDATION OCCURS VERY EASILY.,2-1-E2
EASY,adj,"EASIER, EASIEST",Without difficulty,,USE THE LEFT OPENING FOR EASY ACCESS.,2-1-E2
EAT,v,"EATS, ATE",To consume food,"For safety instructions, use: No other verb forms.",DO NOT EAT IN THE WORK AREA. | DO NOT SWALLOW THE POTTING COMPOUND.,2-1-E2
EDGE,n,,A line that is the intersection of two surfaces of a solid object,,THE DISTANCE BETWEEN THE EDGE OF THE PANEL AND THE PARTITION MUST NOT BE MORE THAN 0.05 mm.,2-1-E2
EFFECT,n,,The result of a cause,,"WHEN DUST MIXES WITH OIL, IT HAS AN ABRASIVE EFFECT.",2-1-E2
EJECT,v,"EJECTS, EJECTED, EJECTED",To move or to cause a person or item to move from an aircraft or equipment with force,,"IF YOU PULL THE EJECTION SEAT HANDLE, THE SEAT WILL EJECT.",2-1-E3
ELECTRIC,adj,,Operated by electricity,,"IF THE HYDRAULIC PUMP DOES NOT SUPPLY A PRESSURE OF 3000 psi, USE THE ELECTRIC PUMP.",2-1-E4
ELECTRICAL,adj,,Related to electricity,,SUPPLY ELECTRICAL POWER TO THE SYSTEM.,2-1-E4
ELECTRICALLY,adv,,Related to or operated by electricity,,THE SYSTEM IS HYDRAULICALLY OPERATED AND ELECTRICALLY CONTROLLED.,2-1-E4
ELECTROMAGNETIC,adj,,Related to electromagnetism,,THE ELECTROMAGNETIC TEST PROCEDURE USES ELECTROMAGNETIC FORCE.,2-1-E4
ELECTROMAGNETICALLY,adv,,Related to electromagnetism,,THE SYSTEM OPERATES ELECTROMAG- NETICALLY.,2-1-E4
ELECTRONIC,adj,,Related to or operated by electronics,,THIS BAY CONTAINS SOME OF THE ELECTRONIC EQUIPMENT.,2-1-E4
ELECTRONICALLY,adv,,Related to or operated by electronics,,THIS UNIT IS ELECTRONICALLY CONTROLLED.,2-1-E4
EMERGENCY,n,,A condition that occurs suddenly and is dangerous,,"IN AN EMERGENCY, BREAK THE GLASS.",2-1-E5
EMPTY,adj,,Without contents,,MAKE SURE THAT THE RESERVOIR IS EMPTY.,2-1-E5
END,n,,"Where time, distance, or sequence are completed",,EXAMINE THE SHACKLE AT THE END OF THE SLING.,2-1-E6
ENERGIZE,v,"ENERGIZES, ENERGIZED, ENERGIZED",To supply electrical power to,,ENERGIZE THE AC AND DC BUSBARS.,2-1-E6
ENGAGE,v,"ENGAGES, ENGAGED, ENGAGED",To correctly align and come together,,ENGAGE THE CLUTCH. | MAKE SURE THAT THE CLUTCH ENGAGES.,2-1-E6
ENTRANCE,n,,An opening to go into a space,,PUT SAFETY BARRIERS AT THE ENTRANCE TO THE WORK AREA.,2-1-E7
ENTRY,n,,A record of an occurrence,,MAKE AN ENTRY IN THE LOG CARD.,2-1-E8
EQUAL,adj,,"The same dimension, quality, quantity, or number",,MAKE SURE THAT THERE IS AN EQUAL DISTANCE BETWEEN THE HOLES.,2-1-E8
EQUALLY,adv,,"The same dimension, quality, quantity, or number",,ADJUST THE TURNBUCKLES EQUALLY.,2-1-E8
EQUIPMENT,n,,The objects or tools used for operation and maintenance,,REMOVE ALL THE EQUIPMENT FROM THE WORK AREA.,2-1-E8
EQUIVALENT,adj,,"Has the same properties, functions, or values",,MATERIALS (REF. | No. | 2) AND (REF. | No. | 18) ARE EQUIVALENT.,2-1-E8
EQUIVALENT,n,,"Something that has the same properties, functions, or values",,"USE CLEANING COMPOUND ARDROX 6025, OR AN EQUIVALENT.",2-1-E8
ERASE,v,"ERASES, ERASED, ERASED",To remove data from a medium,,ERASE THE TAPE.,2-1-E8
ERROR,n,,The difference from that which is correct or accurate,,"IF THE ERROR IS MORE THAN 3 DEG., CALIBRATE THE COMPASS.",2-1-E9
ESTIMATE,n,,"A calculated, approximate result",,MAKE AN ESTIMATE OF THE NECESSARY QUANTITY OF PAINT.,2-1-E9
EXAMINE,v,"EXAMINES, EXAMINED, EXAMINED",To look carefully at,,EXAMINE THE COMPUTER FOR DAMAGE.,2-1-E12
EXAMPLE,n,,Something from a group which has the same qualities as the group,,FIGURE 2 IS AN EXAMPLE OF A REPAIR PROCEDURE FOR A DAMAGED WEB.,2-1-E12
EXHAUST,n,,The gas from an engine,,THE EXHAUST FROM THE APU IS DANGEROUS.,2-1-E15
EXIT,n,,An opening to go out of a space,,MAKE SURE THAT ALL THE EMERGENCY EXITS ARE CLEAR OF UNWANTED OBJECTS.,2-1-E15
EXPAND,v,"EXPANDS, EXPANDED, EXPANDED","To increase in dimension, volume, or time",,THE BELLOWS MUST EXPAND. | HEAT EXPANDS THE GAS IN THE CONTAINER.,2-1-E16
EXPIRED,adj,,More than the permitted life,,MAKE SURE THAT THE SHELF LIFE IS NOT EXPIRED.,2-1-E16
EXPLOSION,n,,The effect when an explosive material quickly releases its energy,,THIS CONDITION CAN CAUSE AN EXPLOSION.,2-1-E16
EXPLOSIVE,adj,,That can cause an explosion,,THE SAFETY PRECAUTIONS THAT FOLLOW ARE APPLICABLE TO EXPLOSIVE ITEMS.,2-1-E16
EXTEND,v,"EXTENDS, EXTENDED, EXTENDED","To increase, or cause something to increase, in dimension or range",,FULLY EXTEND THE JACK RAM. | MAKE SURE THAT THE RODS EXTEND AND RETRACT.,2-1-E17
EXTENSION,n,,1. The action when something extends 2. The result when something extends,,MAKE SURE THAT THE EXTENSION OF THE ACTUATOR IS SMOOTH. | THE TOTAL EXTENSION OF THE PISTON IS 125 mm.,2-1-E17
EXTERNAL,adj,,"Of, or on, the outer side",,CONNECT THE EXTERNAL POWER SUPPLY.,2-1-E17
EXTERNALLY,adv,,"Of, or on, the outer side",,THE CONTROL BOX IS INSTALLED EXTERNALLY.,2-1-E17
EXTINGUISH,v,"EXTINGUISHES, EXTINGUISHED, EXTINGUISHED",To stop burning GO OFF BE OFF,"For lights or lamps, use :","TO EXTINGUISH A FIRE IN THE ENGINE, ACTIVATE THE FIRE SUPPRESSION SYSTEM IMMEDIATELY. | WHEN THE FLAME EXTINGUISHES, STOP THE FUEL SUPPLY. | THE “AUTO BRK” PUSHBUTTON LIGHT GOES OFF. | MAKE SURE THAT THE GREEN LIGHT ON THE PANEL IS OFF.",2-1-E18
FACE,n,,The front surface of an object,This word is a technical noun when it refers to a part of the body.,"CLEAN THE FACE OF THE INDICATOR. | WHEN YOU DO MAINTENANCE ON THE WASTE WATER SYSTEM, DO NOT TOUCH YOUR FACE WITH YOUR GLOVES.",2-1-F1
FACT,n,,Something that occurred or is correct,,GET ALL THE FACTS ABOUT THE INCIDENT FROM THE PILOT.,2-1-F1
FALL,v,"FALLS, FELL, FALLEN",To move down by the force of gravity,,MAKE SURE THAT THE TOOLS DO NOT FALL INTO THE ENGINE.,2-1-F3
FAR,adj,"FARTHER, FARTHEST",At or to a relatively large distance,,REMOVE THE BOLT THAT IS FARTHEST FROM THE CENTER.,2-1-F3
FAST,adj,"FASTER, FASTEST",At high speed,,A FAST MOVEMENT OF THE THROTTLE WILL CAUSE A SURGE.,2-1-F3
FEATHER,v,"FEATHERS, FEATHERED, FEATHERED",To put a propeller to a position of minimum drag,,PUT THE CONDITION LEVER IN THE FTR POSITION TO FEATHER THE PROPELLER.,2-1-F5
FEEL,v,"FEELS, FELT, FELT",To touch to find,,CAREFULLY LIFT THE MAGNETIC LEVEL INDICATOR UNTIL YOU FEEL THE MAGNETS.,2-1-F5
FILL,v,"FILLS, FILLED, FILLED","To put into a container or a space to the maximum level or, if specified, to a given level, pressure, or quantity",,FILL THE TANK WITH METHANOL. | MAKE SURE THAT THE RESERVOIR FILLS WITH WATER.,2-1-F5
FILTERED,adj,,That has gone through a filter,,DRY THE UNIT WITH LOW-PRESSURE FILTERED AIR.,2-1-F6
FIND,v,"FINDS, FOUND, FOUND","To discover, to examine something so that you know",,YOU CAN FIND THE NUMBERS ON THE SWITCH.,2-1-F6
FINISH,n,,The result of a finishing procedure,,DO NOT CAUSE DAMAGE TO THE SURFACE FINISH OF THE HOUSING.,2-1-F6
FIRE,n,,The light and/or heat from a material when it burns,,"IF THERE IS A FIRE IN THE ENGINE COMPARTMENT, YOU WILL HEAR THE GONG.",2-1-F6
FIRE,v,"FIRES, FIRED, FIRED","To ignite, or to operate items that contain an explosive material",,"FIRE THE CARTRIDGES. | WHEN YOU PUSH THE AGENT PUSHBUTTON, THE FIRE EXTINGUISHER CARTRIDGE FIRES.",2-1-F7
FIRST,adv,,Before other persons or things,,FILL THE INNER TANKS FIRST.,2-1-F7
FIT,n,,"The relation between two related parts, a limit of tolerance",,YOU WILL FIND DATA ABOUT FITS AND CLEARANCES IN SECTION 9001.,2-1-F7
FLAME,n,,Burning gas,,"IF YOU SEE FLAMES FROM THE EXHAUST PIPE, STOP THE ENGINE.",2-1-F7
FLAMMABLE,adj,,That burns easily,,THE SOLVENT IS FLAMMABLE.,2-1-F8
FLANGE,n,,An end surface at an angle,,MAKE SURE THAT THE FLANGE IS NOT DAMAGED.,2-1-F8
FLASH,v,"FLASHES, FLASHED, FLASHED",To come on and go off frequently,,THE RED LIGHTS FLASH IN HALF-SECOND INTERVALS.,2-1-F8
FLAT,adj,"FLATTER, FLATTEST",That has a continuous surface in the same plane,,LUBRICATE ONE SIDE OF THE FLAT WASHERS.,2-1-F8
FLEXIBLE,adj,,That can easily bend again and again,,CONNECT THE FLEXIBLE HOSES TO THE PUMP.,2-1-F8
FLIGHT,n,,The time an aircraft is in the air,,"AFTER EACH FLIGHT, READ THE COUNTER UNIT INDICATIONS.",2-1-F8
FLOW,n,,A continuous movement of fluid,,AN ARROW ON THE FUEL VALVE SHOWS THE DIRECTION OF THE FLOW.,2-1-F9
FLOW,v,"FLOWS, FLOWED, FLOWED",To move as a fluid moves,,"THE OIL MUST FLOW OUT OF THE VALVE. | WHEN THE VALVE OPENS, AIR FLOWS INTO THE INLET.",2-1-F9
FLUID,n,,Liquid or gas,,THESE FLUIDS CAN CAUSE CORROSION.,2-1-F9
FLUSH,adj,,Of a surface that is level or continuous with another surface,,MAKE SURE THAT THE DOOR IS FLUSH WITH THE FUSELAGE SKIN.,2-1-F9
FLUSH,v,"FLUSHES, FLUSHED, FLUSHED",To remove something or to operate with a flow of liquid,,FLUSH THE TUBES WITH PRESSURIZED FUEL. | MAKE SURE THAT THE TOILET ASSEMBLY FLUSHES CORRECTLY.,2-1-F9
FOLD,v,"FOLDS, FOLDED, FOLDED",To double over or to cause to double over on itself,,DISENGAGE THE UPPER AND LOWER GUIDE ARMS AND FOLD THEM BACK. | THE BICYCLE CAN FOLD FOR EASY STORAGE.,2-1-F9
FOLLOW,v,"FOLLOWS, FOLLOWED, FOLLOWED","To come after, to go after","For other meanings, use:","THIS TEST FOLLOWS THE INSTALLATION OF THE HP PUMP. | DO THE PROCEDURE THAT FOLLOWS. | FOLLOW THE GREEN LIGHTS TO THE NEAREST STAIRCASE. | WHEN YOU USE THIS MATERIAL, OBEY THE MANUFACTURER’S INSTRUCTIONS.",2-1-F10
FOR,prep,FOR EXAMPLE,"Function word that shows purpose, intent, time, result, or the object of an action Used to introduce something chosen as a typical case",,"LET THE POTTING COMPOUND DRY FOR ONE HOUR. | OBEY THE REMOVAL PROCEDURES FOR THE COMPONENTS. | WHEN YOU REMOVE THE STUD, USE APPLICABLE TOOLS. | FOR EXAMPLE, USE A PLASTIC MALLET AND A PUNCH.",2-1-F10
FORWARD,adj,,Nearer to the front,,THE CONTROL UNIT IS INSTALLED IN THE FORWARD PART OF THE CARGO COMPARTMENT.,2-1-F11
FORWARD,adv,,In the direction of the front,,MOVE THE LEVERS FORWARD.,2-1-F11
FORWARD OF,prep,,At a position nearer to the front,,THE TENSION REGULATOR IS INSTALLED FORWARD OF THE PRESSURE BULKHEAD.,2-1-F11
FREE,adj,,That can move easily,"Do not use compound adjectives with free, for example, lintfree, dustfree, unless they are technical nouns.",MAKE SURE THAT THE NUTS ARE FREE TO TURN ON THE SLEEVES. | MAKE SURE THAT THERE IS NO DUST ON THE SURFACE.,2-1-F12
FREELY,adv,,That can move easily,,OXYGEN MUST FLOW FREELY FROM THE END OF THE HOSE.,2-1-F13
FREEZE,v,"FREEZES, FROZE, FROZEN",To go or cause to go to a temperature below the freezing point of a liquid (usually of water),,"FREEZE THE BUSHINGS AS FOLLOWS: IF YOU THINK THAT THE WATER WILL FREEZE, ADD ANTIFREEZE.",2-1-F13
FREQUENT,adj,,That occurs or is found often at short intervals,,FREQUENT INSPECTIONS OF THESE AREAS ARE NECESSARY.,2-1-F13
FREQUENTLY,adv,,At frequent or short intervals,,MONITOR THE INDICATORS FREQUENTLY.,2-1-F13
FROM,prep,,"Function word that shows a point of departure for movement, time, distance, action, or separation",,REMOVE THE PROTECTIVE COVER FROM THE NEW ASSEMBLY.,2-1-F13
FRONT,adj,,Nearer to the person that looks or a reference point,Refer also to IN FRONT OF.,THERE IS A “FAULT” LIGHT ON THE FRONT FACE OF THE COMPUTER.,2-1-F13
FRONT,n,,The front part or the front surface,,CLEAN THE FRONT OF THE MOUNTING FLANGE WITH SOLVENT.,2-1-F13
FULL,adj,"FULLER, FULLEST","At or related to maximum travel, length, quantity, or detail",,MAKE SURE THAT THE RESERVOIR IS FULL.,2-1-F14
FULLY,adv,,"At or related to maximum travel, length, quantity, or detail",,TURN THE CONTROL TO THE FULLY CLOSED POSITION.,2-1-F14
FUNCTION,n,,Action or activity that a person or thing does,,THE PRIMARY FUNCTION OF THIS UNIT IS TO CONTROL THE FUEL FLOW.,2-1-F14
GAS,n,,A fluid that has no shape or volume and that can expand,,THE TEMPERATURE SENSING UNIT IS A CAPILLARY TUBE FILLED WITH GAS.,2-1-G2
GENERAL,adj,,"Of, or related to something as a whole, not detailed",,THIS SECTION GIVES GENERAL MAINTENANCE PROCEDURES.,2-1-G2
GET,v,"GETS, GOT","To obtain, to come into the state of having","Do not use this word to mean BECOME, GO, DECREASE, INCREASE. Refer to rule 9.2 and the entries from “get” until “get to” that follow. No other verb forms.","IF YOU GET THE FLUID ON YOUR SKIN, FLUSH YOUR SKIN IMMEDIATELY WITH CLEAN WATER.",2-1-G4
GIVE,v,"GIVES, GAVE, GIVEN",To provide,,THIS SECTION GIVES THE CLEANING PROCEDURES FOR THE DISASSEMBLED PARTS.,2-1-G5
GLOSSY,adj,"GLOSSIER, GLOSSIEST",Smooth and shiny,,APPLY THE PATCH WITH THE MATT SIDE AGAINST THE GLOSSY SURFACE.,2-1-G5
GO,v,"GOES, WENT",To move to or from something,No other verb forms.,MAKE SURE THAT THE POINTER GOES OUT OF VIEW.,2-1-G6
GO OFF,v,"GOES OFF, WENT OFF",To become dark when an internal power source is de-energized,No other verb forms.,THE ANNUNCIATOR LIGHT GOES OFF.,2-1-G6
GOOD,adj,"BETTER, BEST",That is satisfactory,,THIS MATERIAL GIVES GOOD PROTECTION FROM CORROSION.,2-1-G6
GRADUALLY,adv,,Slowly and continuously,,GRADUALLY OPEN THE COCKS ON THE RECHARGING UNIT.,2-1-G7
GROOVE,n,,A long channel that is not wide,,INSTALL THE O-RING IN ITS GROOVE ON THE PISTON.,2-1-G8
GROUND,n,,The surface of the earth,,YOU CAN ONLY DO THIS PROCEDURE ON THE GROUND.,2-1-G8
GROUND,v,"GROUNDS, GROUNDED, GROUNDED",To connect to the ground or to a large object of zero potential,,GROUND THE FUEL TANKS.,2-1-G8
GROUP,n,,Objects that are related,,THIS GROUP OF SEALING COMPOUNDS IS ALSO APPLICABLE IN AN EMERGENCY.,2-1-G8
HANG,v,"HANGS, HUNG, HUNG",To attach or to be attached to something above with no support from below,,HANG THE SHACKLE ON THE HOIST. | LOWER THE PLATFORM ASSEMBLY UNTIL IT HANGS ON THE SUPPORT FRAME.,2-1-H1
HARD,adj,"HARDER, HARDEST","Not easy to cut, not easy to go into or through",,"IF THE SURFACE IS HARD, USE A CARBIDE DRILL.",2-1-H1
HAVE,v,"HAS, HAD",To possess as a part or quality,No other verb forms.,THE SYSTEM HAS AN EMERGENCY WARNING DEVICE.,2-1-H3
HEAD,n,,The top of something,,MAKE SURE THAT THE HEAD OF THE BOLT IS DOWN.,2-1-H3
HEAR,v,"HEARS, HEARD, HEARD",To know by sound in the ear,,MAKE SURE THAT YOU HEAR THE AUDIO SIGNALS IN ALL THE CREW HEADSETS.,2-1-H3
HEAT,n,,The condition or quality of being hot,,USE HEAT TO CURE THE POLYSULPHIDE SEALANT.,2-1-H3
HEAVY,adj,"HEAVIER, HEAVIEST","That has a large mass, weight, or force",,A SUPPORT WILL BE NECESSARY BECAUSE THE CONTROL UNIT IS HEAVY.,2-1-H4
HEIGHT,n,,The vertical distance,,THE HEIGHT FROM THE GROUND TO THE TOP OF THE FIN CAN CHANGE.,2-1-H4
HELP,v,"HELPS, HELPED, HELPED",To make something easier or better,,PETROLATUM HELPS TO PREVENT CORROSION OF THE TERMINALS.,2-1-H4
HERE,adv,,In this position,,"TO DOWNLOAD THE FILE, CLICK HERE.",2-1-H4
HIGH,adj,"HIGHER, HIGHEST",That is of large value,,USE THE SPECIAL PROTECTION FOR STORAGE IN HIGH TEMPERATURES.,2-1-H5
HIT,v,"HITS, HIT, HIT",To touch suddenly and with much force,,DO NOT HIT THE CARTRIDGE.,2-1-H5
HOLD,v,"HOLDS, HELD, HELD","1. To continue to have in the hand or grip 2. To continue to have in a specified location, position, or condition",,HOLD THE ROD TIGHTLY. | HOLD THE AIRSPEED INDICATION AT THE SAME VALUE FOR 2 MINUTES.,2-1-H5
HOLE,n,,An empty space in a solid object,,MAKE SURE THAT THE HOLES IN THE BUSHING ALIGN WITH THOSE IN THE HOUSING.,2-1-H6
HORIZONTAL,adj,,Parallel to the horizon or a baseline,,ADJUST THE SLING UNTIL THE FLAP IS HORIZONTAL.,2-1-H6
HORIZONTALLY,adv,,In a horizontal position,,THE VALVE IS INSTALLED HORIZONTALLY.,2-1-H6
HOT,adj,"HOTTER, HOTTEST",At a high temperature,,DRY THE SURFACE WITH HOT AIR.,2-1-H6
HOW,adv,,By which manner,,PARAGRAPH 7.0 TELLS YOU HOW TO INSTALL THE UNIT.,2-1-H6
HYDRAULIC,adj,,"Related to, or operated by, pressurized liquid",,CONNECT THE FITTINGS TO THE HYDRAULIC TEST BENCH.,2-1-H7
HYDRAULICALLY,adv,,With hydraulic power,,MAKE SURE THAT THE LINES ARE HYDRAULICALLY OPERATED. | Blank Page,2-1-H7
IDENTIFICATION,n,,Something that identifies an object,,MAKE SURE THAT THE NAMEPLATE SHOWS THE CORRECT IDENTIFICATION OF THE UNIT.,2-1-I1
IDENTIFY,v,"IDENTIFIES, IDENTIFIED, IDENTIFIED",1. To use a specified code or marking to supply with an identity 2. To show an identity,"For other meanings, use:",IDENTIFY THE WIRES WITH SLEEVES OF DIFFERENT COLORS. | A 406 MHz DIGITAL SIGNAL IDENTIFIES THE EMERGENCY LOCATOR TRANSMITTER AND ITS LOCATION. | FIND THE DAMAGED AREAS.,2-1-I1
IF,conj,,"In the event that, on the condition that, in case of",,"IF YOU USE A REPLACEMENT FAIRING PLATE, CUT IT UNTIL YOU GET THE CORRECT MATING DIMENSION.",2-1-I1
IGNORE,v,"IGNORES, IGNORED, IGNORED","Not to think about something, not to do something about",,IGNORE THE VIBRATION INDICATIONS. | SELECT “CANCEL” TO IGNORE ALL CHANGES.,2-1-I1
ILLUMINATE,v,"ILLUMINATES, ILLUMINATED, ILLUMINATED",To make something visible with an external light source COME ON BE ON,"For lights or lamps, use:","THE EMERGENCY LIGHTS COME ON TO ILLUMINATE THE EVACUATION PATH. | WHEN THE PRESSURE LIGHT COMES ON, READ THE VALUE ON THE PRESSURE GAUGE. | MAKE SURE THAT THE LAMP COMES ON. | MAKE SURE THAT THE LAMP IS ON.",2-1-I2
IMMEDIATELY,adv,,Without a gap of time or space,,MAKE SURE THAT THE EMERGENCY LIGHT IMMEDIATELY GOES BACK TO ”OFF.”,2-1-I2
IMPORTANT,adj,,That has a significant effect,,THESE PROCEDURES ARE VERY IMPORTANT.,2-1-I3
IN,adv,,"To, or into a location or position",,MAKE SURE THAT THE SWITCHES ARE PUSHED IN.,2-1-I4
IN,prep,,"Function word that shows location, position, condition, time, or limits",,LET THE SWITCH STAY IN THE SET POSITION. | THE COMPENSATORS ARE IN THE WING BAY. | DO NOT PARK THE VEHICLE IN STRONG WINDS. | MAKE SURE THAT THE LIGHT COMES ON IN 5 SECONDS. | MAKE SURE THAT THE CRACKS ARE IN THE LIMITS.,2-1-I5
IN FRONT OF,prep,,In a position ahead of,,PUT CHOCKS IN FRONT OF THE WHEELS.,2-1-I5
IN PROGRESS,adv,,Occurring,,"IF AN INTERACTIVE SESSION IS IN PROGRESS, LET IT CONTINUE UNTIL IT IS FULLY COMPLETED.",2-1-I5
INBOARD,adj,,Nearer to the longitudinal axis,,REMOVE THE INBOARD FAIRING OF THE FLAP HINGE.,2-1-I6
INBOARD,adv,,In or to a position nearer to the longitudinal axis,,THE LANDING GEAR RETRACTS INBOARD INTO THE BAY.,2-1-I6
INBOARD OF,prep,,At a position nearer to the longitudinal axis,,PUT THE ACCESS PLATFORM IN POSITION BELOW THE ACCESS PANEL THAT IS INBOARD OF THE FLAP TRACK.,2-1-I6
INCIDENT,n,,An important occurrence that can cause damage or have dangerous results,,RECORD ALL INCIDENTS OF WATER FOUND IN THE FUEL.,2-1-I6
INCLUDE,v,"INCLUDES, INCLUDED, INCLUDED","To make, or to be, part of",,THIS CHAPTER INCLUDES THE PROCEDURES FOR THE REMOVAL OF THE COMPONENTS.,2-1-I6
INCORRECT,adj,,Not correct,,"IF THE TRIM TAB ADJUSTMENT IS INCORRECT, DO STEPS 7 THRU 10.",2-1-I7
INCORRECTLY,adv,,In an incorrect manner,,"IF YOU SEE THE RED MARK, THE PART IS INSTALLED INCORRECTLY.",2-1-I7
INCREASE,v,"INCREASES, INCREASED, INCREASED",To make or become larger or higher in value,,INCREASE THE VANE ANGLE TO 90 DEGREES. | MAKE SURE THAT THE TEMPERATURE INCREASES TO 30 °C.,2-1-I8
INCREMENT,n,,"One of a sequence of regular operations done one after the other, to increase or decrease an adjustable quantity",,ADJUST THE STOP BOLT IN INCREMENTS OF 5 mm.,2-1-I8
INDEPENDENTLY,adv,,Without a relation with,,THE EMERGENCY SYSTEM IS CONTROLLED INDEPENDENTLY.,2-1-I8
INDICATION,n,,Something that is shown,,MAKE SURE THAT THE INDICATION IS CORRECT.,2-1-I8
INFLATE,v,"INFLATES, INFLATED, INFLATED",To make or become larger as a result of pressurization by a gas,,"INFLATE THE TIRES WITH NITROGEN. | OPERATION OF THE HANDLE RELEASES THE GAS, AND THE SLIDE-RAFT INFLATES.",2-1-I9
INFORMATION,n,,Data collected and made available for a specified function,,THIS MANUAL CONTAINS INFORMATION ABOUT MAINTENANCE PROCEDURES.,2-1-I9
INITIAL,adj,,That is related to the start,,MOVE THE LEVER BACK TO ITS INITIAL POSITION.,2-1-I10
INITIALLY,adv,,At the start,,"INITIALLY, THE SPEED INCREASES TO 3000 RPM.",2-1-I10
INJURY,n,,Damage to a person,,BEND THE ENDS OF THE LOCKING WIRE TO PREVENT INJURY.,2-1-I10
INNER,adj,,Nearer to the center of an object,,THE INNER SURFACE OF THE PART IS BLACK.,2-1-I10
INPUT,n,,"The data, power, or energy put into equipment or a system",,THE UNIT COMPARES THE INPUTS FROM THE TWO SENSORS TO THE COMPUTER.,2-1-I10
INSPECTION,n,,The procedure which compares an object with its standard or specification,,USE A VOLTMETER TO DO THIS INSPECTION.,2-1-I11
INSTALL,v,"INSTALLS, INSTALLED, INSTALLED",To attach an item in or to a second item,,INSTALL THE NEW O-RINGS ON THE SPINDLE.,2-1-I11
INSTALLATION,n,,The procedure which installs an item,,REFER TO PARAGRAPH 3 FOR THE INSTALLATION OF THE UNIT.,2-1-I11
INSTRUCTION,n,,A command that you must obey,,"IF YOU DO NOT OBEY THIS INSTRUCTION, DAMAGE CAN OCCUR.",2-1-I12
INSTRUMENT,n,,An item which measures and/or shows,,ALL THE INSTRUMENTS ARE ON THE LEFT QUARTER PANEL.,2-1-I12
INSULATION,n,,A material that helps to prevent the movement of energy,,MAKE SURE THAT YOU DO NOT CAUSE DAMAGE TO THE INSULATION.,2-1-I12
INTENSITY,n,,"The quantity of strength, force, or energy",,OPERATE THE DIMMER SWITCH AND MAKE SURE THAT THE INTENSITY OF THE LIGHT CHANGES.,2-1-I12
INTERCHANGE,v,"INTERCHANGES, INTERCHANGED, INTERCHANGED",To put or use each of two things in the place of the other without change,,INTERCHANGE THE No. | 1 AND No. | 2 COMPUTERS. | THEN DO THE TEST AGAIN.,2-1-I12
INTERCHANGEABLE,adj,,That you can interchange,,RELAYS 2YG AND 8YG ARE FULLY INTERCHANGEABLE ITEMS.,2-1-I13
INTERFACE,n,,The connection between two systems or components,,CLEAN THE INTERFACE BETWEEN THE COMPUTER AND THE SENSOR.,2-1-I13
INTERMITTENT,adj,,"That stops and starts again, not continuous",,THIS CAUSES INTERMITTENT OPERATION OF THE WARNING LIGHTS.,2-1-I15
INTERMITTENTLY,adv,,In an intermittent manner,,THE LIGHT COMES ON INTERMITTENTLY.,2-1-I15
INTERNAL,adj,,"Of, or on, the inner side and inner space",,MAKE SURE THAT FUEL COMES OUT OF THE INTERNAL EJECTORS.,2-1-I15
INTERNALLY,adv,,"Of, or on, the inner side and inner space",,USE A BORESCOPE TO EXAMINE THE COMBUSTOR INTERNALLY.,2-1-I15
INTERVAL,n,,A distance or gap between two points in space or time,,DO THE TEST AT FIVE-MINUTE INTERVALS.,2-1-I15
INTO,prep,,"1. Movement to something and access to it 2. Function word that shows change, condition, result",,"IF AN OBJECT FALLS INTO THE OPENING, DAMAGE TO THE ENGINE CAN OCCUR. | THE PARTS OF THE STRUCTURE ARE DIVIDED INTO THREE GROUPS.",2-1-I15
INVESTIGATION,n,,An official and accurate inquiry or research,,THE TASK TEAM STARTED THE INVESTIGATION TO FIND THE CAUSE OF THE ACCIDENT.,2-1-I15
IRREGULAR,adj,,Not regular,,"IF THE SIGNALS ARE IRREGULAR, REPLACE THE UNIT.",2-1-I16
IRREGULARLY,adv,,Not regularly,,"IF THE UNIT RECEIVES THE SIGNALS IRREGULARLY, REPLACE IT.",2-1-I16
ISOLATE,v,"ISOLATES, ISOLATED, ISOLATED",To prevent a supply or connection to,,ISOLATE THE ELECTRICAL POWER SUPPLY.,2-1-I16
IT,pron,,1. That refers to a thing that was previously mentioned 2. That refers to an explicit or implicit state of affairs or circumstances,,CAREFULLY MOVE THE DEFLECTOR UNIT DOWN UNTIL IT ENGAGES. | IT IS IMPORTANT TO DO THIS ADJUSTMENT CORRECTLY.,2-1-I16
ITEM,n,,A thing that is determined or specified,,LUBRICATE THESE ITEMS WITH GREASE.,2-1-I16
ITS,adj,,Belonging to a thing,,REMOVE THE UNIT AND ITS WIRING.,2-1-I16
JOINT,n,,The area at which two surfaces or edges touch or are attached,,SEAL THE JOINT WITH SEALING COMPOUND.,2-1-J1
KEEP,v,"KEEPS, KEPT, KEPT",To continue to have or hold,,KEEP THE COMPOUND IN A CLOSED CONTAINER.,2-1-K1
KILL,v,"KILLS, KILLED, KILLED",To cause death,,HIGH VOLTAGES CAN KILL YOU.,2-1-K1
KNOW,v,"KNOWS, KNEW, KNOWN","To be sure of data, to have data ready to use",,"IF YOU KNOW THE CLEARANCE, YOU CAN CALCULATE THE THICKNESS OF THE WASHER. | Blank Page",2-1-K1
LAMINATED,adj,,Made of laminations,,THIS PANEL IS MADE OF LAMINATED CARBON FIBER.,2-1-L1
LAMINATION,n,,Layers of one or more materials bonded together,,"IF THE LAMINATION IS DAMAGED, REPLACE THE PANEL.",2-1-L1
LARGE,adj,"LARGER, LARGEST","More than average in dimension, quantity, or capacity",,CLEAN YOUR SKIN WITH A LARGE QUANTITY OF CLEAN WATER.,2-1-L1
LAST,adj,,That comes at the end,,"IMMEDIATELY AFTER THE LAST FLIGHT OF THE DAY, INSTALL ALL COVERS.",2-1-L1
LAST,adv,,After other persons or things,,FILL THE OUTER TANKS LAST.,2-1-L1
LATCH,v,"LATCHES, LATCHED, LATCHED",To hold something in position with a latching device,,MAKE SURE THAT YOU LATCH THE DOOR CORRECTLY. | MAKE SURE THAT THE DOOR LATCHES CORRECTLY.,2-1-L1
LATERAL,adj,,Related to or on the side,,ADJUST THE LATERAL LEVEL.,2-1-L2
LATERALLY,adv,,In a lateral direction,,"PUSH THE UNIT OUT, AND THEN MOVE IT LATERALLY.",2-1-L2
LAYER,n,,"A material applied to a surface or put on, or below, a second material",,APPLY A THIN LAYER OF SEALING COMPOUND ON THE BARE METAL.,2-1-L2
LEAK,n,,"A crack, gap or hole which lets fluid or light go into or come out of something",,EXAMINE THE SWIVEL COUPLINGS FOR LEAKS.,2-1-L2
LEAKAGE,n,,The quantity of material that goes through a leak,,MEASURE THE LEAKAGE FROM THE OUTLET PORT.,2-1-L3
LEFT,adj,,On the west side when you look north,,INSTALL THE CONTROL PANEL IN THE LEFT CONSOLE.,2-1-L3
LENGTH,n,,1. The distance from one end to the other end 2. The longer or longest of the three dimensions of an object,,MEASURE THE LENGTH OF THE JACK RAM. | THE DIMENSIONS OF THE UNIT ARE: - LENGTH 300 mm - WIDTH 90 mm - THICKNESS 60 mm.,2-1-L3
LESS,adj,,"Of smaller dimension, value, quantity, volume, or number",No other forms of this adjective.,THE FLOW RATE MUST NOT BE LESS THAN 4.0 GPM.,2-1-L4
LET,v,"LETS, LET",To give opportunity,No other verb forms.,LET THE ADHESIVE BECOME TACKY.,2-1-L4
LEVEL,adj,,Horizontal to a known datum,,PARK THE VEHICLE ON LEVEL GROUND.,2-1-L4
LEVEL,n,,"A horizontal line, plane, surface, or condition",,FILL THE TANK TO THE CORRECT LEVEL (REFER TO FIG. | 105).,2-1-L4
LIFE,n,,The time during which you can use an item or object,,THE LIFE OF THE CARTRIDGE IN THE FIRE EXTINGUISHER IS 3 YEARS.,2-1-L5
LIFT,v,"LIFTS, LIFTED, LIFTED",To move something up,,LIFT THE COVER CAREFULLY.,2-1-L5
LIGHT,adj,"LIGHTER, LIGHTEST","That has a small mass, weight, or force","For other meanings, use:",APPLY A LIGHT FORCE ON THE RUDDER PEDALS. | APPLY A THIN LAYER OF SEALANT ON THE SEALING SURFACES OF THE CONTAINER. | APPLY A SMALL QUANTITY OF LUBRICANT ON THE MOVING PARTS.,2-1-L5
LIGHTING,n,,That which gives light to,,A DIMMER UNIT CONTROLS THE PANEL LIGHTING.,2-1-L5
LIGHTLY,adv,,In a light manner,,LIGHTLY RUB THE DEFECTIVE AREA WITH WET ABRASIVE PAPER.,2-1-L5
LIMIT,n,,"A specified maximum or minimum quantity, number, time, or distance",,"IF THE CLEARANCES ARE NOT IN THE LIMITS GIVEN IN FIG. | 4, REFER TO REPAIR SCHEME No. | 2.",2-1-L5
LINEAR,adj,,In a straight line,,MAKE SURE THAT THE RESULTS ARE LINEAR.,2-1-L6
LINEARLY,adv,,In a straight line,,INCREASE THE PRESSURE LINEARLY.,2-1-L6
LIQUID,adj,,That has the properties of a liquid,,"DURING SERVICING, LIQUID OXYGEN FLOWS THROUGH THE STABILIZING CONTAINER.",2-1-L6
LIQUID,n,,A material that is not a gas or a solid,,THE CONVERTER CHANGES THE LIQUID INTO A GAS.,2-1-L6
LISTEN,v,"LISTENS, LISTENED, LISTENED",To use your ears to hear or find,,LISTEN FOR THE SIGNAL.,2-1-L6
LIVE,adj,,That includes explosive material,"For electrical systems, use:",SOME MAINTENANCE TASKS ARE NOT PERMITTED ON AIRCRAFT THAT HAVE LIVE AMMUNITION. | THE SYSTEM IS ENERGIZED.,2-1-L7
LOCAL,adj,,Applicable to a given location or position,,SET THE “LAT” KNOB TO THE LOCAL LATITUDE.,2-1-L7
LOCALLY,adv,,Applicable to a given location or position,,YOU CAN ALSO DO THIS TEST WITH A LOCALLY MADE TOOL.,2-1-L7
LOCATION,n,,A place or site that you can find,,FIGURES 1 THRU 4 SHOW THE LOCATIONS OF THE WALKWAYS.,2-1-L8
LOCK,v,"LOCKS, LOCKED, LOCKED","To attach something, or hold it in position with a locking device",,"LOCK THE SWITCH. | AND REMOVE THE KEY. | BEFORE YOU CONTINUE, MAKE SURE THAT THE SWITCH LOCKS.",2-1-L8
LONG,adj,"LONGER, LONGEST","That has a specified or large length, or a specified or large duration",,"USE A TUBE WHICH IS 3.3 FEET LONG. | IF THE TUBE IS TOO SHORT, USE A LONGER ONE. | MAKE SURE THAT THE TEST SIGNAL IS NOT LONGER THAN 3 TONES.",2-1-L8
LONGITUDINAL,adj,,Related to the longitudinal axis,,ADJUST THE LONGITUDINAL TRIM SYSTEM.,2-1-L9
LONGITUDINALLY,adv,,In a longitudinal direction,,MOVE THE STAND LONGITUDINALLY.,2-1-L9
LOOK,v,"LOOKS, LOOKED, LOOKED",To use your eyes to see or find,,LOOK THROUGH THE INSPECTION WINDOW.,2-1-L9
LOOP,n,,A circular shape made in a flexible material,,MAKE A LOOP OF WIRE AROUND THE UNIT.,2-1-L9
LOOSE,adj,,"1. On, in, but not attached 2. Not tight","For other meanings, use:","MAKE SURE THAT YOU REMOVE ALL TOOLS, EQUIPMENT, AND LOOSE OBJECTS FROM THE AIR INTAKE. | DO A CHECK FOR LOOSE FASTENERS. | MAKE SURE THAT THERE IS TENSION IN THE CABLES.",2-1-L9
LOOSELY,adv,,Not tightly,,MAKE SURE THAT THE PARTS ARE LOOSELY ASSEMBLED.,2-1-L10
LOOSEN,v,"LOOSENS, LOOSENED, LOOSENED",To cause to be not tight,,LOOSEN THE SCREWS THAT ATTACH THE CLAMP TO THE SUPPORT.,2-1-L10
LOW,adj,"LOWER, LOWEST",That is of small value,,THE SWITCH SENSES LOW PRESSURE IN THE DISTRIBUTION CIRCUIT.,2-1-L10
LOWER,v,"LOWERS, LOWERED, LOWERED",To move something down,,LOWER THE ANTENNA TO GET ACCESS TO THE CABLE CONNECTOR.,2-1-L10
LUBRICATE,v,"LUBRICATES, LUBRICATED, LUBRICATED",To apply lubricant,,LUBRICATE THE O-RINGS WITH HYDRAULIC FLUID.,2-1-L10
MAGNETIC,adj,,Related to the properties of a magnet,,REMOVE THE MAGNETIC DRAIN PLUG FROM THE OIL RESERVOIR.,2-1-M1
MAGNETICALLY,adv,,In a magnetic manner,,THE DOOR CLOSES MAGNETICALLY AND LOCKS.,2-1-M1
MAINTENANCE,n,,The servicing and/or the repair of something to keep it in the correct condition,,"DURING MAINTENANCE, OBEY ALL SAFETY PROCEDURES.",2-1-M1
MAKE,v,"MAKES, MADE, MADE","To manufacture, to cause to occur or to become",,MAKE A RECESS FOR THE STUDS OF 5 mm. | MAKE THE CLOTH MOIST WITH WATER. | TILT THE FITTING TO MAKE THE BARREL NUT FALL OUT OF IT.,2-1-M2
MAKE SURE,v,"MAKES SURE, MADE SURE, MADE SURE",To verify and/or do the necessary steps,,MAKE SURE THAT NO LEAK DETECTION FLUID GOES INTO THE OXYGEN SYSTEM.,2-1-M2
MALFUNCTION,n,,Incorrect operation,,REFER TO TABLE 104 TO CORRECT THE MALFUNCTION.,2-1-M2
MANDATORY,adj,,"That which you must do, use, or obey","If you want to use this word in procedures, think about a necessary safety instruction.","THIS SERVICE BULLETIN IS MANDATORY. | BEFORE YOU GO INTO THE LABORATORY, PUT ON PROTECTIVE CLOTHING.",2-1-M2
MANUAL,adj,,Operated with the hands,,"IF THE AUTOMATIC CONTROLS DO NOT OPERATE, USE THE MANUAL PROCEDURE.",2-1-M3
MANUAL,n,,A publication that gives data related to a special subject,,THIS MANUAL GIVES PERFORMANCE DATA.,2-1-M3
MANUALLY,adv,,With your hands,,MOVE THE LEVER MANUALLY.,2-1-M3
MANY,adj,"MORE, MOST",Of a large number,"If it is possible, give the range, number, or quantity.",CORROSION CAN HAVE MANY CAUSES.,2-1-M3
MARK,n,,"Something that you make or is made to show an identification, location, or direction",,THE RED MARKS SHOW A MAXIMUM STEERING ANGLE OF 35 DEGREES.,2-1-M3
MASS,n,,The quantity of matter that is in an object and relates to its weight. The equivalent of inertia,,STRUCTURAL OR EQUIPMENT MODIFICATIONS CAN CHANGE THE BASIC MASS AND THE CENTER-OF-GRAVITY COORDINATES.,2-1-M3
MATERIAL,n,,"A substance from which an item is made, or an item that is necessary to do a task.",,"BEFORE YOU INSTALL THE SEAL, REMOVE THE UNWANTED MATERIAL. | YOU CAN USE EQUIVALENT ALTERNATIVES FOR THESE MATERIALS.",2-1-M4
MATING,adj,,Made to touch,,APPLY GREASE ON THE MATING SURFACES OF THE STARTER GENERATOR.,2-1-M4
MAXIMUM,adj,,"Related to the largest dimension, quantity, number, or value",,THE MAXIMUM VALUE THAT THE VOLTMETER SHOWS IS 199.9 V.,2-1-M4
MAXIMUM,n,,"The largest dimension, quantity, number, or value",,MOVE THE LEVER A MAXIMUM OF 45 DEG.,2-1-M4
MEASURE,v,"MEASURES, MEASURED, MEASURED","To find the dimensions, capacity, or quantity of something",,MEASURE THE LOAD.,2-1-M5
MECHANICAL,adj,,Related to or operated with a mechanism,,THE STANDBY SYSTEM IS MECHANICAL.,2-1-M5
MECHANICALLY,adv,,In a mechanical manner,,OPERATE THE HORIZONTAL STABILIZER MECHANICALLY.,2-1-M5
MECHANISM,n,,An assembly of mechanical parts that are made to operate together,,USE WHITE SPIRIT TO CLEAN A HINGE MECHANISM THAT HAS A GREASE NIPPLE.,2-1-M5
MEDICAL,adj,,Related to medicine,,"IF YOU GET HYDRAULIC FLUID IN YOUR EYES, FLUSH THEM WITH WATER AND GET MEDICAL AID.",2-1-M5
MELT,v,"MELTS, MELTED, MELTED",To change or to cause something to change from solid to liquid because of heat,,THE FUSIBLE PLUGS MUST MELT IN 20 SECONDS OR LESS. | DO NOT USE A FLAME TO MELT THE ICE.,2-1-M6
METHOD,n,,A special type of procedure used to get a specified result,,THIS PROCEDURE GIVES TWO METHODS FOR THE TEMPORARY REPAIR OF THE WATER TUBES.,2-1-M6
MIDDLE,adj,,At a point that is between two other points,,REMOVE THE MIDDLE BELLCRANK UNIT.,2-1-M6
MIDDLE,n,,A point that is at or near the center,,LIFT THE SEAT TO THE MIDDLE OF THE TRAVEL.,2-1-M6
MINIMUM,adj,,"Related to the smallest dimension, quantity, number, or value",,MAKE SURE THAT THE FLUID IN THE RESERVOIR IS ABOVE THE MINIMUM LEVEL.,2-1-M7
MINIMUM,n,,"The smallest dimension, quantity, number, or value",,LET THE PAINT DRY FOR A MINIMUM OF 1 HOUR.,2-1-M7
MINUS,prep,,With the subtraction of,,"INCREASE THE PRESSURE IN THE SHOCK ABSORBER TO 85.5 bar, PLUS OR MINUS 2.7 bar.",2-1-M7
MISSING,adj,,That is not there,,"IF SEALS ARE MISSING, INSTALL NEW SEALS.",2-1-M7
MIX,v,"MIXES, MIXED, MIXED",1. To put together two or more materials to become one 2. To become combined,,"MIX THE COMPOUND. | IF FUEL AND WATER MIX, CONTAMINATION CAN OCCUR.",2-1-M7
MIXTURE,n,,The result that you get when you mix materials,,DO NOT USE THIS MIXTURE WHEN THE TEMPERATURE IS LESS THAN 15 °C.,2-1-M7
MOBILE,adj,,That is made to move easily,,CONNECT THE MOBILE GROUND POWER UNIT.,2-1-M8
MODE,n,,A special condition of operation,,MAKE SURE THAT THE “HEADING SELECT” MODE OPERATES.,2-1-M8
MODERATE,adj,,Between low and high values,,APPLY A MODERATE LOAD ON THE BRAKE PEDALS.,2-1-M8
MODERATELY,adv,,In a moderate manner,,YOU CAN APPLY A SECOND LAYER WHEN THE SURFACE IS MODERATELY DRY.,2-1-M8
MOIST,adj,,Moderately wet,,CLEAN THE PANEL WITH A MOIST CLOTH.,2-1-M8
MOMENTARILY,adv,,For a short time,,STOP THE PUMP MOMENTARILY. | THEN START IT AGAIN.,2-1-M8
MONITOR,v,"MONITORS, MONITORED, MONITORED",To do a check at something for a period of time to find if there is a change,,MONITOR THE INDICATORS ON THE OVERHEAD PANEL. | HEAT SENSORS MONITOR THE AMBIENT TEMPERATURE.,2-1-M8
MOOR,v,"MOORS, MOORED, MOORED",To hold something in position with ropes and cables,,"IN BAD WEATHER CONDITIONS, MOOR THE BOAT.",2-1-M9
MORE,adj,,A large quantity of,,ADD MORE SHIMS UNTIL YOU GET THE SPECIFIED CLEARANCE.,2-1-M9
MORE,adv,,To a larger degree,,CORROSION CAN OCCUR MORE EASILY IN THIS AREA THAN IN OTHER AREAS.,2-1-M9
MOST,adj,,To the largest quantity of,,MOST MANUFACTURERS RECOMMEND SYNTHETIC LUBRICANTS.,2-1-M9
MOST,adv,,To the largest degree,,FAULT MESSAGES THAT SHOW IN RED ARE THE MOST IMPORTANT.,2-1-M9
MOVABLE,adj,,That can move if necessary,,TURN THE MOVABLE HALF-COLLAR OF THE SUPPORT.,2-1-M9
MOVE,v,"MOVES, MOVED, MOVED",To change or cause to change position or location,,MAKE SURE THAT THE POINTER MOVES FREELY. | MOVE THE VALVE UNTIL IT ALIGNS WITH THE ACTUATOR SHAFT.,2-1-M10
MOVEMENT,n,,A change of position or location,,SUDDEN OPERATION OF THE GYRO CAN CAUSE UNWANTED MOVEMENT OF THE HORIZONTAL STABILIZER.,2-1-M10
MUCH,adj,"MORE, MOST","Of relatively large dimension, value, quantity, or volume",,DO NOT APPLY TOO MUCH PRESSURE.,2-1-M10
MUCH,adv,,To a great degree or extent,,BE CAREFUL THAT YOU DO NOT TURN THE INNER RACES TOO MUCH.,2-1-M10
MULTIPLY,v,"MULTIPLIES, MULTIPLIED, MULTIPLIED",To use multiplication to get a result,"For other meanings, use:",MULTIPLY THE INDICATOR VALUE BY THE SCALE VALUE. | THE NUMBER OF CRACKS CAN INCREASE.,2-1-M10
MUST,v,,Auxiliary modal verb that shows obligation,,THE BAT 1 SWITCH MUST BE IN THE ON POSITION.,2-1-M10
NAME,n,,The identification you give to a person or an object,,PUSH THE BUTTON ADJACENT TO THE NAME OF THE SYSTEM. | WRITE YOUR NAME ON THE REGISTRATION FORM.,2-1-N1
NEAR,adj,"NEARER, NEAREST",At or to a relatively short distance,,PUT THE SYRINGE ON THE NEAREST SURFACE OF THE EXAMINATION TABLE.,2-1-N1
NEAR,prep,,Approaching in space or condition,,BALANCE THE ELEVATOR NEAR ITS MAXIMUM LIMIT. | MAKE SURE THAT THE COMPUTER SCREEN IS NOT NEAR THE WINDOW.,2-1-N1
NECESSARY,adj,,That must be,,TWO HOURS ARE NECESSARY TO COMPLETE THE EXAM.,2-1-N1
NEUTRAL,adj,,1. That has no effect 2. That is not acid or alkaline,,MAKE SURE THAT THE CONTROLS ARE IN THE NEUTRAL POSITION. | CLEAN THE SCREEN WITH A NEUTRAL SOLUTION.,2-1-N1
NEW,adj,"NEWER, NEWEST",Not used before,,INSTALL A NEW GASKET ON THE FLANGE.,2-1-N2
NEXT,adj,,The first occurrence that follows immediately after in time or sequence.,,REMOVE THE UNIT BEFORE THE NEXT OPERATING CYCLE.,2-1-N2
NO,adj,,Not any,,MAKE SURE THAT THERE IS NO FUEL LEAKAGE.,2-1-N2
NO,adv,,Function word that shows the negative answer to a question,,DOES THE LIGHT COME ON? | YES OR NO?,2-1-N2
NOISE,n,,An unwanted sound,,"WHILE THE ENGINE CONTINUES TO TURN, LISTEN FOR UNUSUAL NOISES.",2-1-N2
NONE,pron,,"Not one, not anyone",,"IF NONE OF THE BRACKETS ARE DAMAGED, CONTINUE THE INSPECTION.",2-1-N2
NOSE,n,,"The front end or part, a part that protrudes",,PULL THE TRANSPARENT PLASTIC COLLAR AWAY FROM THE NOSE OF THE ELECTRICAL LATCH.,2-1-N3
NOT,adv,,Adverb of negation,,DO NOT LET THE PRESSURE INCREASE TO MORE THAN 3000 psi.,2-1-N3
NOTCH,n,,An area in the shape of a “V”,,MAKE SURE THAT THE BOGIE ROLLERS ARE ALIGNED WITH THE NOTCHES IN THE TRACK.,2-1-N3
NUMBER,n,,1. A symbol or word that identifies an integer and/or decimal 2. An amount that you can count or calculate,,"NEGATIVE NUMBERS SHOW THAT THE PRESSURE DECREASES. | IF THE NUMBER OF FAILURES IS MORE THAN THREE, REPLACE THE UNIT.",2-1-N4
OBEY,v,"OBEYS, OBEYED, OBEYED",To do that which the procedures or instructions tell you,,OBEY THE PRECAUTIONS THAT FOLLOW.,2-1-O1
OBJECT,n,,Something that you can see or touch,,MAKE SURE THAT THERE ARE NO LOOSE OBJECTS IN THE AIR INTAKE.,2-1-O1
OCCUR,v,OCCURS OCCURRED,"To be found or to take place, to come to be",,"A SUDDEN MOVEMENT OF THE CONTROL SURFACES CAN OCCUR. | IF THE SYMPTOMS OCCUR AGAIN, DO A SYSTEM TEST.",2-1-O2
OF,prep,,"Function word that shows: from, belonging to, having, or containing",,REMOVE THE SPLIT PINS FROM THE BOLTS IN THE BOTTOM ENDS OF THE CONTROL RODS.,2-1-O2
OFF,adj,,Not in operation,,MAKE SURE THAT THE BATTERIES ARE OFF.,2-1-O2
OFF,adv,,1. Not in operation 2. Not in contact,,MAKE SURE THAT THE WARNING LIGHT GOES OFF. | THE HANDLE MUST COME OFF EASILY.,2-1-O2
OFF,prep,,Not in contact with,,MAKE SURE THAT THE TIRE IS FULLY OFF THE GROUND.,2-1-O2
ON,adj,,In operation,,MAKE SURE THAT THE BATTERIES ARE ON.,2-1-O3
ON,adv,,1. In operation 2. In contact,,MAKE SURE THAT THE WARNING LIGHT STAYS ON. | MAKE SURE THAT THE LID GOES ON EASILY.,2-1-O3
ON,prep,,"Function word that shows contact, support, direction",,PUT THE ASSEMBLED PARTS ON THE SUPPORT FITTING.,2-1-O3
ONE,pron,,That refers to a single person or object,You can also use this word as a technical noun.,"IF THE LABEL IS NOT THERE, ATTACH A NEW ONE.",2-1-O3
ONLY,adj,,Nothing more or different,,THIS IS THE ONLY APPROVED CONFIGURATION.,2-1-O3
ONLY,adv,,Exclusively,,"TO TIGHTEN THE NUTS, USE ONLY A TORQUE WRENCH.",2-1-O3
ONTO,prep,,To a position on or upon,,"WHEN YOU LOWER THE PUMP, MOVE IT ONTO THE MOUNTING BRACKETS.",2-1-O3
OPEN,adj,,That lets something go in or out,,PUT A PLUG ON THE OPEN END OF EACH PIPE.,2-1-O3
OPEN,v,"OPENS, OPENED, OPENED",1. To move or cause to move from the closed position 2. To operate a circuit breaker to interrupt an electrical circuit,,"OPEN THE PRESSURE VALVE. | WHEN THE RELIEF VALVE OPENS, THE PRESSURE DECREASES. | OPEN THE CIRCUIT BREAKER.",2-1-O4
OPENING,n,,An aperture or hole in a surface,,MAKE SURE THAT THE OPENING IS CLEAR.,2-1-O4
OPERATE,v,"OPERATES, OPERATED, OPERATED","To put, keep, or be in action",,OPERATE THE PLUNGER TO DRAIN THE SYSTEM. | DO NOT GO NEAR THE ENGINE WHEN IT OPERATES.,2-1-O4
OPERATION,n,,That which occurs when something operates or is operated,,THIS PROCEDURE IS IMPORTANT FOR THE CORRECT OPERATION OF THE VALVE.,2-1-O4
OPPOSITE,adj,,1. In the other direction 2. Across from,,THE RESET DEVICE OPERATES IN THE OPPOSITE DIRECTION. | THE BOLTS ARE ON THE OPPOSITE SIDE OF THE FLANGE.,2-1-O5
OPPOSITE,prep,,Across from,,THE UNIT IS IN THE WHEEL BAY OPPOSITE THE LANDING GEAR.,2-1-O5
OPTIONAL,adj,,Not mandatory,,THIS TOOL IS OPTIONAL.,2-1-O5
OR,conj,,Function word that shows a choice,Do not use this word with the meaning of otherwise. Use a different construction.,"DO NOT TOUCH THE HIGH TENSION LEADS OR THE IGNITER PLUGS. | MAKE SURE THAT THE L-SHAPED SEAL STAYS BONDED. | IF THE SEAL DOES NOT STAY BONDED, A LEAK CAN OCCUR.",2-1-O5
OTHER,adj,,Not the same as that given before,,CONNECT ONE OF THE STUDS TO THE GROUND AND THE OTHER STUDS TO THE PINS.,2-1-O6
OTHER,pron,,That which is not the same as that given before,,"CONNECT ONE PLUG, THEN CONNECT THE OTHER.",2-1-O6
OUT,adj,,"Away from, or not in, a location or position",,"IF THE INDICATOR BUTTON IS OUT, REPLACE THE FILTER.",2-1-O6
OUT,adv,,To a position away from the inside,,"WHEN THE INDICATOR BUTTON COMES OUT, REPLACE THE FILTER.",2-1-O6
OUT OF,prep,,1. Through or from the inside to the outside 2. Not in,,TILT THE FITTING TO MAKE THE BARREL NUT FALL OUT OF IT. | KEEP THE COMPOUND OUT OF THE SUNLIGHT.,2-1-O6
OUTBOARD,adj,,Farther from the longitudinal axis of something,,MEASURE THE MOVEMENT OF THE INBOARD AND OUTBOARD FLAPS.,2-1-O7
OUTBOARD,adv,,"In, or to, a position farther from the longitudinal axis of something",,MOVE THE JACK OUTBOARD TO DISENGAGE IT FROM THE JACKING POINT.,2-1-O7
OUTBOARD OF,prep,,At a position farther from the longitudinal axis,,PUT THE ACCESS PLATFORM IN A POSITION THAT IS OUTBOARD OF THE FLAP TRACK.,2-1-O7
OUTDOORS,adv,,Not in a building,,DO THIS WORK OUTDOORS.,2-1-O7
OUTER,adj,,Located on the outside or farther from the center of an object,,APPLY SEALANT ON THE OUTER SURFACE.,2-1-O7
OUTPUT,n,,"The data, power, energy that comes out of equipment or a system",,THE IMPEDANCE MATCHING TRANSFORMERS SUPPLY 60 W OUTPUT TO THE LOUDSPEAKERS.,2-1-O7
OVERBOARD,adv,,Out of a vessel,,RELEASE THE AIR OVERBOARD.,2-1-O9
OVERLAP,n,,The area in which a part of one surface is on a part of a second surface,,"IF THE OVERLAP IS MORE THAN 0,01 mm, REPLACE THE PART.",2-1-O9
OVERRIDE,v,"OVERRIDES, OVERRODE, OVERRIDDEN",To prevent the automatic operation of a part or system,,MANUALLY OVERRIDE THE START SEQUENCE.,2-1-O9
PAINT,v,"PAINTS, PAINTED, PAINTED",To apply paint to something,,PAINT ALL THE SURFACES.,2-1-P1
PAIR,n,,"Two objects that are the same or almost the same, and/or that you use together",,MEASURE THE DISTANCE BETWEEN EACH PAIR OF AXLES.,2-1-P1
PARALLEL,adj,,Along lines that stay a constant distance apart at all points,,MAKE SURE THAT THE SURFACE IS PARALLEL TO THE AXIS OF THE SHAFT.,2-1-P1
PARK,v,"PARKS, PARKED, PARKED",To stop a vehicle and to let it stay in one position on the ground,,PARK THE CAR IN THE PERMITTED AREA.,2-1-P1
PART,n,,"1. A constituent of an object, machine, component, assembly, or equipment 2. A piece or section of a whole",,REPLACE THE DEFECTIVE PARTS. | REFER TO PART 2 FOR THE APPLICABLE PROCEDURE.,2-1-P1
PARTICLE,n,,A very small piece of material,,"IF THERE ARE METAL PARTICLES IN THE DISASSEMBLED PUMP, FIND THE SOURCE OF CONTAMINATION.",2-1-P1
PASTE,n,,"A wet, flexible mixture or compound",,MIX THE MATERIALS UNTIL THEY MAKE A SOLID PASTE.,2-1-P2
PATCH,n,,A piece of material that you use to repair a surface or hole,,BOND THE PATCH TO THE TUBE WITH ADHESIVE.,2-1-P3
PERFORMANCE,n,,"The ability of a part, a mechanism, or system to do its necessary function when you compare it with a standard or specification","For other meanings, use:","THESE ADJUSTMENTS WILL INCREASE THE PERFORMANCE OF THE ENGINE. | DO THE TEST. | THEN, GO TO PARAGRAPH C.",2-1-P4
PERIOD,n,,A quantity of time,,THE EMERGENCY LOCATOR TRANSMITTER HAS A STANDBY PERIOD OF 30 SECONDS.,2-1-P4
PERMANENT,adj,,Without a limit in time,,MAKE SURE THAT THE PERMANENT INSTALLATION OF THE SYSTEM IS SAFE.,2-1-P4
PERMANENTLY,adv,,In a permanent manner,,THE “NO SMOKING” SIGNS WILL STAY ON PERMANENTLY.,2-1-P4
PERMITTED,adj,,Allowed,,A MAXIMUM OF TWO WASHERS IS PERMITTED FOR EACH BOLT.,2-1-P4
PERPENDICULAR,adj,,At a 90 degree angle to a given line or plane,,MAKE SURE THAT THE TOOL AND FASTENER ARE PERPENDICULAR TO THE WORK SURFACE.,2-1-P4
PERSON,n,,A human being,,"WHEN YOU DO WORK IN ISOLATED LOCATIONS, MAKE SURE THAT THERE IS ALWAYS A PERSON NEAR YOU.",2-1-P5
PERSONNEL,n,,Persons employed in a group or organization,,TELL YOUR PERSONNEL ABOUT THESE NEW REGULATIONS.,2-1-P5
PIECE,n,,"A quantity or segment of a whole that you can use on its own, or that can operate as an individual item",,REMOVE ALL PIECES OF THE BROKEN SEAL.,2-1-P5
PLAY,n,,"Free movement, the length or dimension of this movement",,THE AXIAL PLAY BETWEEN THE TWO GEARS MUST BE LESS THAN 0.05 mm.,2-1-P6
PLUS,prep,,With the addition of,,"INCREASE THE PRESSURE IN THE SHOCK ABSORBER TO 85.5 bar, PLUS OR MINUS 2.7 bar.",2-1-P6
PNEUMATIC,adj,,"Related to, or operated by gas pressure",,INSTALL THE PNEUMATIC CONTROLLER.,2-1-P6
PNEUMATICALLY,adv,,With pneumatic power,,SOME VALVES IN THE SYSTEM OPERATE PNEUMATICALLY.,2-1-P6
POINT,n,,1. A sharp or tapered end 2. An accurate location,,"PUT THE POINT OF THE TOOL IN THE SLOT. | ON THE FLANGE, MEASURE THE DISTANCE BETWEEN POINTS “A” AND “B.”",2-1-P6
POINT,v,"POINTS, POINTED, POINTED",1. To show the position or direction of 2. To turn something in a specified direction,,MAKE SURE THAT THE ARROW ON THE CHECK VALVE POINTS AWAY FROM THE GROUND SUPPLY DUCT. | DO NOT POINT THE COMPRESSED AIR NOZZLE AT YOUR SKIN.,2-1-P6
POISONOUS,adj,,That contains poison,,DO NOT SWALLOW LUBRICATING OIL. | IT IS POISONOUS.,2-1-P7
POLISH,v,"POLISHES, POLISHED, POLISHED",To make smooth or shiny,,POLISH THE WINDOW PANE WITH A SOFT CLOTH.,2-1-P7
POSITION,n,,"The attitude or setting of something that you can adjust, or the place or site where you put something",,"SET THE SWITCH TO THE CORRECT POSITION. | ON THE CENTER PEDESTAL, MAKE SURE THAT THE WARNING NOTICES ARE IN POSITION.",2-1-P8
POSSIBLE,adj,,That can occur,,"IF YOU DO NOT USE A PROTECTIVE COVER, DAMAGE TO THE SURFACE IS POSSIBLE.",2-1-P8
POSSIBLY,adv,,That can occur,,"IF YOU CANNOT ENGAGE THE ROD AND THE PISTON, THE LENGTH OF THE NEW ROD IS POSSIBLY INCORRECT.",2-1-P8
PRECAUTION,n,,That which you do to prevent injury and/or damage,,OBEY THESE PRECAUTIONS.,2-1-P8
PRECISION,n,,The quality of being accurate,,THE TEMPERATURE OF THE OIL HAS AN EFFECT ON THE PRECISION OF THE OIL LEVEL INDICATOR.,2-1-P9
PREPARE,v,"PREPARES, PREPARED, PREPARED",To make or become ready,,PREPARE THE TUBE FOR THE LEAK TEST. | PREPARE FOR THE ELECTRICAL BONDING PROCEDURE.,2-1-P10
PRESSURIZATION,n,,The procedure that supplies or increases the pressure,,CONTINUE THE PRESSURIZATION FOR 10 MINUTES.,2-1-P10
PRESSURIZE,v,"PRESSURIZES, PRESSURIZED, PRESSURIZED",To supply pressure,,PRESSURIZE THE CHAMBER TO 150 psi.,2-1-P10
PREVENT,v,"PREVENTS, PREVENTED, PREVENTED",To make sure that something does not occur,,"TO PREVENT DAMAGE TO THE ENGINE, IMMEDIATELY INSTALL PROTECTIVE COVERS ON ALL OPENINGS.",2-1-P11
PREVIOUS,adj,,That goes before in an unspecified time or sequence,Be accurate. Use LAST (adj) for the event that occurs immediately before in time or sequence.,"IF YOU SELECTED “YES” IN A PREVIOUS STEP, GO TO PARAGRAPH 7.5. | DO THE LAST INSPECTION AGAIN.",2-1-P11
PREVIOUSLY,adv,,"Before, earlier, in the past",,THIS SOFTWARE FINDS TERMS FROM PREVIOUSLY TRANSLATED FILES.,2-1-P11
PRIMARY,adj,,First in importance,,THE PRIMARY FUNCTION OF THE POWER UNIT IS TO SUPPLY ELECTRICAL POWER.,2-1-P11
PROBLEM,n,,Something that is difficult and for which you must find the correct answer,,"IF YOU FIND A PROBLEM DURING THE TEST, REFER TO THE FAULT ISOLATION TABLE.",2-1-P12
PROCEDURE,n,,Steps that are in a sequence,,THIS SECTION GIVES THE PROCEDURE TO DISASSEMBLE THE COMPONENT FULLY.,2-1-P13
PROPERTY,n,,A characteristic or attribute of an object,,THE MAGNETIC PROPERTIES OF THIS METAL DECREASE AT HIGH TEMPERATURES.,2-1-P15
PROPORTION,n,,The ratio of something to something else,"For other meanings, use:",ALWAYS MIX CLEANING AGENTS WITH COLD WATER IN THE CORRECT PROPORTIONS. | THE TEMPERATURE DECREASES IN RELATION TO THE ALTITUDE.,2-1-P15
PROTECTION,n,,"Something to prevent injury, damage, or failure",,APPLY TWO LAYERS OF SEALING COMPOUND ON THE SURFACES THAT HAVE NO PROTECTION.,2-1-P16
PROTECTIVE,adj,,That gives protection,,REMOVE THE PROTECTIVE LAYER.,2-1-P16
PROTRUDE,v,PROTRUDES PROTRUDED PROTRUDED,To be farther forward or out from an adjacent surface,,"IF THE POP-OUT INDICATOR PROTRUDES, REPLACE THE FILTER ELEMENT.",2-1-P16
PULL,v,"PULLS, PULLED, PULLED",To use a force on something to move it toward the source of the force,Use this word together with a preposition or an adverb to show direction.,PULL THE CABLE DOWN AND AWAY FROM THE BRACKET.,2-1-P17
PUSH,v,"PUSHES, PUSHED, PUSHED",1. To apply a force to something to move it away from the source of the force 2. To move with a force against something,Use this word together with a preposition or an adverb to show direction.,PUSH THE INSERT DOWN UNTIL IT TOUCHES THE BOTTOM OF THE HOLE. | THE SPRING UNIT PUSHES AGAINST THE BRAKE PEDAL.,2-1-P18
PUT,v,"PUTS, PUT",To cause something to move or to be in a specified position or condition,No other verb forms.,PUT THE ADAPTER IN POSITION AGAINST ITS SUPPORT. | PUT THE LEVER BACK TO ITS INITIAL POSITION.,2-1-P18
PUT ON,v,"PUTS ON, PUT ON","To cover your skin or face with clothing, or other items that give protection",No other verb forms.,PUT ON SAFETY GOGGLES AND PROTECTIVE CLOTHING.,2-1-P18
QUALITY,n,,"Condition, property, or type",,THIS MEDICAL EQUIPMENT MUST BE OF GOOD QUALITY.,2-1-Q1
QUANTITY,n,,A specified amount or number,"For an amount that you can count, use NUMBER (n).",APPLY A SMALL QUANTITY OF LUBRICATING OIL ON THE THREADS OF THE BOLTS. | MAKE SURE THAT YOU HAVE THE CORRECT NUMBER OF SHIMS AVAILABLE.,2-1-Q1
QUICKLY,adv,,In a fast manner,,MAKE SURE THAT THE PRESSURE DECREASES QUICKLY.,2-1-Q1
RADIAL,adj,,Along a radius,,"DO A CHECK FOR RADIAL CUTS, CRACKS, OR SPLITS.",2-1-R1
RADIALLY,adv,,Along a radius,,THE FAN BLADES ARE INSTALLED RADIALLY.,2-1-R1
RADIOACTIVE,adj,,Related to radioactivity,,DO A CHECK FOR RADIOACTIVE CONTAMINATION.,2-1-R1
RANDOM,adj,,Not regular,,"DURING THIS PROCEDURE, DO RANDOM CHECKS OF THE TIRE PRESSURE.",2-1-R1
RANDOMLY,adv,,Not regularly,,DO THESE CHECKS RANDOMLY.,2-1-R1
RANGE,n,,The limits within which something operates,,THE AUDIO SPECTRUM IS THE FREQUENCY RANGE AT WHICH HUMANS CAN HEAR.,2-1-R1
RATE,n,,A measurement of how frequently or how quickly something occurs,,MAKE SURE THAT THE FLOW RATE IS CORRECT.,2-1-R1
READ,v,"READS, READ, READ",To come to know information with the eyes or electronically,,READ THE INDICATORS ON THE CONTROL PANEL.,2-1-R2
REAR,adj,,Away from the person who looks or from a reference point,,INSTALL THE TWO BOLTS IN THE REAR FITTINGS.,2-1-R3
REAR,n,,The rear part or rear surface,,THE CIRCUIT BREAKERS ARE INSTALLED ON THE REAR OF THE UNIT.,2-1-R3
REARWARD,adv,,In the direction of the rear,,PULL THE LEVER REARWARD.,2-1-R3
RECEIVE,v,"RECEIVES, RECEIVED, RECEIVED","To get energy, material, or a signal from a different source",,MAKE SURE THAT THE CAPTAIN'S BOOMSET RECEIVES THE SIGNALS CORRECTLY.,2-1-R4
RECESS,n,,An indentation in a surface,,"WHEN YOU CLEAN THE SURFACES, REMOVE THE STAINS FROM THE RECESSES.",2-1-R4
RECOMMEND,v,"RECOMMENDS, RECOMMENDED, RECOMMENDED",To advise that which is best,,THE MANUFACTURER RECOMMENDS THAT YOU KEEP THE UNIT IN A DEDICATED AREA.,2-1-R5
RECORD,v,"RECORDS, RECORDED, RECORDED",1. To make notes of and keep data to use subsequently 2. To put data on a storage medium,,RECORD THE RESULTS. | THE COCKPIT VOICE RECORDER RECORDS SIGNALS FROM FOUR AUDIO INPUTS DURING THE FLIGHT.,2-1-R5
RECYCLE,v,"RECYCLES, RECYCLED, RECYCLED",To put a used material through a process to make it possible to use it or its components again,"For other meanings, use:",MAKE SURE THAT YOU RECYCLE THE REMOVED INSULATION MATERIAL. | DO ONE MORE TEST CYCLE OF THE COMPONENT.,2-1-R6
REFER,v,"REFERS, REFERRED, REFERRED",1. To tell a person where to find information 2. To give information,,"REFER TO CHAPTER 28 FOR THE INSTALLATION PROCEDURE. | BEFORE YOU DO THIS PROCEDURE, ENGAGE THE RAMP SERVICE DOOR SAFETY CONNECTOR PIN (THE PIN THAT HOLDS THE RAMP SERVICE DOOR, REFERRED TO IN THIS PROCEDURE AS THE “SAFETY CONNECTOR PIN”).",2-1-R6
REFLECTION,n,,Something that occurs when energy comes against a surface which sends it back,,A CLEAN SURFACE GIVES A BETTER REFLECTION.,2-1-R7
REFUEL,v,"REFUELS, REFUELED, REFUELED",To supply with fuel,,REFUEL THE VEHICLE.,2-1-R7
REGULAR,adj,,At specified or equal intervals,,THE COMPUTER GIVES REGULAR INPUTS TO THE CONTROL SYSTEM.,2-1-R7
REGULARLY,adv,,In a regular manner,,"IF THE FAILURE OCCURS REGULARLY, DO A SYSTEM TEST.",2-1-R7
REJECT,v,"REJECTS, REJECTED, REJECTED",To make a decision that something is unsatisfactory,,REJECT THE PARTS THAT ARE DAMAGED.,2-1-R8
RELATED,adj,,That has a relation,,CLEAN THE BALLS OF THE ELECTRICAL LATCH AND ITS RELATED SOCKETS.,2-1-R8
RELATION,n,,"The connection between two or more things caused by their functions, values, or conditions",,THE RELATION BETWEEN THE TWO CONTROL SYSTEMS KEEPS THE AIRCRAFT STABLE.,2-1-R8
RELEASE,v,"RELEASES, RELEASED, RELEASED","To make free, to let go",,RELEASE THE INSTRUMENT PANEL TO GET ACCESS TO THE CONNECTIONS.,2-1-R9
REMAINING,adj,,That continues to stay,,REMOVE THE REMAINING SEALANT WITH SOLVENT.,2-1-R9
REMOVAL,n,,A procedure which removes an object,,THE SUPERVISOR MUST GIVE THE APPLICABLE PROCEDURE FOR CORROSION REMOVAL.,2-1-R9
REMOVE,v,"REMOVES, REMOVED, REMOVED",To take or move something away from its initial position,,REMOVE THE INDICATOR FROM THE PANEL.,2-1-R9
REPAIR,n,,The act of repairing or the result when something is repaired,,"AFTER THE REPAIR, APPLY A PROTECTIVE LAYER OF GREASE TO ALL EXTERNAL SURFACES.",2-1-R10
REPAIR,v,"REPAIRS, REPAIRED, REPAIRED",To make an item serviceable,,REPAIR THE DEFECTIVE WIRING.,2-1-R10
REPLACE,v,"REPLACES, REPLACED, REPLACED",To remove an item and to install a new or serviceable item of the same type,,REPLACE THE RELAY.,2-1-R11
REPLACEMENT,n,,The item you install when you replace an item,,MAKE SURE THAT THE REPLACEMENT HAS THE CORRECT DIMENSIONS.,2-1-R11
REPORT,n,,The information that is recorded about a subject or occurrence,,"IF THERE IS A REPORT OF DAMAGE, DO AN ACCURATE INSPECTION.",2-1-R11
RESISTANT,adj,,That will help to prevent something,,THE MATERIAL OF THE SEATS IS RESISTANT TO FIRE.,2-1-R12
RESULT,n,,Something that occurs when you do something,,"IF THESE TESTS DO NOT GIVE THE CORRECT RESULTS, REPLACE THE UNIT.",2-1-R13
RETRACT,v,"RETRACTS, RETRACTED, RETRACTED",1. To pull in(to) 2. To move in(to),,RETRACT THE LANDING GEAR. | THE NOSE LANDING GEAR RETRACTS INTO THE FUSELAGE.,2-1-R14
RETRACTION,n,,The result when something retracts,,"DURING THE RETRACTION SEQUENCE, MAKE SURE THAT THE LANDING GEAR DOORS CLOSE.",2-1-R14
RIGHT,adj,,On the east side when you look north,,DO A FLOW CHECK OF THE PUMP IN THE RIGHT WING TANK.,2-1-R15
RIGID,adj,,That cannot easily bend or change shape,,REMOVE THE SCREWS FROM THE RIGID COVER.,2-1-R15
RISK,n,,The possibility that something that is dangerous occurs,,OBEY THE PRECAUTIONS TO PREVENT THE RISK OF FIRE.,2-1-R16
ROUGH,adj,"ROUGHER, ROUGHEST",Not smooth,,CLEAN THE ROUGH SURFACES CAREFULLY.,2-1-R16
ROUNDED,adj,,Not angular,,"WHEN YOU INSTALL THE PART, MAKE SURE THAT THE ROUNDED EDGE IS AGAINST THE STRUCTURE.",2-1-R17
ROUTING,n,,"The specified direction that cables, pipes, wires, and other parts of a system must go along",,DO NOT CHANGE THE ROUTING OF THE PIPE.,2-1-R17
ROW,n,,A number of objects in a line,,THE PANELS ARE INSTALLED IN ROWS.,2-1-R17
RUB,v,"RUBS, RUBBED, RUBBED",To move or cause something to move with pressure and friction along a surface,,RUB THE SURFACE WITH A CLEAN CLOTH. | MAKE SURE THAT THE COILS OF THE OXYGEN HOSE DO NOT RUB TOGETHER.,2-1-R17
SAFE,adj,"SAFER, SAFEST","Not dangerous, disarmed",,"BEFORE YOU CONTINUE THE WORK, MAKE THE AREA SAFE.",2-1-S1
SAFELY,adv,,In a safe manner,,MAKE SURE THAT THE LADDER IS SAFELY ATTACHED.,2-1-S1
SAFETY,n,,A condition that is safe,,"FOR YOUR SAFETY, ALWAYS USE A PROTECTIVE MASK.",2-1-S1
SAFETY,v,"SAFETIES, SAFETIED, SAFETIED",1. To prevent accidental operation 2. To make sure that something does not become loose,,"OPEN AND TAG THE CIRCUIT BREAKERS. | THEN, SAFETY THEM. | SAFETY THE NUT WITH LOCKWIRE.",2-1-S1
SAME,adj,,Agrees in all details,,THE SAME PROCEDURE IS APPLICABLE TO THE TWO UNITS.,2-1-S1
SAME,pron,,Agrees in all details,,THE ADJUSTMENT OF THE LEFT AND RIGHT ACTUATORS MUST BE THE SAME.,2-1-S2
SAMPLE,n,,A piece or quantity of something that you use for an inspection or test procedure to show that it has specified qualities,,"GET A SAMPLE OF THE FUEL. | THEN, MEASURE ITS SPECIFIC GRAVITY.",2-1-S2
SATISFACTORILY,adv,,In a satisfactory manner,,MAKE SURE THAT THE MICROSWITCHES OPERATE SATISFACTORILY.,2-1-S2
SATISFACTORY,adj,,Agrees with all that is necessary,,A CLEARANCE OF 3 mm IS SATISFACTORY.,2-1-S2
SCHEDULE,v,"SCHEDULES, SCHEDULED, SCHEDULED",To plan something in a time or a sequence,,SCHEDULE THE CHECKS OF THE TIRES AT REGULAR INTERVALS.,2-1-S2
SEAL,n,,Something that prevents access or leaks,,APPLY SEALANT TO THE FILLET SEALS.,2-1-S3
SEAL,v,"SEALS, SEALED, SEALED",To prevent access or leaks,,SEAL THE OPENINGS WITH POLYETHYLENE.,2-1-S3
SECONDARY,adj,,Second in importance,,THE SECONDARY FILTER REMOVES THE REMAINING CONTAMINATION.,2-1-S3
SEE,v,"SEES, SAW, SEEN",To know with the eyes,"For other meanings, use:",MAKE SURE THAT YOU CAN SEE THE CABLE THROUGH THE INSPECTION HOLE. | REFER TO TABLE 8001 FOR THE APPLICABLE TORQUE VALUES. | EXAMINE THE MEMBRANE FOR HOLES. | MOVE THE TUBE TO MAKE SURE THAT ITS INNER CONNECTION IS TIGHT.,2-1-S5
SELECT,v,"SELECTS, SELECTED, SELECTED",To make a choice,Do not use this word as a synonym for SET (v).,SELECT THE HYDRAULIC SYSTEM THAT YOU WILL PRESSURIZE. | SELECT A LANGUAGE FROM THE MENU. | SET THE SWITCH TO “TEST.”,2-1-S6
SELECTION,n,,The action or result of choosing,,THE OPERATION OF THE INDICATOR DOES NOT PREVENT THE SELECTION OF SYSTEM 1.,2-1-S6
SEMICIRCULAR,adj,,That has the shape of half a circle,,THE VALVE FLAPS ARE SEMICIRCULAR.,2-1-S6
SEND,v,"SENDS, SENT, SENT",To cause to go,,SEND THE FILTER ELEMENT TO THE MAINTENANCE SHOP FOR THE NECESSARY INSPECTION.,2-1-S6
SENSE,v,"SENSES, SENSED, SENSED",To get an input automatically,,THE TEMPERATURE BULB SENSES THE EXTERNAL AIR TEMPERATURE.,2-1-S6
SENSITIVE,adj,,That can sense small changes,,THE CAPSULE IS SENSITIVE TO PRESSURE CHANGES.,2-1-S6
SEPARATION,n,,The action or result of separating,,SEPARATION OF THESE PARTS IS NOT EASY.,2-1-S7
SEQUENCE,n,,The relation of items that follow one after the other in a list or the relation of steps or events that occur one after the other in time,,TIGHTEN THE BOLTS IN THE SEQUENCE THAT IS GIVEN IN FIGURE 3.,2-1-S7
SERRATION,n,,One or more notches or teeth as in a saw,,MAKE MARKS THAT SHOW THE LOCATION OF THE SERRATIONS.,2-1-S8
SERVICEABLE,adj,,Correct or satisfactory,,DO A VISUAL INSPECTION OF THE ADAPTER TO MAKE SURE THAT IT IS SERVICEABLE.,2-1-S8
SERVICING,n,,The steps necessary to prepare something for operation,,"BEFORE YOU DO SERVICING OF THE HYDRAULIC SYSTEM, ISOLATE IT.",2-1-S8
SET,n,,A group of related items that you (can) use for the same purpose,,USE THE SET OF TOOLS THAT IS SUPPLIED WITH THE UNIT.,2-1-S8
SET,v,"SETS, SET, SET","To put something into a given adjustment, condition, or mode",,SET THE ALTIMETER SCALE TO 1013 mbar.,2-1-S8
SHAKE,v,"SHAKES, SHOOK, SHAKEN",To move or cause to move quickly up and down or from side to side,,SHAKE THE CONTAINER. | THE CONTROL COLUMN STARTS TO SHAKE BEFORE A STALL OCCURS.,2-1-S9
SHAPE,n,,The contour of an object,,THE PATCH MUST BE THE SAME SHAPE AS THE CUTOUT.,2-1-S9
SHARP,adj,"SHARPER, SHARPEST",That can cut or make a hole,,MAKE A HOLE WITH A SHARP TOOL.,2-1-S9
SHEET,n,,A piece of material that is thin in relation to its length and width,,"IF THE SHEETS HAVE DENTS WITH A DEPTH OF MORE THAN 0.5 mm, REMOVE THESE DENTS.",2-1-S10
SHINY,adj,"SHINIER, SHINIEST",That can cause a reflection of light,,CLEAN THE SHINY AREA OF THE OLEO STRUT.,2-1-S10
SHOCK,n,,The sudden effect of energy on a person or object,,SHOCKS CAN CAUSE DAMAGE TO THE GYROSCOPE.,2-1-S10
SHORT,adj,"SHORTER, SHORTEST",That has small length or duration,"If it is possible, be accurate.","ATTACH THE SHORT ARM OF THE BELLCRANK TO THE ROD. | AFTER YOU STOP THE POWER SUPPLY, THE TEMPERATURE DECREASES IN A SHORT TIME. | THIS TIME MUST NOT BE MORE THAN 30 SECONDS.",2-1-S10
SHOW,v,"SHOWS, SHOWED, SHOWN",1. To cause to be seen 2. To be in view or come into view,,THE INDICATOR SHOWS THE LEVEL OF BATTERY CHARGE. | THE SYMBOL SHOWS ON THE SCREEN.,2-1-S11
SIDE,n,,1. The specified surface or area of an object 2. A location or direction that has a relationship to a center or a line of division,,LUBRICATE ONE SIDE OF THE WASHER. | PUSH THE UNIT OUT AND THEN MOVE IT TO THE LEFT SIDE.,2-1-S11
SIGN,n,,The indication of a possible condition,,EXAMINE THE SURFACE FOR SIGNS OF INTERNAL DAMAGE.,2-1-S11
SIMULATE,v,"SIMULATES, SIMULATED, SIMULATED",To make a condition that is the same as one that can occur in operation,,SIMULATE A WHEEL SPEED OF 80 KNOTS.,2-1-S12
SINCE,conj,,Function word that shows: “from some time in the past until a later time or now”,"For other meanings, use:","IF IT IS MORE THAN TWO HOURS SINCE YOU MIXED THE COMPOUND, DO NOT USE IT. | BE CAREFUL WHEN YOU USE ALODINE, BECAUSE IT IS A DANGEROUS MATERIAL.",2-1-S12
SLOPE,n,,A surface that is not level,,"IF THE VEHICLE IS PARKED ON A SLOPE, MAKE SURE THAT WHEEL CHOCKS ARE IN POSITION.",2-1-S14
SLOT,n,,A long opening that is not wide,,PUSH THE CABLES THROUGH THE SLOT IN FRAME 8 AND ATTACH THEM TO THE CLIPS.,2-1-S14
SLOW,adj,"SLOWER, SLOWEST",At low speed,,MAKE SURE THAT THE MOVEMENT OF THE ELEVATORS IS SLOW.,2-1-S14
SLOWLY,adv,,In a slow manner,,TURN THE KNOB SLOWLY.,2-1-S14
SMALL,adj,"SMALLER, SMALLEST","Less than average in dimension, quantity, quality, or capacity",,"IF THE TEMPERATURE INCREASES SUDDENLY, ADD A SMALL QUANTITY OF REAGENT TO GET A STABLE REACTION.",2-1-S15
SMELL,v,"SMELLS, SMELLED, SMELLED",To sense with the nose,,"IF YOU SMELL OIL IN THE COMPARTMENT, REPLACE THE RECIRCULATION FILTERS.",2-1-S15
SMOKE,n,,A gas that has particles of burned material and that you can see,,"WHEN THE CONCENTRATION OF SMOKE IS MORE THAN THE LIMIT, AN ALARM OPERATES.",2-1-S15
SMOKE,v,"SMOKES, SMOKED, SMOKED",To breathe the fumes of burning material and especially tobacco,,DO NOT SMOKE IN THE WORK AREA.,2-1-S15
SMOOTH,adj,"SMOOTHER, SMOOTHEST",1. That has a continuous uniform surface 2. That has a constant rate of movement,,MAKE SURE THAT THE PAINTED SURFACE IS SMOOTH. | EXAMINE THE LINKAGE FOR SMOOTH MOVEMENT.,2-1-S15
SMOOTHLY,adv,,In a smooth manner,,MAKE SURE THAT THE REDUCTION GEAR MOVES SMOOTHLY.,2-1-S15
SOAK,v,"SOAKS, SOAKED, SOAKED",1. To put something into a liquid and keep it there until it is fully wet or soft 2. To stay in liquid until fully wet or soft.,,SOAK THE FILTER IN THE CLEANING SOLUTION FOR 4 HOURS. | THE COMPONENT MUST SOAK IN THE SOLUTION FOR A MINIMUM OF 2 HOURS.,2-1-S16
SOFT,adj,"SOFTER, SOFTEST","Flexible, not hard",,"RUB THE SURFACE WITH A SOFT, DRY CLOTH.",2-1-S16
SOLID,adj,,That has the properties of a solid,,THE RAILS ARE MADE FROM SOLID BARS.,2-1-S16
SOLID,n,,Material that is not a gas or a liquid,,APPLY HEAT SLOWLY TO THE SOLID TO MONITOR ITS MELTING POINT.,2-1-S16
SOLUTION,n,,1. A liquid that includes a dissolved material 2. The answer to a problem,,PREPARE THE SOLUTION IN A CONTAINER MADE OF CERAMIC MATERIAL. | THE TEAM'S WORK WAS IMPORTANT FOR THE SOLUTION OF THE TECHNICAL PROBLEM.,2-1-S17
SOME,adj,,Related to a quantity not specified,,SOME MODELS DO NOT HAVE THIS FUNCTION.,2-1-S17
SOME,pron,,Related to a quantity not specified,,"SOME MODELS HAVE THIS FUNCTION, BUT SOME DO NOT.",2-1-S17
SOMETHING,pron,,A thing that is not determined or specified,,"IF SOMETHING UNUSUAL OCCURS, DO THE NECESSARY CHECKS TO FIND THE CAUSE.",2-1-S17
SOUND,n,,Something that you can hear,,INCREASE THE VOLUME OF THE SOUND.,2-1-S17
SOURCE,n,,1. Something that supplies energy or data 2. The point where something starts,,THE SOLAR PANEL IS A SATISFACTORY SOURCE OF ENERGY. | FIND THE SOURCE OF THE LEAKAGE.,2-1-S18
SPACE,n,,"A distance, area, or volume",,PUT THE SEALANT INTO THE SPACE BEHIND THE FLANGE OF THE WATER INJECTOR.,2-1-S18
SPARK,n,,"A hot, bright particle of a material that burns",,DO NOT USE TEST EQUIPMENT THAT CAN CAUSE SPARKS.,2-1-S18
SPEAK,v,"SPEAKS, SPOKE, SPOKEN",To use a voice to make words,,SPEAK INTO THE MICROPHONE.,2-1-S18
SPECIAL,adj,,For a specified function,,TIGHTEN THE SPECIAL NUT.,2-1-S18
SPECIALLY,adv,,In a special manner,,THIS EXTRACTOR IS SPECIALLY MADE TO REMOVE THESE PINS.,2-1-S19
SPECIFIED,adj,,"Given in, identified in, or related to a specification, regulation, or procedure",,INFLATE THE TIRE WITH NITROGEN TO THE SPECIFIED PRESSURE.,2-1-S19
SPEED,n,,The rate of movement,,"ON THIS ROAD, THE MAXIMUM PERMITTED SPEED IS 30 MPH.",2-1-S19
SPHERICAL,adj,,That has the shape of a sphere,,THE ACCUMULATORS ARE SPHERICAL AND HAVE BLADDERS.,2-1-S19
SPILL,v,"SPILLS, SPILLED, SPILLED","To accidentally flow, or cause to flow, out of a container",,"IF THE ELECTROLYTE SPILLS, REMOVE IT IMMEDIATELY. | IF YOU SPILL THE ELECTROLYTE, REMOVE IT IMMEDIATELY.",2-1-S19
SPRAY,n,,A jet of very small drops of liquid,,THE SEALANT IS RESISTANT TO SALT SPRAY.,2-1-S20
SPRAY,v,"SPRAYS, SPRAYED, SPRAYED",To apply as a spray,,DO NOT SPRAY DISINFECTANTS DIRECTLY ONTO THE CARPETS OR INSTRUMENT PANELS.,2-1-S21
STABLE,adj,,That does not change or move,,MAKE SURE THAT THE TEMPERATURE INDICATIONS ARE STABLE.,2-1-S21
STANDARD,adj,,Related to equipment and procedures that are normally used,,"IN THIS PROCEDURE, USE STANDARD TOOLS.",2-1-S22
START,n,,The beginning of a movement or operation,,MOVEMENT CAN BE SLOW AT THE START.,2-1-S22
START,v,"STARTS, STARTED, STARTED",1. To begin a 2. To come into,"procedure, movement, or operation being, activity, or operation",START THE ENGINE. | MEASURE THE BEND RADIUS OF THE HOSE FROM THE POINT WHERE THE BEND STARTS.,2-1-S22
STAY,v,"STAYS, STAYED",To continue to be in a location or condition,No other verb forms.,MAKE SURE THAT THE ASSEMBLED PARTS STAY ALIGNED.,2-1-S23
STEP,n,,A specified part of a procedure,,DO STEPS 13 THRU 16 A MINIMUM OF THREE TIMES.,2-1-S23
STOP,v,"STOPS, STOPPED, STOPPED",1. To cause the end 2. To come to an end,"of a procedure, movement, or an operation","STOP THE ENGINE. | WHEN THE FLOW STOPS, REMOVE THE DRAIN HOSE.",2-1-S24
STOW,v,"STOWS, STOWED, STOWED",To move or cause to move into a specified position of storage.,,STOW THE LIFE VEST SAFELY BELOW THE PASSENGER SEAT. | MAKE SURE THAT THE THRUST REVERSER STOWS WHEN YOU PUSH THE QUADRANT CONTROL FORWARD.,2-1-S24
STRAIGHT,adj,"STRAIGHTER, STRAIGHTEST",Without curves or bends,,MAKE SURE THAT THE STRAIGHT PART OF THE RIGGING PIN IS SMOOTH.,2-1-S25
STRIP,n,,"A piece of material that is long and thin, but not wide",,PUT A STRIP OF ADHESIVE TAPE ALONG THE INSULATION BLANKET.,2-1-S25
STRIPE,n,,A line on a surface which is a different color,,THE FLAG HAS RED AND WHITE STRIPES.,2-1-S25
STRONG,adj,"STRONGER, STRONGEST","With much strength, power, or concentration",,"WHEN WINDS ARE STRONG, MOOR THE AIRCRAFT CAREFULLY.",2-1-S26
STRUCTURAL,adj,,Related to the structure,,THE CHASSIS IS A STRUCTURAL COMPONENT OF THE VEHICLE.,2-1-S26
STRUCTURALLY,adv,,Related to the structure,,THE LIST GIVES YOU STRUCTURALLY IMPORTANT ITEMS.,2-1-S26
STRUCTURE,n,,1. A construction 2. The arrangement of something,,ATTACH THE WIRES TO THE STRUCTURE. | THE INTRODUCTION GIVES YOU THE STRUCTURE OF THE MAINTENANCE MANUAL.,2-1-S26
SUBASSEMBLY,n,,An assembly that is a part of a larger assembly,,DO NOT CHANGE THE POSITION OF THE SUBASSEMBLIES.,2-1-S26
SUBSEQUENT,adj,,Following in an unspecified time or sequence,Use NEXT (adj) for the first occurrence that follows immediately in time or sequence.,A SUBSEQUENT REPAIR WILL BE FOR THE NEW CONFIGURATION ONLY. | DO THE NEXT INSPECTION.,2-1-S26
SUBSEQUENTLY,adv,,After an unspecified time,Use THEN (adv) for an occurrence that follows immediately in time or sequence.,"MAKE SURE THAT THE TOOL IS SUBSEQUENTLY AVAILABLE FOR THE INSTALLATION PROCEDURE. | LIFT THE COVER. | THEN, PULL THE HANDLE.",2-1-S27
SUBTRACT,v,"SUBTRACTS, SUBTRACTED, SUBTRACTED",To take from a number or quantity,,SUBTRACT COEFFICIENT “A” FROM THE INDICATION.,2-1-S27
SUCH,adj,such as,Of the same group FOR EXAMPLE,,"WHEN YOU DO WORK ON SUCH SYSTEMS, USE GOGGLES. | WHEN YOU REMOVE THE STUD, USE APPLICABLE TOOLS. | FOR EXAMPLE, USE A PLASTIC MALLET AND A PUNCH.",2-1-S28
SUDDEN,adj,,That occurs in a short time,,SUDDEN MOVEMENT CAN CAUSE DAMAGE TO THE LIMIT STOPS.,2-1-S28
SUDDENLY,adv,,In a sudden manner,,"IF THE TEMPERATURE INCREASES SUDDENLY, STOP THE ENGINE.",2-1-S28
SUFFICIENT,adj,,Not less (or more) than necessary,,ADJUST THE CLAMP UNTIL THERE IS SUFFICIENT FRICTION TO KEEP IT IN POSITION.,2-1-S28
SUFFICIENTLY,adv,,Not less (or more) than necessary,,"WHEN THE PAINT IS SUFFICIENTLY SOFT, REMOVE IT WITH A PLASTIC SPATULA.",2-1-S28
SUM,n,,The result when you add,,CALCULATE THE SUM OF THE LOADS FOR EACH AREA.,2-1-S29
SUPPLY,n,,Something that is supplied,,STOP THE ELECTRICAL POWER SUPPLY.,2-1-S29
SUPPLY,v,"SUPPLIES, SUPPLIED, SUPPLIED",1. To give something that is necessary 2. To make something available for use,,SUPPLY ELECTRICAL POWER TO THE AUXILIARY SYSTEM. | THE POWER UNIT SUPPLIES ELECTRICITY TO THE CONTROL SYSTEM.,2-1-S29
SURE,adj,,Certain,,"IF YOU ARE NOT SURE THAT A PART IS SERVICEABLE, DISCARD IT.",2-1-S29
SURFACE,n,,One or more of the faces of something,,"CLEAN THE SURFACE WITH A SOFT, DRY CLOTH.",2-1-S29
SWALLOW,v,"SWALLOWS, SWALLOWED, SWALLOWED",To take through the mouth and esophagus into the stomach,Use this word for safety instructions only.,"IF YOU SWALLOW NITRIC ACID, DO NOT CAUSE VOMITING. | GET MEDICAL AID IMMEDIATELY.",2-1-S30
SYMBOL,n,,"A written sign that identifies a quantity, operation, item, or condition",,"THE SPECIFICATION GIVES THE SYMBOLS FOR RELAYS, DIODES, AND OTHER PARTS OF THE SYSTEM.",2-1-S31
SYMMETRICAL,adj,,That has or is with symmetry,,MAKE SURE THAT THE POSITION OF THE PARTS IS SYMMETRICAL.,2-1-S31
SYMMETRICALLY,adv,,In a symmetrical manner,,THE ELEVATORS MUST MOVE SYMMETRICALLY.,2-1-S31
SYMPTOM,n,,A sign of a condition,,"IF THE SYMPTOMS OCCUR AGAIN, REMOVE THE UNIT.",2-1-S31
SYNCHRONIZED,adj,,1. That operates at the same time 2. That agrees with,,MAKE SURE THAT THE TWO ROTORS ARE SYNCHRONIZED. | MAKE SURE THAT THE TIMER IS SYNCHRONIZED WITH THE GPS CLOCK.,2-1-S32
SYSTEM,n,,An assembly of related parts to do a specified operation,,DO NOT FILL THE SYSTEM DIRECTLY FROM A HIGH-PRESSURE CYLINDER.,2-1-S32
TACKY,adj,,Sticky when you touch it,No other forms of this adjective,"WHEN THE COMPOUND IS TACKY, APPLY THE PATCH.",2-1-T1
TAG,v,"TAGS, TAGGED, TAGGED",To put a tag on,,"OPEN AND TAG THE CIRCUIT BREAKERS. | THEN, SAFETY THEM.",2-1-T1
TAP,v,"TAPS, TAPPED, TAPPED",To hit lightly and quickly,,TAP THE BOLT WITH A MALLET.,2-1-T1
TASK,n,,Assigned work or procedure,,EACH TASK HAS AN IDENTIFICATION LETTER.,2-1-T2
TELESCOPIC,adj,,Related to items that retract into each other,,INSTALL THE TELESCOPIC LENS IN THE CAMERA.,2-1-T2
TELL,v,"TELLS, TOLD, TOLD",To give an order or supply information,,PUT A WARNING NOTICE IN THE ENTRANCE TO TELL VISITORS ABOUT THE SAFETY PRECAUTIONS. | THE COMPUTER TELLS THE TECHNICIAN THE ERROR CODE.,2-1-T2
TEMPORARILY,adv,,In a temporary manner,,ATTACH THE COVER TEMPORARILY.,2-1-T2
TEMPORARY,adj,,"For a short time only, not permanent",,THIS INSTALLATION IS ONLY TEMPORARY.,2-1-T2
TERTIARY,adj,,Third in importance,,"THERE ARE THREE CLASSES OF STRUCTURE: PRIMARY, SECONDARY, AND TERTIARY.",2-1-T3
TEST,n,,The procedure where an object or system is operated to make sure that its performance and/or function is correct,,DISCONNECT ALL THE SYSTEMS WHICH ARE NOT NECESSARY FOR THE TEST.,2-1-T3
THAN,conj,,Function word that you use with comparative adjectives or adverbs,,MAKE SURE THAT THE TOTAL ANGLE IS SMALLER THAN 20 DEG. | CORROSION CAN OCCUR MORE EASILY IN THIS AREA THAN IN OTHER AREAS.,2-1-T3
THAT,conj,,Function word that starts a subordinate clause,"Refer to section 9, GR-1.",MAKE SURE THAT THE SURFACE IS CLEAN.,2-1-T3
THAT,pron,,Function word that shows the person or thing referred to,,EXAMINE THE UNIT TO SEE IF THAT IS THE PROBLEM.,2-1-T3
THE,art,,Function word: definite article,,REMOVE THE SEVEN FLEXIBLE HOSES.,2-1-T3
THEIR,adj,,Belonging to persons or things,,WRITE TO THE MANUFACTURERS FOR THEIR REPAIR SCHEMES.,2-1-T3
THEM,pron,,Function word that shows the persons or things referred to,,"IF THE SURFACES ARE DIRTY, CLEAN THEM.",2-1-T3
THEN,adv,,Immediately after in time or sequence,,"LIFT THE COVER. | THEN, PULL THE HANDLE.",2-1-T3
THERE,adv,,In that position,,"IF THE LABEL IS NOT THERE, ATTACH A NEW ONE.",2-1-T4
THERE,pron,,Function word that starts a sentence or a subordinate clause,,THERE ARE THREE MEASUREMENT POINTS ON THE DIAGRAM. | MAKE SURE THAT THERE ARE NO LOOSE OBJECTS.,2-1-T4
THESE,adj,,Refers to specified persons or things,,REMOVE THESE PARTS FROM THEIR RELATED BOXES.,2-1-T4
THESE,pron,,Function word that shows the persons or things referred to,,THESE ARE SPECIAL TOOLS.,2-1-T4
THEY,pron,,Function word that shows the persons or things referred to,,DENTS ARE NOT PERMITTED IF THEY PREVENT CORRECT OPERATION OF THE PARTS.,2-1-T4
THICK,adj,"THICKER, THICKEST",That has a specified or large thickness,,INSTALL A SHIM THAT IS 3.5 mm THICK. | APPLY A THICK LAYER OF GREASE ON THE BARE METAL.,2-1-T4
THICKNESS,n,,The smallest of the three dimensions,,THE THICKNESS OF THE PRIMER LAYER MUST BE BETWEEN 0.05 mm AND 0.06 mm.,2-1-T4
THIN,adj,"THINNER, THINNEST",That has a small thickness,,APPLY A THIN LAYER OF SEALING COMPOUND ON THE BARE METAL.,2-1-T5
THINK,v,"THINKS, THOUGHT, THOUGHT",To have an opinion,,"IF YOU THINK THAT THE WATER WILL FREEZE, ADD ANTIFREEZE.",2-1-T5
THIS,adj,,Refers to a specified person or thing,,DO THIS TEST AT FULL VOLTAGE.,2-1-T5
THIS,pron,,Function word that shows the person or thing referred to,"Refer to section 9, GR-4.",REFER TO THE FAULT ISOLATION TABLE. | THIS TELLS YOU THE PARTS TO REPLACE.,2-1-T5
THOSE,pron,,Function word that shows the persons or things referred to,,"WHEN YOU EXAMINE THE PARTS, DISCARD THOSE THAT ARE DAMAGED.",2-1-T5
THROUGH,adv,,Function word that shows movement into one end or side and out of the other,,"IF FUMES COME THROUGH, DO THE EMERGENCY PROCEDURE.",2-1-T5
THROUGH,prep,,Function word that shows movement into one end or side and out of the other,,MAKE SURE THAT THE FLUID THAT GOES THROUGH THE TUBE HAS NO BUBBLES.,2-1-T5
THRU,prep,,From a point in a sequence to another,,DO STEPS 4 THRU 10 AGAIN.,2-1-T6
THUS,adv,,For that reason,"For other meanings, use:","THIS BOILER CONTROLLER IS APPLICABLE TO ALL SYSTEMS. | THUS, IT CAN ALSO CONTROL THERMAL OIL HEATERS. | CALCULATE THE THICKNESS OF THE SHIM AS FOLLOWS: T=X-Y.",2-1-T6
TIGHT,adj,"TIGHTER, TIGHTEST",Not free,"For other meanings, use:",MAKE SURE THAT THE NUTS ARE TIGHT. | MAKE SURE THAT THE FUEL TANK IS SEALED. | MAKE SURE THAT THERE IS TENSION IN THE LOCKWIRE.,2-1-T6
TIGHTEN,v,"TIGHTENS, TIGHTENED, TIGHTENED",To cause to be tight,,TIGHTEN THE SCREWS.,2-1-T6
TIGHTLY,adv,,In a tight manner,,HOLD THE CYLINDER TIGHTLY.,2-1-T6
TILT,v,"TILTS, TILTED, TILTED",To move at an angle or to put something at an angle between the vertical and the horizontal,,"TO ALIGN THE BOLT, TILT IT TO THE LEFT SIDE. | IF THE SHAFT TILTS, STOP THE TEST PROCEDURE.",2-1-T7
TIME,n,,1. A duration that you can measure 2. An occurrence,,THE TIME BETWEEN CLICKS MUST BE 20 SECONDS. | DO STEP 2 THREE TIMES. | DO NOT TIGHTEN THE NUTS AT THIS TIME.,2-1-T7
TO,prep,,"Function word that shows: - The direction of, point of arrival or time, connection, result, cause - That the word that follows is an infinitive",,SET THE SWITCH TO “OFF”. | THIS VALUE IS EQUIVALENT TO THE MAXIMUM. | ATTACH THE UNIONS TO THE VALVE. | GET ACCESS TO THE SELECTOR VALVES. | TRY TO LIFT THE COVER MANUALLY.,2-1-T7
TOGETHER,adv,,In one group or position AT THE SAME TIME,"For other meanings, use:",USE TAPE TO ATTACH THE CABLES TOGETHER. | DISASSEMBLE THE BYPASS VALVE AND THE DUMP VALVE AT THE SAME TIME.,2-1-T8
TOLERANCE,n,,A permitted difference from a standard,,THE TOLERANCE IS PLUS OR MINUS 0.2 mm.,2-1-T8
TOO,adv,,More than is necessary or correct,,MAKE SURE THAT THE TEMPERATURE IS NOT TOO HIGH.,2-1-T8
TOOL,n,,An object used to make or do something,,REMOVE ALL TOOLS AND EQUIPMENT.,2-1-T8
TOP,adj,,That is uppermost,,A NUMBER IN THE TOP LEFT CORNER OF THE DISPLAY REFERS TO A RELATED PAGE.,2-1-T8
TOP,n,,The uppermost position,,THE VERTICAL STABILIZER IS INSTALLED ON THE TOP OF THE FUSELAGE TAIL SECTION.,2-1-T8
TORQUE,v,"TORQUES, TORQUED, TORQUED",To tighten to a specified torque,,TORQUE THE PLUG TO 6 Nm.,2-1-T8
TOTAL,adj,,All of,,THE TOTAL QUANTITY OF FUEL IN THE CENTER TANK IS 5000 lb.,2-1-T8
TOTAL,n,,The full quantity,,ADD THE VALUES. | THE TOTAL MUST NOT BE MORE THAN 15 mm.,2-1-T9
TOUCH,v,"TOUCHES, TOUCHED, TOUCHED",To be in contact,,MAKE SURE THAT THE LOCK NUT TOUCHES THE SPRING.,2-1-T9
TOW,v,"TOWS, TOWED, TOWED",To pull something along,,"BEFORE YOU TOW THE VEHICLE BACK TO ITS INITIAL POSITION, COMPLETE THE PROCEDURE",2-1-T9
TRANSMIT,v,"TRANSMITS, TRANSMITTED, TRANSMITTED",To send energy or a signal,,MAKE SURE THAT THE TRANSPONDER TRANSMITS THE SIGNAL CORRECTLY.,2-1-T10
TRANSPARENT,adj,,Easy to see through,,PUT A TRANSPARENT SHEET OF PLASTIC ON THE SURFACE.,2-1-T10
TRAVEL,n,,The movement of an item,,MAKE SURE THAT THE RANGE OF TRAVEL OF THE CONTROL SURFACES IS CLEAR.,2-1-T10
TRY,v,"TRIES, TRIED, TRIED",To make an effort to do something,,TRY TO MOVE THE CONTROL COLUMN.,2-1-T12
TUNE,v,"TUNES, TUNED, TUNED",To adjust equipment to the best performance,,TUNE ADF 1 TO A KNOWN FREQUENCY.,2-1-T12
TURN,n,,One full cycle of movement around an axis,,LET THE PRESSURE BECOME STABLE AFTER EACH TURN OF THE ADJUSTMENT SCREW.,2-1-T12
TURN,v,"TURNS, TURNED, TURNED",To move or cause to move around an axis or a point,,TURN THE CONTROL CLOCKWISE. | THE BEARING TURNS AT 1500 RPM.,2-1-T12
TWIST,v,"TWISTS, TWISTED, TWISTED",1. To use a force that turns something and causes a distortion 2. To turn or change shape as a result of torsion,,"DO NOT TWIST THE CABLES. | IF THE CABLE TWISTS, DISCONNECT THE TWO CONNECTORS.",2-1-T13
TYPE,n,,A specified group,,FIND THE TYPE AND DIMENSIONS OF THE DAMAGE.,2-1-T13
TYPICAL,adj,,That has the important qualities of a group,,THIS INSTALLATION PROCEDURE IS TYPICAL FOR THIS TYPE OF FASTENER. | Blank Page,2-1-T13
UNDEMANDED,adj,,That occurs without an apparent cause,,"IF YOU GET AN UNDEMANDED MOVEMENT, DO A TEST OF THE SYSTEM.",2-1-U1
UNFOLD,v,"UNFOLDS, UNFOLDED, UNFOLDED",To open or to straighten or to cause to open or to straighten from a folded position or condition,,UNFOLD THE SHEETING CAREFULLY. | MAKE SURE THAT THE INDICATOR LIGHT COMES ON WHEN THE BLADES UNFOLD.,2-1-U3
UNIT,n,,1. Equipment that does a function 2. A quantity that is a standard of measurement,,YOU CAN REPLACE A LARGE NUMBER OF UNITS DURING THIS REPAIR PROCEDURE. | THIS MANUAL USES SI UNITS.,2-1-U3
UNKNOWN,adj,,Not known,,DO NOT USE FUEL WITH UNKNOWN PROPERTIES.,2-1-U3
UNLESS,conj,,Except if,,DO NOT REMOVE THE ADAPTER FROM THE STABILIZER UNLESS A REPAIR IS NECESSARY.,2-1-U4
UNLOCK,v,"UNLOCKS, UNLOCKED, UNLOCKED",To release or become released from a locked condition,,"BEFORE YOU UNLOCK THE DOOR, MAKE SURE THAT THE CABIN DIFFERENTIAL PRESSURE IS ZERO. | IF THE LEVER UNLOCKS DURING THE TEST, SET THE LEVER TO THE LOCKED POSITION AGAIN.",2-1-U4
UNSATISFACTORILY,adv,,In an unsatisfactory manner,,"IF THE ELEVATORS OPERATE UNSATISFACTORILY, MOVE THE CONTROL COLUMN.",2-1-U5
UNSATISFACTORY,adj,,Not satisfactory,,"IF THE CONDITION OF THE FILTERS IS UNSATISFACTORY, REPLACE THEM.",2-1-U5
UNSERVICEABLE,adj,,Not fit for its purpose,,REPLACE THE UNSERVICEABLE BUSHINGS.,2-1-U5
UNTIL,conj,,Up to the time that,,MOVE THE LEVER UNTIL THE END OF THE LINK TOUCHES THE LOCK BAR.,2-1-U6
UNTIL,prep,,Up to the time of,,KEEP THE FIRE BOTTLE ARMED UNTIL THE END OF THE TEST.,2-1-U6
UNUSUAL,adj,,Not usual,,UNUSUAL LOADS CAN CAUSE TREAD SEPARATION IN THE TIRES.,2-1-U6
UNUSUALLY,adv,,In an unusual manner,,THE VALVE OPERATES WHEN THERE IS AN UNUSUALLY LARGE FLOW OF FLUID.,2-1-U6
UNWANTED,adj,,That must not be there,,"UNWANTED AIR GOES OUT THROUGH THE OVERFLOW PORT. | IF THE DRAIN HOLE IS BLOCKED, REMOVE THE UNWANTED MATERIAL.",2-1-U6
UNWIND,v,"UNWINDS, UNWOUND, UNWOUND",To remove or become removed from around an object,,"UNWIND THE CABLE. | IF THE HOSE UNWINDS TOO QUICKLY FROM THE REEL, STOP THE TEST.",2-1-U6
UP,adj,,In a position above,,MAKE SURE THAT THE ANCHOR IS UP.,2-1-U6
UP,adv,,To a position above,,"IF THE POINTER MOVES UP, DECREASE THE POWER.",2-1-U6
UP,prep,,To a position above,,LET THE SLEEVE MOVE UP THE GUIDE TUBE.,2-1-U6
UPSTREAM,adj,,In a direction opposite to the flow,,DISCONNECT THE UPSTREAM CONNECTION OF THE VALVE.,2-1-U7
UPSTREAM,adv,,In a direction opposite to the flow,,MOVE THE PROBE UPSTREAM AND MONITOR THE TEMPERATURE AGAIN.,2-1-U7
UPSTREAM OF,prep,,In a direction opposite to the flow,,DISCONNECT THE CONNECTION UPSTREAM OF THE VALVE.,2-1-U7
USE,v,"USES, USED, USED",To make something do its specified function,,"IN THIS STEP, USE AUXILIARY SCREWS. | USE A SPECIAL CONTAINER FOR STORAGE. | DURING THE CLEANING PROCEDURE, DO NOT USE HIGH PRESSURE.",2-1-U8
USUAL,adj,,That you use or that occurs most frequently,,"IF YOU DO NOT GET THE USUAL RESULTS, DO A SYSTEM TEST.",2-1-U8
USUALLY,adv,,In a usual manner,,"USUALLY, THE HYDRAULIC FLUID FLOWS INTO THE VALVE THROUGH PORT A.",2-1-U8
VALUE,n,,A quantity that is calculated or given,,MAKE SURE THAT THE VALUES AGREE WITH THE SPECIFIED TOLERANCES.,2-1-V1
VERTICAL,adj,,At 90 degrees to the horizon,,MEASURE THE VERTICAL DISTANCE BETWEEN THE TWO POINTS ON THE GRAPH.,2-1-V2
VERTICALLY,adv,,At 90 degrees to the horizon,,THE POINTER MOVES VERTICALLY ALONG THE SCALE.,2-1-V2
VERY,adv,,To a high degree,,ADD THE OIL VERY SLOWLY.,2-1-V2
VIBRATION,n,,Regular movement from a center position,,PRESSURE SURGES AND VIBRATION CAN CAUSE WEAR ON THE HOSES.,2-1-V3
VIEW,n,,The ability to see something,,MAKE SURE THAT YOU HAVE A SATISFACTORY VIEW OF ALL COMPONENTS.,2-1-V3
VISUAL,adj,,That you can see,,MAKE SURE THAT THE VISUAL INDICATOR SHOWS THE CORRECT VALUE.,2-1-V4
VISUALLY,adv,,With the eyes,,VISUALLY EXAMINE THE DUCT.,2-1-V4
VOICE,n,,The sound you make when you speak,,SPEAK INTO THE MICROPHONE IN YOUR USUAL VOICE.,2-1-V4
VOLUME,n,,1. The space that an object fills 2. How loud a sound is,,"MEASURE THE VOLUME OF THE OIL CAREFULLY. | TO ADJUST THE VOLUME, USE THE BUTTONS ON THE SIDE OF THE PHONE.",2-1-V4
WAIT,v,"WAITS, WAITED, WAITED",To stop doing something while another thing occurs.,,(1) IF THE STATUS OF THE FAULT IS “NOT CONFIRMED”: (a) OPEN THE APPLICABLE CIRCUIT BREAKER. (b) WAIT FOR 4 MINUTES. (c) DO THE BITE TEST.,2-1-W1
WALK,v,"WALKS, WALKED, WALKED",To move on foot from one location to a different location,,DO NOT WALK ON THIS AREA.,2-1-W1
WANT,v,"WANTS, WANTED, WANTED","To intend, to desire",,"RECORD THE NAME OF THE FILE THAT YOU WANT TO DOWNLOAD. | IF YOU WANT TO STOP THE PROCEDURE, RECORD THE NUMBER OF THE LAST COMPLETED STEP.",2-1-W1
WARM,adj,,Moderately hot,,"KEEP THE GASKETS IN A WARM, DRY AREA.",2-1-W1
WE,pron,,"The manufacturer, company, or organization that releases the documentation",Do not use this pronoun for other meanings.,WE DO NOT RECOMMEND OTHER ALTERNATIVES.,2-1-W2
WEAK,adj,"WEAKER, WEAKEST","With small strength, power, or concentration",,USE A WEAK CLEANING SOLUTION.,2-1-W2
WEAR,v,"WEARS, WORE, WORN",To become damaged by friction,"For other meanings, use:","THE CABLE CAN WEAR QUICKLY IN THIS POSITION. | DURING THE SOLDERING PROCEDURE, USE A PROTECTIVE SHIELD. | WHEN YOU USE THE SOLVENT, PUT ON PROTECTIVE CLOTHING.",2-1-W2
WEATHER,n,,"Conditions of the atmosphere: temperature, moisture, winds, and clouds",,STEP 2 IS APPLICABLE ONLY IF THE WEATHER IS WET.,2-1-W2
WEIGH,v,"WEIGHS, WEIGHED, WEIGHED",1. To measure the weight of something 2. To have a specified weight,,WEIGH THE TWO PARTS OF THE COMPOUND. | THE UNIT WEIGHS 20 kg.,2-1-W3
WEIGHT,n,,The force caused when gravity acts on the mass of an object,,THE BASIC WEIGHT OF THE UNIT DOES NOT INCLUDE THE PROTECTIVE COVERS.,2-1-W3
WET,adj,"WETTER, WETTEST","That has liquid on it, in it, or absorbed into it",,DRY THE WET SURFACES.,2-1-W3
WHEN,conj,,At the time that or during,,"WHEN THE PISTON MOVEMENT STOPS, MEASURE THE TRAVEL.",2-1-W3
WHERE,conj,,"At, to, or in which location",,CLEAN THE AREA WHERE YOU APPLIED THE SEALANT.,2-1-W3
WHICH,pron,,The thing or things that,,"EXAMINE THE EMERGENCY FUEL PUMP, WHICH IS ON THE LEFT SIDE.",2-1-W4
WHILE,conj,,At the same time,,"MAKE SURE THAT A PERSON HOLDS THE ITEM, WHILE YOU DISCONNECT IT.",2-1-W4
WHO,pron,,The person or personnel that,,"THE DECKHAND, WHO OPERATES THE REAR WINCH, MUST LOCK THE FIXTURE.",2-1-W4
WIDE,adj,"WIDER, WIDEST",That has a specified or large width,,"REPAIR ALL CRACKS THAT ARE WIDER THAN 0,05 mm.",2-1-W5
WIDTH,n,,"The smaller of two dimensions, the second- largest of three dimensions",,MEASURE THE WIDTH OF THE CRACK AT THE WIDEST POINT.,2-1-W5
WILL,v,,Auxiliary modal verb that shows simple future tense,No other verb forms.,WARNINGS AND CAUTIONS IN THIS MANUAL WILL HELP YOU TO DO THE WORK SAFELY AND CORRECTLY.,2-1-W5
WIND,v,"WINDS, WOUND, WOUND",To move around and around an object,,WIND THE TAPE ON THE REEL.,2-1-W5
WITH,prep,,"Function word that shows association or relationship, help or sharing, a means or instrument","Refer to section 9, GR-2.",ALIGN THE MARK WITH THE LONGITUDINAL AXIS. | ATTACH THE FLANGE (10) WITH THE FOUR BOLTS (15). | REMOVE THE VALVE (2) WITH THE EXTRACTOR.,2-1-W6
WITHOUT,prep,,Not with,,SMALL DAMAGE IS PERMITTED WITHOUT REPAIR. | REFER TO TABLE 1 FOR THE APPLICABLE LIMITS.,2-1-W6
WORK,n,,"That which you do when you use physical strength, or mental power",,DO THE WORK IN A CLEAN AREA.,2-1-W6
WRITE,v,"WRITES, WROTE, WRITTEN","To record data or information as words, letters, or symbols",,WRITE THE TEST DATE ON THE CERTIFICATE.,2-1-W7
YES,adv,,Function word that shows the positive answer to a question,,DOES THE LIGHT COME ON? | YES OR NO?,2-1-Y1
YOU,pron,,The reader or the user,,YOU CAN CONTINUE THE TEST. | HOT SURFACES CAN BURN YOU.,2-1-Y1
YOUR,adj,,Related to the reader or the user,,"IF YOU GET SOLVENT IN YOUR EYES, FLUSH THEM IMMEDIATELY WITH WATER.",2-1-Y1
