word,part_of_speech,status,other_forms,approved_meaning,approved_alternatives,alternatives_raw,guidance,ste_examples,non_ste_examples,page
A,art,STE (approved),,Function word: indefinite article,,Function word: indefinite article,,A FUEL PUMP IS INSTALLED IN ZONE 10.,,2-1-A1
abaft,prep,Non-STE (not approved),,,AFT OF (prep),AFT OF (prep),,THE CONTROL UNIT IS INSTALLED AFT OF THE FLIGHT COMPARTMENT.,The control unit is installed abaft the flight compartment.,2-1-A1
abandon,v,Non-STE (not approved),,,GO (v) | STOP (v),GO (v) STOP (v),,"IF THERE IS A FIRE, IMMEDIATELY GO TO A SAFE AREA. | IF THE VALUES ARE INCORRECT, STOP THE TEST PROCEDURE.","If there is a fire, immediately abandon the area. | If the values are incorrect, abandon the test procedure.",2-1-A1
abate,v,Non-STE (not approved),,,DECREASE (v),DECREASE (v),,"WHEN THE WIND SPEED DECREASES TO LESS THAN 30 KNOTS, YOU CAN OPEN THE CARGO DOOR.","When the wind speed abates to less than 30 knots, you can open the cargo door.",2-1-A1
ability,n,Non-STE (not approved),,,CAN (v),CAN (v),,ONE GENERATOR CAN SUPPLY POWER FOR ALL THE SYSTEMS.,One generator has the ability to supply power for all the systems.,2-1-A1
able,adj,Non-STE (not approved),,,CAN (v),CAN (v),,"IF YOU CAN START THE ENGINE, DO THE APPLICABLE TESTS.","If you are able to start the engine, do the applicable tests.",2-1-A1
abnormal,adj,Non-STE (not approved),,,UNUSUAL (adj) | INCORRECT (adj),UNUSUAL (adj) INCORRECT (adj),,"LISTEN FOR UNUSUAL NOISES. | IF YOU FIND AN INCORRECT QUANTITY OF AIR FROM THE VENT MAST, DO A SYSTEM TEST.","Listen for abnormal noises. | If you find an abnormal quantity of air from the vent mast, do a system test.",2-1-A1
abnormality,n,Non-STE (not approved),,,DEFECT (TN),DEFECT (TN),,EXAMINE THE SEAL FOR DEFECTS.,Examine the seal for abnormalities.,2-1-A1
ABOUT,prep,STE (approved),,Concerned with,APPROXIMATELY (adv) | AROUND (prep),Concerned with APPROXIMATELY (adv) AROUND (prep),"For other meanings, use:","FOR DATA ABOUT THE LOCATION OF CIRCUIT BREAKERS, REFER TO THE WIRING LIST. | DRAIN APPROXIMATELY 2 LITERS OF FUEL FROM THE TANK. | TURN THE SHAFT AROUND ITS AXIS.",Drain about 2 liters of fuel from the tank. | Rotate the shaft about its axis.,2-1-A2
ABOVE,prep,STE (approved),,In (or to) a position farther up than something MORE THAN,,In (or to) a position farther up than something MORE THAN,"For other meanings, use:",LIFT THE CYLINDER ABOVE ITS INSTALLED POSITION. | THE PRESSURE VALUE MUST BE MORE THAN 800 kPa.,The pressure value must be above 800 kPa.,2-1-A2
ABRASIVE,adj,STE (approved),,That can remove material by friction,,That can remove material by friction,,POLISH THE SURFACE WITH AN ABRASIVE PAPER.,,2-1-A2
abrupt,adj,Non-STE (not approved),,,SUDDEN (adj) | SUDDENLY (adv),SUDDEN (adj) SUDDENLY (adv),,"THE DAMPER PREVENTS SUDDEN MOVEMENT OF THE CONTROL. | IF THE ROTORS STOP SUDDENLY, EXAMINE THE INTAKE FOR UNWANTED MATERIAL.","The damper prevents abrupt movement of the control. | If the rotors come to an abrupt stop, examine the intake for unwanted material.",2-1-A2
absence,n,Non-STE (not approved),,,NONE (pron) | NOT (adv) | NO (adj),NONE (pron) NOT (adv) NO (adj),,"IF NONE OF THE BRACKETS ARE DAMAGED, CONTINUE THE PROCEDURE. | IF THE BRACKETS ARE NOT DAMAGED, CONTINUE THE PROCEDURE. | IF THERE IS NO CONTAMINATION IN THE FUEL SAMPLE, CONTINUE THE PROCEDURE.","In the absence of damage to the brackets, continue the procedure. | In the absence of damage to the brackets, continue the procedure. | In the absence of contamination in the fuel sample, continue the procedure.",2-1-A3
absent,adj,Non-STE (not approved),,,MISSING (adj) | NO (adj),MISSING (adj) NO (adj),,"IF ONE OR MORE BLADES ARE MISSING, MAKE AN ENTRY IN THE ENGINE LOGBOOK. | IF THERE IS NO CONTAMINATION IN THE FUEL SAMPLE, CONTINUE THE PROCEDURE.","If one or more blades are absent, make an entry in the engine logbook. | If contamination is absent from the fuel sample, continue the procedure.",2-1-A3
absolutely,adv,Non-STE (not approved),,,FULLY (adv),FULLY (adv),,MAKE SURE THAT THE LATCH IS FULLY ENGAGED.,Ensure the latch is absolutely engaged.,2-1-A3
ABSORB,v,STE (approved),"ABSORBS, ABSORBED, ABSORBED",1. To take up or into 2. To decrease the effect of,,1. To take up or into 2. To decrease the effect of,,ABSORB THE FLUID WITH A CLEAN CLOTH. | THE SHOCK MOUNT ABSORBS THE VIBRATION.,,2-1-A3
absorption,n,Non-STE (not approved),,,ABSORB (v),ABSORB (v),,MEASURE THE TIME THAT IS NECESSARY FOR THE SILICA GEL TO ABSORB THE MOISTURE.,Measure the rate of absorption of the moisture by the silica gel.,2-1-A3
abundant,adj,Non-STE (not approved),,,LARGE (adj),LARGE (adj),,CLEAN YOUR SKIN WITH A LARGE QUANTITY OF CLEAN WATER.,Clean your skin with abundant clean water.,2-1-A3
abut,v,Non-STE (not approved),,,TOUCH (v),TOUCH (v),,THE BIN TOUCHES THE FORWARD HINGE SURFACE.,The bin abuts the forward hinge surface.,2-1-A4
accelerate,v,Non-STE (not approved),,,INCREASE (v) | FASTER (adj),INCREASE (v) FASTER (adj),,"A HIGHER TEMPERATURE INCREASES THE SPEED OF EVAPORATION. | TO MAKE THE CURING PROCESS FASTER, APPLY HEAT TO THE COMPOUND.",Evaporation is accelerated by a higher temperature. | The curing process of the compound can be accelerated by heating.,2-1-A4
ACCEPT,v,STE (approved),"ACCEPTS, ACCEPTED, ACCEPTED",To make a decision that something is satisfactory,,To make a decision that something is satisfactory,,ACCEPT THE RELAY IF IT IS SERVICEABLE.,,2-1-A4
acceptable,adj,Non-STE (not approved),,,PERMITTED (adj) | SATISFACTORY (adj) | SERVICEABLE (adj),PERMITTED (adj) SATISFACTORY (adj) SERVICEABLE (adj),,"A VALUE OF 2 mm IS PERMITTED. | IF THE CONDITION OF THE CAP IS NOT SATISFACTORY, REPLACE IT. | BEFORE YOU INSTALL THE UNIT, MAKE SURE THAT IT IS SERVICEABLE.","A value of 2 mm is acceptable. | Replace the cap if its condition is not acceptable. | Before installation, make sure that the unit is acceptable.",2-1-A4
acceptance,n,Non-STE (not approved),,,ACCEPT (v),ACCEPT (v),,"BEFORE YOU ACCEPT THE UNIT, DO THE SPECIFIED TEST PROCEDURE.","Before acceptance of the unit, do the specified test procedure.",2-1-A4
ACCESS,n,STE (approved),,The ability to go into or near,,The ability to go into or near,,GET ACCESS TO THE ACCUMULATOR FOR THE No. | 1 HYDRAULIC SYSTEM.,,2-1-A4
accessible,adj,Non-STE (not approved),,,ACCESS (n),ACCESS (n),,TURN THE COVER UNTIL YOU CAN GET ACCESS TO THE JACKS THAT HAVE + AND - MARKS.,Rotate the cover until the jacks marked by + and - are accessible.,2-1-A4
ACCIDENT,n,STE (approved),,An occurrence that causes injury or damage,,An occurrence that causes injury or damage,,"TO PREVENT ACCIDENTS, MAKE SURE THAT THE PINS ARE INSTALLED.",,2-1-A4
ACCIDENTAL,adj,STE (approved),,That does not occur on purpose,,That does not occur on purpose,,"TO PREVENT ACCIDENTAL OPERATION OF THE SYSTEM, INSTALL THE SAFETY LOCK.",,2-1-A5
ACCIDENTALLY,adv,STE (approved),,That does not occur on purpose,,That does not occur on purpose,,"IF YOU ACCIDENTALLY MOVE THE LEVER, SET THE SYSTEM TO THE NEUTRAL POSITION AGAIN.",,2-1-A5
accommodate,v,Non-STE (not approved),,,LET (v),LET (v),,DIFFERENT LENGTHS OF STUDS LET YOU ATTACH DIFFERENT THICKNESSES OF SKIN.,Studs are available in different lengths to accommodate different thicknesses of skin.,2-1-A5
accomplish,v,Non-STE (not approved),,,DO (v) | COMPLETE (v),DO (v) COMPLETE (v),You can use a more accurate verb.,DO THIS TASK FIRST. | THE PERSONNEL MUST COMPLETE THIS TASK IN 30 MINUTES.,This task must be accomplished first. | The personnel must accomplish this task in 30 minutes.,2-1-A5
according to,prep,Non-STE (not approved),,,REFER (v),REFER (v),,"TO CALIBRATE THE TEST SET, REFER TO THE MANUFACTURER'S INSTRUCTIONS.",Calibrate the test set according to the manufacturer's instructions.,2-1-A5
account for,v,Non-STE (not approved),,,MAKE SURE (v),MAKE SURE (v),,MAKE SURE THAT YOU REMOVE ALL TOOLS AND EQUIPMENT.,All tools and equipment must be accounted for.,2-1-A5
accumulate,v,Non-STE (not approved),,,COLLECT (v),COLLECT (v),,"IF WATER COLLECTS IN THE FILLER LINE, DRAIN IT.","If water accumulates in the filler line, drain it.",2-1-A5
accumulation,n,Non-STE (not approved),,,QUANTITY (n) | COLLECT (v),QUANTITY (n) COLLECT (v),,"REMOVE LARGE QUANTITIES OF CONTAMINATION. | IF FUEL COLLECTS FREQUENTLY, EXAMINE THE PIPE FOR LEAKS.","Large accumulations of contamination must be removed. | If accumulation of fuel is frequent, examine the pipe for leaks.",2-1-A5
accuracy,n,Non-STE (not approved),,,PRECISION (n),PRECISION (n),,THE PRECISION OF THE ADJUSTMENT CAN CHANGE.,The accuracy of the adjustment can vary.,2-1-A6
ACCURATE,adj,STE (approved),,Exact,,Exact,,THE ADJUSTMENT MUST BE ACCURATE.,,2-1-A6
ACCURATELY,adv,STE (approved),,Exactly,,Exactly,,PUT THE REPAIR SHEET ACCURATELY ON THE DAMAGED AREA.,,2-1-A6
achieve,v,Non-STE (not approved),,,GET (v),GET (v),,SET THE CONTROL TO GET MAXIMUM THRUST.,Set the control to achieve maximum thrust.,2-1-A6
acquire,v,Non-STE (not approved),,,GET (v),GET (v),,THE COMPUTER GETS THIS DATA FROM FIVE SENSORS.,The computer acquires this data from five sensors.,2-1-A6
acrid,adj,Non-STE (not approved),,,DANGEROUS (adj),DANGEROUS (adj),,THIS MATERIAL RELEASES DANGEROUS FUMES WHEN IT TOUCHES HOT SURFACES.,"On contact with hot surfaces, this material produces acrid fumes.",2-1-A6
ACROSS,prep,STE (approved),,From one side to the other side,,From one side to the other side,,SAFETY THE CLAMP BLOCK ACROSS THE CONTROL LEVER FORKS WITH SAFETY WIRE.,,2-1-A6
act,v,Non-STE (not approved),,,,,Use an accurate verb.,THE HYDRAULIC FLUID FLOW OPENS THE VALVE.,The hydraulic fluid flow acts on the valve.,2-1-A6
action,n,Non-STE (not approved),,,STEP (n) | PROCEDURE (n) | TASK (n),STEP (n) PROCEDURE (n) TASK (n),,DO THE STEPS THAT FOLLOW: DO NOT DO THIS PROCEDURE IN THE HANGAR. | DO THIS TASK OUTDOORS.,Do the following actions: This action must not be done in the hangar: Do this action outdoors.,2-1-A6
ACTIVATE,v,STE (approved),,"To make a system, function, or feature ready for operation",START (v),"To make a system, function, or feature ready for operation START (v)","For other meanings, use:",THE AUTOPILOT ACTIVATES THE APPROACH MODE. | START THE MOTOR.,Activate the motor.,2-1-A6
ACTIVE,adj,STE (approved),,"A system, function, or feature in a state of action",,"A system, function, or feature in a state of action",,DOWNLOAD THE EXPORT FILE FROM THE ACTIVE SERVER UNIT.,,2-1-A7
activity,n,Non-STE (not approved),,,TASK (n) | PROCEDURE (n) | WORK (n),TASK (n) PROCEDURE (n) WORK (n),,A SUBCONTRACTOR CAN DO THESE MAINTENANCE TASKS. | DO THIS PROCEDURE AT THE AMBIENT TEMPERATURE. | DO THIS WORK IN A CLEAN AREA.,These maintenance activities can be done by a subcontractor. | Do this activity at the ambient temperature. | Do this activity in a clean area.,2-1-A7
actuate,v,Non-STE (not approved),,,START (v) | OPERATE (v) | PUSH (v),START (v) OPERATE (v) PUSH (v),,START THE MOTOR. | OPERATE THE HAND PUMP. | PUSH THE PUSHBUTTON SWITCH.,Actuate the motor. | Actuate the hand pump. | Actuate the pushbutton switch.,2-1-A7
actuation,n,Non-STE (not approved),,,OPERATION (n),OPERATION (n),,MONITOR THE OPERATION OF THE STEERING MOTOR.,Monitor the actuation of the steering motor.,2-1-A7
ADAPT,v,STE (approved),"ADAPTS, ADAPTED, ADAPTED",To change or adjust to that which is necessary,,To change or adjust to that which is necessary,,ADAPT THE PRESSURE CONNECTION TO THE PITOT HEAD. | THE SYSTEM INTERFACE CIRCUITS ADAPT TO THE PHYSICAL PROPERTIES OF THE CONNECTED SYSTEMS.,,2-1-A7
ADD,v,STE (approved),"ADDS, ADDED, ADDED","To increase the number, dimension, or quantity",,"To increase the number, dimension, or quantity",,ADD 5 ml OF HARDENER TO THE COMPOUND.,,2-1-A7
addition,n,Non-STE (not approved),,,ADD (v),ADD (v),,"TO GET THE CORRECT CLEARANCE, ADD SPECIAL SHIMS, AS NECESSARY.","Adjust the clearance by the addition of special shims, as necessary.",2-1-A7
additional,adj,Non-STE (not approved),,,MORE (adj),MORE (adj),,THIS CHAPTER GIVES MORE INFORMATION ABOUT SAFETY.,This chapter gives additional information about safety.,2-1-A8
adequate,adj,Non-STE (not approved),,,SUFFICIENT (adj),SUFFICIENT (adj),,MAKE SURE THAT CONTAINERS HAVE SUFFICIENT CAPACITY AND DIAMETER.,Make sure that containers have adequate capacity and diameter.,2-1-A8
adhere,v,Non-STE (not approved),,,BOND (v) | OBEY (v),BOND (v) OBEY (v),,THE SEAL MUST BOND CORRECTLY. | OBEY THE SAFETY INSTRUCTIONS.,The seal must adhere correctly. | Adhere to the safety instructions.,2-1-A8
adhesion,n,Non-STE (not approved),,,BOND (n),BOND (n),,CLEAN THE SURFACE TO MAKE SURE THAT THE BOND IS SATISFACTORY.,Clean the surface to ensure there will be good adhesion.,2-1-A8
ADJACENT,adj,STE (approved),,"That which is near to an object, with no other object of the same type between the two",,"That which is near to an object, with no other object of the same type between the two",,DO NOT OPERATE THE ADJACENT CONTROL.,,2-1-A8
ADJACENT TO,prep,STE (approved),,"To be near to an object, with no other object of the same type between the two",,"To be near to an object, with no other object of the same type between the two",,THE FUEL PUMP IS INSTALLED ADJACENT TO THE BULKHEAD.,,2-1-A8
adjoining,adj,Non-STE (not approved),,,ADJACENT (adj),ADJACENT (adj),,ALIGN THE BRACKETS WITH THE ADJACENT COMPONENTS.,Align the brackets with the adjoining components.,2-1-A8
ADJUST,v,STE (approved),"ADJUSTS, ADJUSTED, ADJUSTED",To put in or come to a specified position or value,,To put in or come to a specified position or value,,ADJUST THE FREQUENCY TO THE VALUE GIVEN IN TABLE 1. | THE INTERNAL LOGIC ADJUSTS TO SUDDEN CHANGES IN TEMPERATURE.,,2-1-A8
ADJUSTABLE,adj,STE (approved),,That you can adjust,,That you can adjust,,THE TWO STOP BOLTS ARE ADJUSTABLE.,,2-1-A8
ADJUSTMENT,n,STE (approved),,The effect of adjusting,,The effect of adjusting,,MAKE SURE THAT THE ADJUSTMENT IS IN THE LIMITS GIVEN IN TABLE 1.,,2-1-A8
admit,v,Non-STE (not approved),,,LET (v),LET (v),,OPEN THE VALVE TO LET NITROGEN GO INTO THE OLEO STRUT.,Open the valve to admit nitrogen into the oleo strut.,2-1-A9
adopt,v,Non-STE (not approved),,,USE (v),USE (v),,"IF THE UNIT IS DAMAGED, USE THIS PROCEDURE.",Adopt this procedure if the unit is damaged.,2-1-A9
advance,n,Non-STE (not approved),,,FORWARD (adj),FORWARD (adj),,THE FORWARD MOVEMENT OF THE CONTROL LEVER MUST BE SLOW AND CONTINUOUS.,The advance of the control lever must be slow and continuous.,2-1-A9
advance,v,Non-STE (not approved),,,SET (v) | FORWARD (adv),SET (v) FORWARD (adv),,SET THE THROTTLE TO MAXIMUM POWER. | MOVE THE LEVER FORWARD.,Advance the throttle to maximum power. | Advance the lever.,2-1-A9
adverse,adj,Non-STE (not approved),,,BAD (adj),BAD (adj),"If it is possible, give accurate and correct conditions.",REFER TO CHAPTER 6 FOR INSTRUCTIONS ABOUT HOW TO PARK IN BAD WEATHER CONDITIONS. | THIS MEDICATION CAN CAUSE DERMATITIS.,"For parking in adverse weather conditions, refer to Chapter 6. | This medication can cause adverse reactions.",2-1-A9
advisable,adj,Non-STE (not approved),,,RECOMMEND (v),RECOMMEND (v),,THE DESIGN AUTHORITY RECOMMENDS THAT YOU TORQUE THE BOLTS AGAIN AT INTERVALS OF SIX MONTHS.,"According to the Design Authority, it is advisable to retorque the bolts at intervals of six months.",2-1-A9
advise,v,Non-STE (not approved),,,TELL (v) | RECOMMEND (v),TELL (v) RECOMMEND (v),,TELL THE RAMP AGENT THAT THE BRAKES ARE SET. | THE SAFETY OFFICER RECOMMENDS THE APPLICABLE PERSONAL PROTECTIVE EQUIPMENT.,Advise the ramp agent that the brakes are set. | The safety officer advises on applicable personal protective equipment.,2-1-A9
affect,v,Non-STE (not approved),,,EFFECT (n),EFFECT (n),"If it is possible, be accurate.",MAGNETIC TOOLS HAVE AN UNWANTED EFFECT ON THE COMPASS SYSTEM. | THIS MEDICATION CAN CAUSE DERMATITIS,Magnetic tools affect the compass system. | This medication can affect your skin.,2-1-A10
AFT,adj,STE (approved),,At or nearer to the rear of an air or sea vehicle,,At or nearer to the rear of an air or sea vehicle,,THE PUMP IS IN THE AFT CELL OF THE FUSELAGE TANK.,,2-1-A10
AFT,adv,STE (approved),,In the direction of the rear of an air or sea vehicle,,In the direction of the rear of an air or sea vehicle,,MOVE THE THROTTLE AFT.,,2-1-A10
AFTER,conj,STE (approved),,"That follows a specified time, sequence, or operation",,"That follows a specified time, sequence, or operation",,"AFTER YOU INSTALL THE COMPONENT, DO A FUNCTIONAL TEST.",,2-1-A10
AFTER,prep,STE (approved),,"That follows a specified time, sequence, or operation",,"That follows a specified time, sequence, or operation",,THE BAR MOVES DOWN AFTER 20 SECONDS.,,2-1-A10
AFT OF,prep,STE (approved),,At a position nearer to the rear,,At a position nearer to the rear,,THE CONTROL UNIT IS INSTALLED AFT OF THE FLIGHT COMPARTMENT.,,2-1-A10
AGAIN,adv,STE (approved),,One more occurrence,,One more occurrence,,"MOVE THE CONTROL STICK BACK TO THE CENTER, AND THEN MOVE IT FORWARD AGAIN.",,2-1-A10
AGAINST,prep,STE (approved),,In contact with,,In contact with,,PUT THE ADAPTER IN POSITION AGAINST ITS SUPPORT.,,2-1-A10
AGENT,n,STE (approved),,One of a group of materials made to do a specified task,,One of a group of materials made to do a specified task,,DO NOT USE THESE CLEANING AGENTS ON HOT SURFACES.,,2-1-A10
aggravate,v,Non-STE (not approved),,,INCREASE (v),INCREASE (v),,TIRE WEAR INCREASES WITH HIGH SPEED.,Tire wear is aggravated by high speed.,2-1-A10
agitate,v,Non-STE (not approved),,,SHAKE (v),SHAKE (v),,SHAKE THE SOLUTION.,Agitate the solution.,2-1-A10
agitation,n,Non-STE (not approved),,,SHAKE (v),SHAKE (v),,"IF YOU SHAKE THE SOLUTION, DO NOT USE IT FOR ONE HOUR.","After agitation, do not use the solution for one hour.",2-1-A10
AGREE,v,STE (approved),"AGREES, AGREED, AGREED",To be consistent with,,To be consistent with,,THE INDICATIONS MUST AGREE WITH THE VALUES IN TABLE 1001.,,2-1-A11
ahead,adv,Non-STE (not approved),,,FORWARD (adv),FORWARD (adv),,"WHEN YOU INSTALL THE ANTENNA, THE ALIGNMENT ARROW MUST POINT FORWARD.","When you install the antenna, the alignment arrow must point ahead.",2-1-A11
AID,n,STE (approved),,Help that is given,,Help that is given,,"IF YOU GET THIS CHEMICAL SOLUTION INTO YOUR EYES, GET MEDICAL AID IMMEDIATELY.",,2-1-A11
aid,v,Non-STE (not approved),,,HELP (v),HELP (v),,APPLY SAND TO THE PLANKS TO HELP WITH TIRE TRACTION.,Apply sand to the planks to aid tire traction.,2-1-A11
aim,v,Non-STE (not approved),,,POINT (v),POINT (v),,DO NOT POINT THE HOSE AT PERSONS.,Do not aim the hose at persons.,2-1-A11
AIRBORNE,adj,STE (approved),,"In, or used in, flight",,"In, or used in, flight",,POSITION 2 OF THE SWITCH GIVES A SIGNAL OF THE AIRCRAFT AIRBORNE CONDITION.,,2-1-A11
air-dry,v,Non-STE (not approved),,,DRY (v),DRY (v),,DRY THE FILTER IN THE AIR.,Air-dry the filter.,2-1-A11
AIRFLOW,n,STE (approved),,A flow of air,,A flow of air,,MAKE SURE THAT THE AIRFLOW IS NOT MORE THAN 10 LITERS/MINUTE.,,2-1-A11
alert,v,Non-STE (not approved),,,TELL (v),TELL (v),,TELL ALL PERSONS TO GO AWAY FROM THE AREA.,Alert all persons to go away from the area.,2-1-A11
ALIGN,v,STE (approved),"ALIGNS, ALIGNED, ALIGNED",To put or come into a specified position in relation to a line,,To put or come into a specified position in relation to a line,,ALIGN THE FLANGE HOLES WITH THE STUDS. | ALL THREE BRACKET HOLES MUST ALIGN WITH THE FUEL TUBE.,,2-1-A11
alignment,n,Non-STE (not approved),,,ALIGN (v),ALIGN (v),,MAKE SURE THAT THE KEYWAY IS AT THE TOP AND ALIGNS WITH THE PEG.,Ensure that the keyway is at the top and in alignment with the peg.,2-1-A12
ALL,adj,STE (approved),,Full quantity,,Full quantity,,DRAIN ALL THE FLUIDS.,,2-1-A12
allocate,v,Non-STE (not approved),,,GIVE (v),GIVE (v),,GIVE THE DIFFERENT MAINTENANCE TASKS TO THE APPROVED TECHNICIANS.,Allocate the different maintenance tasks to the approved technicians.,2-1-A12
allow,v,Non-STE (not approved),,,LET (v),LET (v),,DO NOT LET THE CABLE TOUCH THE FLOOR.,Do not allow the cable to touch the floor.,2-1-A12
allowable,adj,Non-STE (not approved),,,PERMITTED (adj) | APPROVED (adj),PERMITTED (adj) APPROVED (adj),,THE MAXIMUM PERMITTED DIFFERENCE IS 5 mm. | THE VALUES MUST NOT BE MORE THAN THE APPROVED DIFFERENCES GIVEN IN TABLE 1.,The maximum allowable difference is 5 mm. | The values must not be more than the allowable differences given in table 1.,2-1-A12
ALMOST,adv,STE (approved),,Near the limit or the value,,Near the limit or the value,,MAKE SURE THAT THE PRESSURE IN THE CABIN IS ALMOST ZERO.,,2-1-A12
ALONG,prep,STE (approved),,In a line parallel with the length or direction of,,In a line parallel with the length or direction of,,MOVE THE TENSIOMETER ALONG THE CABLE.,,2-1-A12
already,adv,Non-STE (not approved),,,IN PROGRESS (adv) | NO OTHER,IN PROGRESS (adv) NO OTHER,"Frequently, an alternative for this word is not necessary.",THE DATABASE SYNCHRONIZATION IS IN PROGRESS. | YOU CAN DO THIS REPAIR PROCEDURE ONLY IF THERE IS NO OTHER DAMAGE. | MAKE SURE THAT THE SOFTWARE IS INSTALLED IN THE REPOSITORY.,The database is already synchronizing. | Only do this repair procedure if there is not already damage. | Make sure that the software is already installed in the repository.,2-1-A12
ALSO,adv,STE (approved),,In addition,,In addition,,ALSO DO THE APPLICABLE STEPS OF THIS PROCEDURE.,,2-1-A12
alter,v,Non-STE (not approved),,,CHANGE (v),CHANGE (v),,IT IS POSSIBLE THAT THE INSTALLATION OF THE CONNECTOR PINS CHANGED THE ROUTING OF THE CABLE LOOM.,It is possible that the installation of the connector pins altered the routing of the cable loom.,2-1-A13
alteration,n,Non-STE (not approved),,,CHANGE (v),CHANGE (v),,"IF YOU CHANGE THIS REPAIR PROCEDURE, GET APPROVAL OF THE DESIGN AUTHORITY.",The alteration to this repair procedure must get approval of the Design Authority.,2-1-A13
alternate,adj,Non-STE (not approved),,,ALTERNATIVE (adj) | EACH SECOND,ALTERNATIVE (adj) EACH SECOND,,AN ALTERNATIVE REPAIR IS AVAILABLE. | EACH SECOND SQUARE IS RED.,An alternate repair is available. | Alternate squares are red.,2-1-A13
alternate,v,Non-STE (not approved),,,THEN (adv),THEN (adv),,DO THE PILOT’S INSTRUMENT TEST AND THEN THE COPILOT’S TEST.,Alternate between pilot’s and copilot’s instrument test.,2-1-A13
alternately,adv,Non-STE (not approved),,,IN ONE (TN) ... AND THEN THE OTHER,IN ONE (TN) ... AND THEN THE OTHER,,"TO MAKE PIN REMOVAL EASIER, MANUALLY TURN THE CANOPY IN ONE DIRECTION AND THEN IN THE OTHER.","To make pin removal easier, manually turn the canopy alternately in the two directions.",2-1-A13
ALTERNATIVE,adj,STE (approved),,That gives a choice,,That gives a choice,,YOU CAN USE ALTERNATIVE MATERIALS.,,2-1-A13
ALTERNATIVE,n,STE (approved),,One of two or more objects or processes that have the same or almost the same properties or functions,,One of two or more objects or processes that have the same or almost the same properties or functions,,A BIO-BASED FUEL CAN BE AN ALTERNATIVE TO FUELS JET-A1 AND JET-A.,,2-1-A13
alternatively,adv,Non-STE (not approved),,,ALTERNATIVE (n),ALTERNATIVE (n),,YOU CAN DO TEST B AS AN ALTERNATIVE.,"Alternatively, you can do test B.",2-1-A13
ALTHOUGH,conj,STE (approved),,In spite of the fact that,,In spite of the fact that,,"ALTHOUGH THE PRESSURE DECREASES, THE VALVE MUST STAY CLOSED.",,2-1-A13
ALWAYS,adv,STE (approved),,At all times,,At all times,,ALWAYS KEEP THE BRIGHTNESS CONTROL ON THE LCD DISPLAY AT MAXIMUM.,,2-1-A13
amend,v,Non-STE (not approved),,,CHANGE (v),CHANGE (v),,"IF IT IS NECESSARY TO CHANGE THE REPAIR SCHEME, GET THE APPROVAL OF THE DESIGN AUTHORITY.","If it is necessary to amend the Repair Scheme, get the approval of the Design Authority.",2-1-A14
amendment,n,Non-STE (not approved),,,CHANGE (n) | CHANGE (v),CHANGE (n) CHANGE (v),,"THE DESIGN AUTHORITY MUST GIVE APPROVAL TO THE CHANGES THAT YOU MAKE TO THE REPAIR SCHEME. | IF IT IS NECESSARY TO CHANGE THE REPAIR SCHEME, GET THE APPROVAL OF THE DESIGN AUTHORITY.","The Design Authority must approve the amendments that you make to the Repair Scheme. | If an amendment to the Repair Scheme is necessary, get the approval of the Design Authority.",2-1-A14
among,prep,Non-STE (not approved),,,IN (prep),IN (prep),,"IF THERE ARE METAL PARTICLES IN THE SAMPLES, REPLACE THE PUMP.","If there are metal particles among the samples, replace the pump.",2-1-A14
amount,n,Non-STE (not approved),,,QUANTITY (n),QUANTITY (n),,MAKE SURE THAT THE QUANTITY OF FUEL IN THE TANK IS NOT MORE THAN 500 LITERS.,Make sure that the amount of fuel in the tank is not more than 500 liters.,2-1-A14
AN,art,STE (approved),,Function word: indefinite article,,Function word: indefinite article,,MAKE AN ENTRY IN THE LOGBOOK.,,2-1-A14
ANALOG,adj,STE (approved),,Of data given by pointers and dials,,Of data given by pointers and dials,,THE PRE-MOD UNIT HAS ANALOG INDICATORS.,,2-1-A14
analyze,v,Non-STE (not approved),,,ANALYSIS (TN),ANALYSIS (TN),,MAKE AN ANALYSIS OF THE OIL.,Analyze the oil sample.,2-1-A14
anchor,v,Non-STE (not approved),,,ATTACH (v),ATTACH (v),,THE STRAPS ARE ATTACHED TO A FULL-LENGTH RAIL.,The straps are anchored to a full-length rail.,2-1-A14
ancillary,adj,Non-STE (not approved),,,AUXILIARY (adj) | SECONDARY (adj),AUXILIARY (adj) SECONDARY (adj),,THE ENGINE AND ALL AUXILIARY EQUIPMENT USE THE SAME LUBRICANT. | DO AN OPERATIONAL CHECK OF THE SECONDARY CONTROLS.,The engine and all ancillary equipment use the same lubricant. | Do an operational check of the ancillary controls.,2-1-A15
AND,conj,STE (approved),,"Function word used to connect words, phrases, or clauses",,"Function word used to connect words, phrases, or clauses",,MAKE SURE THAT THE FLAPS ARE RETRACTED AND THE AILERON TRIM HANDWHEEL IS IN THE ZERO POSITION.,,2-1-A15
ANGULAR,adj,STE (approved),,That has one or more angles,,That has one or more angles,,MAKE SURE THAT THE ANGULAR POSITION IS CORRECT.,,2-1-A15
annotation,n,Non-STE (not approved),,,WRITE (v) | RECORD (v),WRITE (v) RECORD (v),,WRITE THE TEMPERATURE VALUE ON THE ENGINE LOG CARD. | RECORD THE TEMPERATURE VALUE ON THE ENGINE LOG CARD.,Make an annotation of the temperature on the Engine Log Card. | Make an annotation of the temperature on the Engine Log Card.,2-1-A15
annunciate,v,Non-STE (not approved),,,SHOW (v),SHOW (v),,THE DISPLAY SHOWS A FAULT MESSAGE.,The display annunciates a fault message.,2-1-A15
another,adj,Non-STE (not approved),,,ONE (TN) MORE | DIFFERENT (adj) | AGAIN (adv),ONE (TN) MORE DIFFERENT (adj) AGAIN (adv),,"INSTALL ONE MORE WASHER BETWEEN THE NUT AND THE SURFACE. | REFER TO DETAIL C ON FIG. | 4 FOR A DIFFERENT PROCEDURE TO ATTACH THE CABLE. | BEFORE YOU TRY TO START THE ENGINE AGAIN, MAKE SURE THAT THE AREA IS SAFE.","Install another washer between the nut and the surface. | Refer to detail C on Fig. | 4 for another way of attaching the cable. | Before you try another engine start, make sure that the area is safe.",2-1-A15
anticlockwise,adv,Non-STE (not approved),,,COUNTERCLOCKWISE (adv),COUNTERCLOCKWISE (adv),,TURN THE CAP COUNTERCLOCKWISE.,Turn the cap anticlockwise.,2-1-A15
any,adj,Non-STE (not approved),,,,,"Frequently, an alternative for this word is not necessary.","IF YOU HAVE QUESTIONS ABOUT THIS DOCUMENT, SEND AN E-MAIL TO THE ADDRESS THAT FOLLOWS:","If you have any questions about this document, send an e-mail to the address that follows:",2-1-A16
any,pron,Non-STE (not approved),,,ONE (TN),ONE (TN),,REMOVE ONE OF THE FOUR BOLTS.,Remove any of the four bolts.,2-1-A16
anytime,adv,Non-STE (not approved),,,WHEN (conj),WHEN (conj),,"WHEN YOU USE THE EMERGENCY PUMP, RECORD THE TIME OF OPERATION.","Anytime you use the emergency pump, record the time of operation.",2-1-A16
APART,adv,STE (approved),,At a distance (not specified) from,,At a distance (not specified) from,,MOVE THE CABLE STRANDS APART.,,2-1-A16
aperture,n,Non-STE (not approved),,,OPENING (n),OPENING (n),,GET ACCESS TO THE CONTROL UNIT THROUGH THE OPENING IN THE SIDE OF THE TANK.,Get access to the control unit through the aperture in the side of the tank.,2-1-A16
apparent,adj,Non-STE (not approved),,,SEE (v) | FIND (v),SEE (v) FIND (v),,"IF YOU SEE DISCOLORATION, REPLACE THE PART. | IF YOU FIND A CRACK, DO THE APPLICABLE REPAIR PROCEDURE.","If discoloration is apparent, replace the part. | If a crack is apparent, do the applicable repair procedure.",2-1-A16
appear,v,Non-STE (not approved),,,SHOW (v) | VIEW (n) | THINK (v) | POSSIBLE (adj),SHOW (v) VIEW (n) THINK (v) POSSIBLE (adj),,"A WARNING FLAG SHOWS IN THE WINDOW. | WHEN YOU PULL THE LOWER BEARING DOWN, THE LOWER SEAL COMES INTO VIEW. | IF YOU THINK THAT THE ENGINE IS TOO HOT, TURN THE SWITCH TO “OFF.” IF IT IS POSSIBLE THAT THE TEMPERATURE VALUES ARE INCORRECT, DECREASE THE POWER.","A warning flag appears in the window. | The lower seal appears when you pull the lower bearing down. | If the engine appears to be too hot, turn the switch to off. | If it appears that the temperature values are incorrect, decrease the power.",2-1-A16
APPLICABLE,adj,STE (approved),,Correct or satisfactory for the task,,Correct or satisfactory for the task,,REFER TO THE TABLE THAT FOLLOWS FOR THE APPLICABLE TORQUE VALUES.,,2-1-A17
application,n,Non-STE (not approved),,,APPLY (v),APPLY (v),,APPLY THE SEALANT WITH A WOODEN SPATULA.,The application of sealant must be carried out with a wooden spatula.,2-1-A17
APPLY,v,STE (approved),"APPLIES, APPLIED, APPLIED","1. To put or spread something on 2. To use something (for example, pressure, force, load) to cause an effect",,"1. To put or spread something on 2. To use something (for example, pressure, force, load) to cause an effect",,APPLY THE SEALING COMPOUND. | APPLY A FORCE OF 100 N ON THE END OF THE LEVER.,,2-1-A17
appoint,v,Non-STE (not approved),,,TELL (v),TELL (v),,TELL TWO PERSONS TO BE PREPARED TO OPERATE THE FIRE EXTINGUISHERS.,Appoint two persons to be prepared to operate the fire extinguishers.,2-1-A17
approach,v,Non-STE (not approved),,,GO NEAR,GO NEAR,,"IF IT IS NECESSARY TO GO NEAR THE ENGINE EXHAUST, USE EAR PROTECTION.","If it is necessary to approach the engine exhaust, use ear protection.",2-1-A17
appropriate,adj,Non-STE (not approved),,,APPLICABLE (adj),APPLICABLE (adj),,LOCK THE WASHER WITH THE APPLICABLE TABS.,Lock the washer with the appropriate tabs.,2-1-A17
APPROVAL,n,STE (approved),,That which permits a person or a thing to do something,,That which permits a person or a thing to do something,,"BEFORE YOU REPAIR THIS UNIT, GET THE APPROVAL OF THE MANUFACTURER.",,2-1-A17
approve,v,Non-STE (not approved),,,APPROVAL (n),APPROVAL (n),,APPROVAL FROM THE DESIGN AUTHORITY IS MANDATORY FOR ALL MODIFICATIONS.,All modifications must be approved by the Design Authority.,2-1-A17
APPROVED,adj,STE (approved),,Permitted by an authority,,Permitted by an authority,,DO THE PROCEDURE IN AN APPROVED AREA.,,2-1-A17
APPROXIMATE,adj,STE (approved),,Almost correct or accurate,,Almost correct or accurate,,AN APPROXIMATE VALUE IS SATISFACTORY.,,2-1-A17
APPROXIMATELY,adv,STE (approved),,Almost correct or accurate,,Almost correct or accurate,,DRAIN APPROXIMATELY 2 LITERS OF FUEL.,,2-1-A18
AREA,n,STE (approved),,A specified surface or location,,A specified surface or location,,DO NOT SMOKE IN THE WORK AREA.,,2-1-A18
arise,v,Non-STE (not approved),,,OCCUR (v) | CAUSE (v),OCCUR (v) CAUSE (v),,SHOCK LOADING OF THE ENGINE CAN OCCUR DURING A HEAVY LANDING. | A HEAVY LANDING CAN CAUSE SHOCK LOADING OF THE ENGINE.,Shock loading of the engine can arise from a heavy landing. | Shock loading of the engine can arise from a heavy landing.,2-1-A18
ARM,v,STE (approved),"ARMS, ARMED, ARMED",1. To install armaments 2. To prepare for automatic operation,,1. To install armaments 2. To prepare for automatic operation,,ARM THE AIRCRAFT. | SET THE SWITCH TO “CLOSE” TO ARM THE CIRCUIT.,,2-1-A18
AROUND,prep,STE (approved),,On all sides of,APPROXIMATELY (adv),On all sides of APPROXIMATELY (adv),"For other meanings, use:",PUT THE STRAP CLAMPS AROUND THE CYLINDER. | THE TEST BENCH IS APPROXIMATELY 10 FEET FROM THE DOOR.,The test bench is around 10 feet from the door.,2-1-A18
arrange,v,Non-STE (not approved),,,PUT (v),PUT (v),,PUT THE COMPONENTS IN THIS SEQUENCE:,Arrange the components in this order.,2-1-A18
arrangement,n,Non-STE (not approved),,,CONFIGURATION (TN) | PREPARE (v),CONFIGURATION (TN) PREPARE (v),,THE CONFIGURATION OF THE INSERTS IS RELATED TO THE DIMENSIONS OF THE CONNECTOR SHELL. | PREPARE FOR THE LEAK TEST.,The arrangement of the inserts is related to the dimensions of the connector shell. | Make the arrangements for the leak test.,2-1-A18
arrest,v,Non-STE (not approved),,,STOP (v) | HOLD (v),STOP (v) HOLD (v),,STOP THE FLOW FOR 10 SECONDS. | A COTTER PIN HOLDS THE ATTACHMENT BAR.,Arrest the flow for 10 seconds. | A cotter pin arrests the attachment bar.,2-1-A18
arrive,v,Non-STE (not approved),,,GET (v),GET (v),,"TO GET THE CORRECT VALUE, SET THE SWITCH TO POSITION 2.","To arrive at the correct value, set the switch to position 2.",2-1-A19
ARROW,n,STE (approved),,A mark that has a point to show direction,,A mark that has a point to show direction,,MAKE SURE THAT THE ARROW POINTS IN THE DIRECTION OF THE FUEL FLOW.,,2-1-A19
article,n,Non-STE (not approved),,,OBJECT (n),OBJECT (n),,MAKE SURE THAT THERE ARE NO LOOSE OBJECTS IN THE ENGINE AIR INTAKES.,Ensure that there are no loose articles in the engine air intakes.,2-1-A19
AS,prep,STE (approved),,"In the manner of, to the same quantity, equally",,"In the manner of, to the same quantity, equally",,DO NOT USE THE CYLINDER AS A SUPPORT.,,2-1-A19
as,conj,Non-STE (not approved),,,BECAUSE (conj) | WHILE (conj) | AS FOLLOWS AS NECESSARY AS SHOWN,BECAUSE (conj) WHILE (conj) AS FOLLOWS AS NECESSARY AS SHOWN,You can use:,"THE PUMP DID NOT OPERATE BECAUSE THE SHAFT WAS BROKEN. | WHILE YOU DO EACH STEP OF THE VALVE TEST, MAKE SURE THAT THERE IS NO LEAKAGE. | ASSEMBLE THE VALVE AS FOLLOWS: SET THE LENGTH OF THE CONTROL ROD AS NECESSARY. | MEASURE THE DEPTH OF THE DENT AS SHOWN IN FIGURE 4.","The pump did not operate as the shaft was broken. | As you do each step of the valve test, make sure that there is no leakage.",2-1-A19
AS ... AS,conj,STE (approved),,Construction used to show comparison or relation,,Construction used to show comparison or relation,"For “as long as,” refer to “long (as long as).”",MOVE THE LEVER AS FAST AS POSSIBLE.,,2-1-A19
ascertain,v,Non-STE (not approved),,,MAKE SURE (v),MAKE SURE (v),,MAKE SURE THAT THE LIGHT IS OFF.,Ascertain that the light is off.,2-1-A19
ask,v,Non-STE (not approved),,,TELL (v) | SPEAK (v),TELL (v) SPEAK (v),,TELL THE DRIVER TO SET THE SWITCH TO OFF. | SPEAK TO THE LOCAL AIR TRAFFIC CONTROLLER.,Ask the driver to set the switch to off. | Ask the local air traffic controller.,2-1-A20
ASSEMBLE,v,STE (approved),"ASSEMBLES, ASSEMBLED, ASSEMBLED","To attach, connect, or put together the parts of something",,"To attach, connect, or put together the parts of something",,ASSEMBLE THE VALVE AS FOLLOWS:,,2-1-A20
ASSEMBLY,n,STE (approved),,Items that are connected for a specified function,,Items that are connected for a specified function,,REMOVE THE WHEEL BRAKE ASSEMBLY FROM THE AXLE.,,2-1-A20
assess,v,Non-STE (not approved),,,CALCULATE (v) | ESTIMATE (n),CALCULATE (v) ESTIMATE (n),,CALCULATE THE QUANTITY OF FUEL THAT IS NECESSARY. | MAKE AN ESTIMATE OF THE DAMAGE.,Assess the quantity of fuel that is necessary. | Assess the damage.,2-1-A20
assessment,n,Non-STE (not approved),,,ESTIMATE (n) | CALCULATE (v),ESTIMATE (n) CALCULATE (v),,MAKE AN ESTIMATE OF THE DAMAGE. | CALCULATE THE NUMBER OF SHIMS THAT ARE NECESSARY.,Carry out an assessment of the damage. | Do an assessment of the number of shims that are necessary.,2-1-A20
assign,v,Non-STE (not approved),,,GIVE (v),GIVE (v),,GIVE A CODE TO EACH CONNECTOR.,Assign a code to each connector.,2-1-A20
assist,v,Non-STE (not approved),,,HELP (v),HELP (v),,KEEP THE DATA TO HELP YOU WITH SUBSEQUENT PROCEDURES.,Keep the data to assist subsequent procedures.,2-1-A20
assistance,n,Non-STE (not approved),,,AID (n) | HELP (v),AID (n) HELP (v),,"FOR THIS STEP, MAKE SURE THAT YOU HAVE THE AID OF ONE MORE PERSON. | FOR THIS STEP, MAKE SURE THAT ONE PERSON HELPS YOU.","For this step, you must have the assistance of one more person. | For this step, you must have the assistance of one person.",2-1-A20
associated,adj,Non-STE (not approved),,,CORRECT (adj) | RELATED (adj) | ITS (adj) | THEIR (adj),CORRECT (adj) RELATED (adj) ITS (adj) THEIR (adj),,INSTALL THE DUMP VALVE AND THE CORRECT GASKET. | REMOVE THE PANELS FROM THE RELATED DOORS. | REMOVE THE BOLT AND ITS WASHER. | REMOVE THE EIGHT BOLTS AND THEIR WASHERS.,Install the dump valve with the associated gasket. | Remove the panels from the associated doors. | Remove the bolt and the associated washer. | Remove the eight bolts and the associated washers.,2-1-A21
assume,v,Non-STE (not approved),,,THINK (v),THINK (v),,"IF YOU THINK THAT YOU CAN REPAIR THE DAMAGE, REFER TO THE REPAIR SECTION.","If damage is assumed to be repairable, refer to the repair section.",2-1-A21
assure,v,Non-STE (not approved),,,MAKE SURE (v),MAKE SURE (v),,USE A PLUMB LINE TO MAKE SURE THAT THE WALL IS VERTICAL.,Use a plumb line to assure that the wall is vertical.,2-1-A21
as to,prep,Non-STE (not approved),,,ABOUT (prep),ABOUT (prep),,REFER TO TABLE 7001 FOR INFORMATION ABOUT HOW THE PIVOT ASSEMBLY IS MADE.,Refer to Table 7001 for information as to the construction of the pivot assembly.,2-1-A21
asymmetric,adj,Non-STE (not approved),,,NOT SYMMETRICAL,NOT SYMMETRICAL,,"IF THE RESULT THAT YOU GET IS NOT SYMMETRICAL, DO A RIGGING TEST.","If you get an asymmetric result, do a rigging test.",2-1-A21
AT,prep,STE (approved),,"Function word that shows the location, position, direction, or time that something occurs",,"Function word that shows the location, position, direction, or time that something occurs",,"DISCONNECT THE HOSE AT THE PITOT HEAD. | AT APPROXIMATELY 300 KNOTS, THE LIGHT COMES ON. | WITH THE NOSEWHEEL AT 30 DEG. | TO THE CENTER LINE, SET THE LEVER TO “UP.”",,2-1-A21
ATTACH,v,STE (approved),"ATTACHES, ATTACHED, ATTACHED",To stay together or to cause different items to stay together,,To stay together or to cause different items to stay together,,MAKE SURE THAT THE LABEL FULLY ATTACHES TO THE SURFACE AND THAT THERE ARE NO BUBBLES. | TEMPORARILY ATTACH THE CABLE TO THE ADJACENT STRUCTURE.,,2-1-A22
attachment,n,Non-STE (not approved),,,ATTACH (v),ATTACH (v),,MAKE SURE THAT THE DUCT IS CORRECTLY ATTACHED TO THE FILTER.,Make sure that the attachment of the duct to the filter is correct.,2-1-A22
attain,v,Non-STE (not approved),,,SHOW (v) | BE (v) | GET (v),SHOW (v) BE (v) GET (v),,"WHEN THE VOLTMETER SHOWS 28 VOLTS DC, THE RELAY CLOSES. | WHEN THE VOLTAGE IS 28 VOLTS DC, THE RELAY CLOSES. | WHEN YOU GET 28 VOLTS DC, THE RELAY CLOSES.","When 28 volts DC is attained, the relay closes. | When 28 volts DC is attained, the relay closes. | When 28 volts DC is attained, the relay closes.",2-1-A22
attempt,n,Non-STE (not approved),,,TRY (v),TRY (v),,TRY TO LIFT THE COVER MANUALLY.,Make an attempt to lift the cover manually.,2-1-A22
attempt,v,Non-STE (not approved),,,TRY (v),TRY (v),,TRY TO FIND THE DEFECT.,Attempt to find the defect.,2-1-A22
attention,n,Non-STE (not approved),,,AID (n) | CAREFUL (adj) | MONITOR (v),AID (n) CAREFUL (adj) MONITOR (v),,"IF YOU GET PAINT SPRAY IN YOUR EYES, GET MEDICAL AID. | BE CAREFUL WHEN YOU REMOVE THE CONTROL UNIT. | MONITOR THE RESULTS.","If you get paint spray in your eyes, get medical attention. | Pay attention when you remove the control unit. | Pay attention to the results.",2-1-A22
audible,adj,Non-STE (not approved),,,HEAR (v) | LISTEN (v),HEAR (v) LISTEN (v),,"IF YOU CANNOT HEAR THE ALARM, ADJUST THE VOLUME CONTROL. | LISTEN FOR AIR LEAKAGE FROM THE LINES.","If the alarm is not audible, adjust the volume control. | Check the lines for audible air leakage.",2-1-A23
augment,v,Non-STE (not approved),,,INCREASE (v),INCREASE (v),,A MIXTURE OF WATER AND METHANOL INCREASES THE POWER OF THE ENGINE.,A mixture of water and methanol augments the power of the engine.,2-1-A23
aurally,adv,Non-STE (not approved),,,LISTEN (v) | HEAR (v),LISTEN (v) HEAR (v),,LISTEN TO MAKE SURE THAT THE FLUID FLOWS. | YOU CAN HEAR THE WARNING IN THE COCKPIT.,Check aurally to ensure fluid flow. | The warning is given aurally in the cockpit.,2-1-A23
authentic,adj,Non-STE (not approved),,,ACCURATE (adj),ACCURATE (adj),,"IF THE ADJUSTMENT OF THE STOPS IS NOT CORRECT, THE RESULTS OF THE TEST WILL NOT BE ACCURATE.","If the adjustment of the stops is not correct, the results of the test will not be authentic.",2-1-A23
AUTHORITY,n,STE (approved),,An official organization that gives approval to something,,An official organization that gives approval to something,,"BEFORE YOU CHANGE THE PROCEDURE, GET THE APPROVAL OF THE DESIGN AUTHORITY.",,2-1-A23
authorized,adj,Non-STE (not approved),,,APPROVED (adj),APPROVED (adj),,ONLY APPROVED PERSONS ARE PERMITTED TO STAY IN THIS AREA.,Only authorized persons are permitted to stay in this area.,2-1-A23
AUTOMATIC,adj,STE (approved),,That operates without other input,,That operates without other input,,THE AUTOMATIC SYSTEM WILL OPEN THE DOORS.,,2-1-A23
AUTOMATICALLY,adv,STE (approved),,That operates without other input,,That operates without other input,,THE FUEL FLOW STOPS AUTOMATICALLY.,,2-1-A23
AUXILIARY,adj,STE (approved),,1. That operates in a secondary function 2. That gives help,,1. That operates in a secondary function 2. That gives help,,LUBRICANTS FOR THE ENGINE AND THE AUXILIARY EQUIPMENT ARE THE SAME. | USE AUXILIARY SCREWS TO ASSEMBLE THE UNIT TEMPORARILY.,,2-1-A24
AVAILABLE,adj,STE (approved),,Prepared or supplied for you to use,,Prepared or supplied for you to use,,"IF ELECTRICAL POWER IS AVAILABLE, DO A CONTINUITY CHECK.",,2-1-A24
avert,v,Non-STE (not approved),,,PREVENT (v),PREVENT (v),,"IF THE MICROSWITCH BECOMES UNSERVICEABLE, DEACTIVATE THE ACTUATOR TO PREVENT DAMAGE TO THE VALVE.","If the microswitch becomes unserviceable, deactivate the actuator to avert damage to the valve.",2-1-A24
avoid,v,Non-STE (not approved),,,PREVENT (v) | DO NOT,PREVENT (v) DO NOT,,TURN THE CONTROLS SLOWLY TO PREVENT DAMAGE. | DO NOT PUSH ON THE SEALS.,Turn the controls slowly to avoid damage. | Avoid pushing on the seals.,2-1-A24
aware,adj,Non-STE (not approved),,,KNOW (v) | TELL (v),KNOW (v) TELL (v),,ALL PERSONNEL MUST KNOW THE HEALTH RISKS. | TELL ALL PERSONNEL ABOUT THE NEW RULES.,All personnel must be aware of the health risks. | All personnel must be aware of the new rules.,2-1-A24
AWAY FROM,prep,STE (approved),,In or to a different position or direction,,In or to a different position or direction,,DO THE WORK IN AN AREA AWAY FROM EQUIPMENT OR METAL FRAME BUILDINGS.,,2-1-A24
AXIAL,adj,STE (approved),,Related to an axis,,Related to an axis,,DO STEPS 1 THRU 4 TO MAKE SURE THAT NO AXIAL LOAD IS ON THE ROD.,,2-1-A24
AXIALLY,adv,STE (approved),,Related to an axis,,Related to an axis,,APPLY THE LOAD AXIALLY.,,2-1-A24
back,adj,Non-STE (not approved),,,REAR (adj),REAR (adj),,DISCONNECT THE CABLE FROM THE REAR SIDE OF THE INSTRUMENT.,Disconnect the cable from the back side of the instrument.,2-1-B1
BACK,adv,STE (approved),,To an initial condition,,To an initial condition,,MOVE THE ENGINE THROTTLE BACK TO 60% RPM.,,2-1-B1
back,n,Non-STE (not approved),,,REAR (n),REAR (n),,THE CONTROL UNIT IS AT THE REAR.,The control unit is at the back.,2-1-B1
back and forth,adv,Non-STE (not approved),,,DIRECTION (n),DIRECTION (n),,MOVE THE SLEEVE IN THE PISTON TO ONE DIRECTION AND THEN BACK AGAIN.,Move the sleeve back and forth in the piston.,2-1-B1
back off,v,Non-STE (not approved),,,LOOSEN (v),LOOSEN (v),,DO NOT LOOSEN THE NUT TO ALIGN IT.,Do not back off the nut to obtain alignment.,2-1-B1
backup,n,Non-STE (not approved),,,EMERGENCY (n) | AUXILIARY (adj),EMERGENCY (n) AUXILIARY (adj),,"IN AN EMERGENCY, THE ONE-SHOT BATTERY SUPPLIES DC POWER. | USE AUXILIARY SCREWS TO ASSEMBLE THE UNIT TEMPORARILY.",The one-shot battery is a backup for the DC electrical supply. | Use some screws as a backup to assemble the unit temporarily.,2-1-B1
backward,adv,Non-STE (not approved),,,REARWARD (adv),REARWARD (adv),,MOVE THE LEVER REARWARD.,Move the lever backward.,2-1-B1
BAD,adj,STE (approved),"WORSE, WORST",Not satisfactory,,Not satisfactory,Do not use this word if more accurate and clear words are available.,"REFER TO CHAPTER 6 FOR INSTRUCTIONS ABOUT HOW TO PARK IN BAD WEATHER CONDITIONS. | IF THE LENGTH OF THE CRACK IS MORE THAN THE PERMITTED LIMIT, REPLACE THE PART.","If the crack is bad, replace the part.",2-1-B1
badly,adv,Non-STE (not approved),,,INCORRECTLY (adv) | UNSATISFACTORILY (adv) | DECREASE (v),INCORRECTLY (adv) UNSATISFACTORILY (adv) DECREASE (v),,"IF THE SLEEVE IS INCORRECTLY ATTACHED, ADJUST IT. | DISCARD ALL SEALS WHICH ARE UNSATISFACTORILY BONDED. | FUEL LEAKS CAN DECREASE ENGINE PERFORMANCE.","If the sleeve is badly attached, adjust it. | Discard all seals which are badly bonded. | A fuel leak can cause the engine to operate badly.",2-1-B2
BALANCE,v,STE (approved),"BALANCES, BALANCED, BALANCED",To make equal,,To make equal,,BALANCE THE ELECTRICAL LOADS ON EACH GENERATOR.,,2-1-B2
bank,v,Non-STE (not approved),,,BANK (TN),BANK (TN),,THE V-BARS GIVE THE INDICATION FOR A BANK.,The V-BARS indicate the command to bank.,2-1-B2
BARE,adj,STE (approved),,Without a surface layer or protection,,Without a surface layer or protection,,BARE METAL SURFACES ARE USUALLY SATISFACTORY FOR AN ELECTRICAL BOND.,,2-1-B2
bared,adj,Non-STE (not approved),,,BARE (adj),BARE (adj),,GIVE TEMPORARY PROTECTION TO AREAS OF BARE METAL.,Give temporary protection to areas of bared metal.,2-1-B2
base,n,Non-STE (not approved),,,BOTTOM (n),BOTTOM (n),,MAKE SURE THAT THE TWO SPIGOTS AT THE BOTTOM OF THE UNIT ENGAGE.,Make sure that the two spigots at the base of the unit engage.,2-1-B2
base,v,Non-STE (not approved),,,USE (v),USE (v),,USE THE TORQUE VALUES GIVEN IN CHAPTER 10.,Base the torque values on those given in Chapter 10.,2-1-B2
BASIC,adj,STE (approved),,Approved minimum,,Approved minimum,,THIS MODIFICATION CHANGES THE BASIC CONFIGURATION OF THE SYSTEM.,,2-1-B2
BE,v,STE (approved),"IS, WAS, (also ARE, WERE)","1. To occur, exist 2. To have a property, to be equal to",,"1. To occur, exist 2. To have a property, to be equal to",No other verb forms.,"IF THERE IS CORROSION ON THE PUMP VANES, REPLACE THE PUMP. | ACID SOLUTIONS ARE DANGEROUS.",,2-1-B3
BECAUSE,conj,STE (approved),,As a result of,,As a result of,,"BECAUSE THE FLUID LEVEL IS INCORRECT, THE SYSTEM WILL NOT OPERATE.",,2-1-B3
BECAUSE OF,prep,STE (approved),,As a result of,,As a result of,,"IF YOU CANNOT REMOVE A BOLT BECAUSE OF CORROSION, APPLY PENETRATING OIL.",,2-1-B3
BECOME,v,STE (approved),"BECOMES, BECAME",To come to be,,To come to be,No other verb forms.,THE SCREEN BECOMES AVAILABLE.,,2-1-B3
BEFORE,conj,STE (approved),,"That precedes a specified time, sequence, or operation",,"That precedes a specified time, sequence, or operation",,"BEFORE YOU DISCONNECT THE COMPONENTS, BLEED THE SYSTEM.",,2-1-B3
BEFORE,prep,STE (approved),,"That precedes a specified time, sequence, or operation",,"That precedes a specified time, sequence, or operation",,THE BAR MOVES DOWN BEFORE 20 SECONDS.,,2-1-B3
begin,v,Non-STE (not approved),,,START (v),START (v),,INCREASE THE PRESSURE UNTIL THE FLOW STARTS AGAIN.,Increase pressure until the flow begins again.,2-1-B3
beginning,n,Non-STE (not approved),,,START (n) | SOURCE (n) | START (v),START (n) SOURCE (n) START (v),,"YOU CAN GET SLOW MOVEMENT AT THE START. | FIND THE SOURCE OF THE FUEL LEAKAGE. | WHEN THE LEVER STARTS TO MOVE, THE MICROSWITCH OPERATES.","You can get slow movement at the beginning. | Find the beginning of the fuel leak. | At the beginning of the lever movement, the microswitch will operate.",2-1-B4
BEHIND,prep,STE (approved),,In a position at the rear of,,In a position at the rear of,,THE PUMP IS INSTALLED BEHIND THE HYDRAULIC MOTOR.,,2-1-B4
below,adv,Non-STE (not approved),,,FOLLOW (v) | THESE (adj),FOLLOW (v) THESE (adj),,OBEY THE SAFETY PRECAUTIONS THAT FOLLOW: OBEY THESE SAFETY PRECAUTIONS:,Obey the safety precautions below: Obey the safety precautions below:,2-1-B4
BELOW,prep,STE (approved),,In (or to) a position farther down than something LESS THAN,,In (or to) a position farther down than something LESS THAN,"For other meanings, use:",THE DATE IS WRITTEN BELOW THE CYLINDER NECK. | MAKE SURE THAT THE DIAMETER OF THE HOLE IS LESS THAN THE SPECIFIED VALUE.,Make sure that the diameter of the hole is below the specified value.,2-1-B4
BEND,n,STE (approved),,The area where something is bent,,The area where something is bent,,EXAMINE THE BENDS FOR CRACKS.,,2-1-B4
BEND,v,STE (approved),"BENDS, BENT, BENT",To change or cause to change from straight to curved,,To change or cause to change from straight to curved,,"BEND THE PIPE CAREFULLY. | THESE PARTS CAN EASILY BEND, BREAK OR BECOME INCORRECTLY ALIGNED.",,2-1-B4
beneath,prep,Non-STE (not approved),,,BELOW (prep),BELOW (prep),,PUT THE JACK BELOW THE AXLE.,Put the jack beneath the axle.,2-1-B4
beside,prep,Non-STE (not approved),,,ADJACENT TO,ADJACENT TO,,THE FUEL PUMP IS ADJACENT TO THE STRUCTURAL SUPPORT.,The fuel pump is beside the structural support.,2-1-B5
BETWEEN,prep,STE (approved),,Related to something before and after in time or position,,Related to something before and after in time or position,,MAKE SURE THAT THE STOPWATCH INDICATION IS BETWEEN 2 AND 4 MINUTES.,,2-1-B5
beware,v,Non-STE (not approved),,,CAREFUL (adj),CAREFUL (adj),,BE CAREFUL OF DANGEROUS VOLTAGES.,Beware of dangerous voltages.,2-1-B5
beyond,prep,Non-STE (not approved),,,MORE THAN,MORE THAN,,REPLACE ALL COMPONENTS THAT ARE WORN MORE THAN THE MAXIMUM LIMITS.,Replace all components that are worn beyond their maximum limits.,2-1-B5
big,adj,Non-STE (not approved),,,LARGE (adj),LARGE (adj),"If it is possible, give an accurate value.",INSTALL THE LARGER BOLTS.,Install the bigger bolts.,2-1-B5
bind,v,Non-STE (not approved),,,FREELY (adv) | WIND AROUND,FREELY (adv) WIND AROUND,,MAKE SURE THAT THE VALVES MOVE FREELY. | WIND TWO LAYERS OF TAPE AROUND THE PIPE JOINTS.,Check that valves do not bind. | Bind the pipe joints with two layers of tape.,2-1-B5
blank,v,Non-STE (not approved),,,SEAL (v) | CAP (TN) | COVER (TN),SEAL (v) CAP (TN) COVER (TN),,SEAL THE HOSE. | PUT A CAP ON THE CONNECTOR. | PUT A COVER ON THE OUTLET PORT.,Blank the hose. | Blank the connector. | Blank the outlet port.,2-1-B5
BLEED,v,STE (approved),"BLEEDS, BLED, BLED",To let a gas out of,,To let a gas out of,,BLEED THE SPEEDBRAKE HYDRAULIC SYSTEM.,,2-1-B5
blend,v,Non-STE (not approved),,,MIX (v),MIX (v),,MIX THE ADHESIVE WITH THE HARDENER.,Blend the adhesive with the hardener.,2-1-B5
block,v,Non-STE (not approved),,,CAUSE A BLOCKAGE,CAUSE A BLOCKAGE,,MAKE SURE THAT THE SEALANT DOES NOT CAUSE A BLOCKAGE OF THE DRAIN.,Check that the sealant does not block the drain.,2-1-B6
BLOCKAGE,n,STE (approved),,That which prevents correct operation,,That which prevents correct operation,,MAKE SURE THAT THERE IS NO BLOCKAGE OF THE PIPE.,,2-1-B6
BLOCKED,adj,STE (approved),,That prevents correct operation,,That prevents correct operation,,A BLOCKED OIL JET CAN CAUSE INCORRECT OPERATION.,,2-1-B6
blot,v,Non-STE (not approved),,,DRY (v),DRY (v),,DRY THE SURFACE WITH A TOWEL.,Blot the surface with a towel.,2-1-B6
BLOW,v,STE (approved),"BLOWS, BLEW, BLOWN",To cause gas to move,,To cause gas to move,,BLOW DRY AIR THROUGH THE FEED TUBES.,,2-1-B6
BLUNT,adj,STE (approved),,Not sharp,,Not sharp,,REMOVE THE SEALANT WITH A BLUNT SCRAPER.,,2-1-B6
blunted,adj,Non-STE (not approved),,,BLUNT (adj),BLUNT (adj),,EXAMINE THE STATIC DISCHARGERS FOR BENT AND BLUNT PINS.,Inspect the static dischargers for bent and blunted pins.,2-1-B6
bolt,v,Non-STE (not approved),,,ATTACH (v) (WITH A BOLT [TN] OR | BOLTS [TN]),ATTACH (v) (WITH A BOLT [TN] OR BOLTS [TN]),,ATTACH THE TRACK TO THE CHANNELS WITH THE BOLTS.,Bolt the track to the channels.,2-1-B6
BOND,n,STE (approved),,1. A connection between structural components for electrical continuity 2. A firm connection with another material,,1. A connection between structural components for electrical continuity 2. A firm connection with another material,,DO A RESISTANCE CHECK OF THE PRIMARY BONDS. | MAKE SURE THAT THE BOND BETWEEN THE HONEYCOMB CORE AND THE SKIN IS CORRECT.,,2-1-B6
BOND,v,STE (approved),"BONDS, BONDED, BONDED",1. To make an electrical bond 2. To attach firmly or become firmly attached with another material,,1. To make an electrical bond 2. To attach firmly or become firmly attached with another material,,"THE STATIC DISCHARGER IS ELECTRICALLY BONDED TO THE FRAME. | IF THE FILLER BONDS TO THE TOOL, MAKE THE TOOL MOIST WITH COLD WATER. | WHEN YOU BOND THE MATERIALS, APPLY A THIRD LAYER OF ADHESIVE.",,2-1-B7
both,adj,Non-STE (not approved),,,THE TWO (TN),THE TWO (TN),,ATTACH THE TWO ENDS OF THE HOSE.,Attach both ends of the hose.,2-1-B7
BOTTOM,adj,STE (approved),,That is lowermost,,That is lowermost,,REMOVE THE BOTTOM BOLT.,,2-1-B7
BOTTOM,n,STE (approved),,The lowermost position,,The lowermost position,,THE DRAIN PLUG IS AT THE BOTTOM OF THE UNIT.,,2-1-B7
bottom,v,Non-STE (not approved),,,TOUCH (v),TOUCH (v),,OPEN THE DOOR UNTIL IT TOUCHES THE FLOOR.,Open the door until it bottoms on the floor.,2-1-B7
bounds,n,Non-STE (not approved),,,LIMIT (n),LIMIT (n),,MAKE SURE THAT THE CLEARANCE IS IN THE LIMITS.,Make sure that the clearance is in bounds.,2-1-B7
brace,v,Non-STE (not approved),,,HOLD (v) | STRONG (adj),HOLD (v) STRONG (adj),,SUPPORT STRUTS HOLD THE FLOOR STRUCTURE IN POSITION. | REINFORCEMENT PLATES MAKE THE LAP JOINTS STRONGER.,Support struts brace the floor structure. | Reinforcement plates brace the lap joints.,2-1-B7
branch,v,Non-STE (not approved),,,DIVIDE (v),DIVIDE (v),,THE PRESSURE LINES DIVIDE IN DIFFERENT DIRECTIONS.,The pressure lines branch in different directions.,2-1-B7
breadth,n,Non-STE (not approved),,,WIDTH (n),WIDTH (n),,THE WIDTH OF THE MATERIAL MUST BE LARGER THAN 10 mm.,The breadth of the material must be larger than 10 mm.,2-1-B7
break,n,Non-STE (not approved),,,STOP (v),STOP (v),,"IF THE TRANSMISSION STOPS, CANCEL THE TEST.","If there is a break in the transmission, cancel the test.",2-1-B8
BREAK,v,STE (approved),"BREAKS, BROKE, BROKEN",To cause to separate or become separated into parts by force,,To cause to separate or become separated into parts by force,,"BREAK THE BOND OF THE SEALANT. | IF THE SHEAR PIN BREAKS, DO AN INSPECTION OF THE TOWBAR.",,2-1-B8
breakdown,n,Non-STE (not approved),,,STOP (v),STOP (v),,"IF THE PRESSURE SUPPLY STOPS, CANCEL THE TEST.","If there is a breakdown in the pressure supply, cancel the test.",2-1-B8
BREATHE,v,STE (approved),"BREATHES, BREATHED, BREATHED",To get gas into or out of the lungs,,To get gas into or out of the lungs,,DO NOT BREATHE THE SOLVENT FUMES. | BREATHE INTO THE OXYGEN MASK.,,2-1-B8
BRIGHT,adj,STE (approved),"BRIGHTER, BRIGHTEST",That gives much light,,That gives much light,,THE NAVIGATION LIGHTS CHANGE FROM DIM TO BRIGHT.,,2-1-B8
BRIGHTLY,adv,STE (approved),,In a bright manner,,In a bright manner,,THE LIGHTS COME ON BRIGHTLY.,,2-1-B8
brilliance,n,Non-STE (not approved),,,INTENSITY (n) | BRIGHT (adj),INTENSITY (n) BRIGHT (adj),,SET THE INTENSITY TO THE MINIMUM. | TURN THE BRT CONTROL CLOCKWISE TO MAKE THE DISPLAY BRIGHTER.,Set the brilliance to the minimum. | Turn the BRT CONTROL clockwise to increase the display brilliance.,2-1-B8
bring,v,Non-STE (not approved),,,MOVE (v) | PUT (v),MOVE (v) PUT (v),,MOVE THE PANEL INTO POSITION. | PUT THE PANEL IN POSITION.,Bring the panel into place. | Bring the panel into place.,2-1-B9
briskly,adv,Non-STE (not approved),,,QUICKLY (adv),QUICKLY (adv),,"RUB THE SURFACE QUICKLY WITH A SOFT, DRY CLOTH.","Rub the surface briskly with a soft, dry cloth.",2-1-B9
broadcast,v,Non-STE (not approved),,,TRANSMIT (v),TRANSMIT (v),,TRANSMIT THE DATA ON THE TWO CHANNELS.,Broadcast the data on both channels.,2-1-B9
brush,v,Non-STE (not approved),,,BRUSH (TN),BRUSH (TN),,CLEAN THE FILTER ELEMENT WITH A BRUSH. | USE A BRUSH TO CLEAN THE FILTER ELEMENT.,Brush the filter element to clean it. | Brush the filter element to clean it.,2-1-B9
brush on,v,Non-STE (not approved),,,BRUSH (TN),BRUSH (TN),,APPLY THE PAINT WITH A BRUSH.,Brush the paint on.,2-1-B9
BUBBLE,n,STE (approved),,A small quantity of gas in a liquid or a solid,,A small quantity of gas in a liquid or a solid,,ADJUST THE CLINOMETER UNTIL THE BUBBLE IS IN THE CENTER.,,2-1-B9
build,n,Non-STE (not approved),,,STRUCTURE (n),STRUCTURE (n),,THE WING STRUCTURE GIVES MAXIMUM FUEL CAPACITY.,The build of the wing allows maximum fuel storage.,2-1-B9
build,v,Non-STE (not approved),,,ASSEMBLE (v),ASSEMBLE (v),,ASSEMBLE THE UNIT.,Build the unit.,2-1-B9
bump,v,Non-STE (not approved),,,HIT (v),HIT (v),,THE FUELING HOSE MUST NOT HIT THE EDGE OF THE TANK.,The fueling hose must not bump the edge of the tank.,2-1-B9
BURN,v,STE (approved),"BURNS, BURNED, BURNED",1. To cause or undergo combustion 2. To cause injury or damage through heat,,1. To cause or undergo combustion 2. To cause injury or damage through heat,,THE TURBINE BURNS FUEL. | THE SEALANT BURNS AT 109 DEG. | F. | HOT SURFACES CAN BURN YOU.,,2-1-B9
burst,v,Non-STE (not approved),,,BREAK (v),BREAK (v),,"IF THE DISK BREAKS, STOP THE SUPPLY.","If the disk bursts, switch off the supply.",2-1-B10
BUT,conj,STE (approved),,On the contrary,,On the contrary,,"TIGHTEN THE NUTS, BUT DO NOT TORQUE THEM AT THIS TIME.",,2-1-B10
butt,v,Non-STE (not approved),,,TOUCH (v),TOUCH (v),,THE WIRE MUST TOUCH THE REAR OF THE CONTACT.,The wire must butt against the rear of the contact.,2-1-B10
BY,prep,STE (approved),,Mathematical function word,,Mathematical function word,,DIVIDE THE VALUE BY TWO. | INCREASE THE TEMPERATURE BY 10 DEGREES.,,2-1-B10
by means of,prep,Non-STE (not approved),,,WITH (prep),WITH (prep),,PRESSURIZE THE SYSTEM TO 150 bar WITH THE HAND PUMP.,"By means of the hand pump, pressurize the system to 150 bar.",2-1-B10
BYPASS,v,STE (approved),"BYPASSES, BYPASSED, BYPASSED",To change a circuit so that it goes past something instead of through it,,To change a circuit so that it goes past something instead of through it,,"IN THIS CONFIGURATION, THE HYDRAULIC PRESSURE BYPASSES THE VALVE.",,2-1-B10
CALCULATE,v,STE (approved),"CALCULATES, CALCULATED, CALCULATED",To find a result by mathematics,,To find a result by mathematics,,CALCULATE THE PERCENTAGE WITH THE APPLICABLE FORMULA.,,2-1-C1
calculation,n,Non-STE (not approved),,,CALCULATE (v),CALCULATE (v),,THE SYSTEM CALCULATES DATA THAT ARE APPLICABLE ONLY TO A TYPE B UNIT.,Data from the system calculations apply only to a Type B unit.,2-1-C1
CALIBRATE,v,STE (approved),"CALIBRATES, CALIBRATED, CALIBRATED",To measure and adjust the precision of something,,To measure and adjust the precision of something,,CALIBRATE THE THERMOMETER TO THE CELSIUS SCALE.,,2-1-C1
CALIBRATION,n,STE (approved),,The procedure that calibrates,,The procedure that calibrates,,WRITE THE RESULTS OF THE CALIBRATION ON THE CORRECTION CHART.,,2-1-C1
call,v,Non-STE (not approved),,,TELL (v),TELL (v),,TELL THE RAMP AGENT TO REMOVE THE CHOCKS.,Call the ramp agent to remove the chocks.,2-1-C1
CAN,v,STE (approved),"CAN, COULD","Auxiliary modal verb that means to be possible, to be able to, or to be permitted to",,"Auxiliary modal verb that means to be possible, to be able to, or to be permitted to",Do not use COULD (v) to show possibility No other verb forms.,"A MIXTURE OF FUEL AND OXYGEN CAN CAUSE AN EXPLOSION. | YOU CAN CLEAN THE DRAIN HOLES WITH THE CLEANING TOOL. | YOU CAN OPERATE THE VEHICLE AFTER THE INSPECTION IS COMPLETED. | IF YOU DO NOT OBEY THIS WARNING, AN EXPLOSION CAN OCCUR.","If you do not obey this warning, an explosion could occur.",2-1-C1
CANCEL,v,STE (approved),"CANCELS, CANCELED, CANCELED",1. To do the necessary steps to stop a process 2. To remove the validity of something,,1. To do the necessary steps to stop a process 2. To remove the validity of something,,"IF YOU ACCIDENTALLY PUSH THE SWITCH, CANCEL THE START SEQUENCE. | THIS NEW REVISION AUTOMATICALLY CANCELS THE PREVIOUS ONE.",,2-1-C2
CANNOT,v,STE (approved),,Auxiliary modal verb that means to not be able to,,Auxiliary modal verb that means to not be able to,,THE WHEEL CANNOT MOVE WHEN THE LOCK IS ENGAGED.,,2-1-C2
cap,v,Non-STE (not approved),,,SEAL (v) | CAP (TN) | COVER (TN),SEAL (v) CAP (TN) COVER (TN),,SEAL ALL THE HOSES. | PUT CAPS ON THE CONNECTORS. | PUT A COVER ON THE INLET PORT.,Cap all the hoses. | Cap the connectors. | Cap the inlet port.,2-1-C2
capability,n,Non-STE (not approved),,,FUNCTION (n) | CAN (v),FUNCTION (n) CAN (v),,THESE FUNCTIONS OPEN THE APPLICABLE GRAPHIC DEVICE. | THE COMPUTER CAN CALCULATE THE RESULT AUTOMATICALLY.,These capabilities open the applicable graphic device. | The computer has the capability to calculate the result automatically.,2-1-C2
capable,adj,Non-STE (not approved),,,APPROVED (adj) | CAN (v),APPROVED (adj) CAN (v),,AN APPROVED PERSON MUST DO THE IMPORTANT CHECKS. | THE POWER UNIT CAN SUPPLY 28 V DC.,Vital checks are to be carried out by a capable person. | The power unit is capable of producing 28 V DC.,2-1-C2
CAPACITY,n,STE (approved),,The maximum quantity that something can hold or make,,The maximum quantity that something can hold or make,,THE CAPACITY OF THE TANK IS 564 LITERS.,,2-1-C2
care,n,Non-STE (not approved),,,PRECAUTION (n) | CAREFUL (adj) | CAREFULLY (adv),PRECAUTION (n) CAREFUL (adj) CAREFULLY (adv),,"WHEN YOU DO WORK WITH HIGH VOLTAGES, OBEY THE SAFETY PRECAUTIONS. | BE CAREFUL WHEN YOU INSTALL THE NUTS. | REMOVE THE GEARBOX CAREFULLY.",You must take care when you work with high voltages. | Take care when installing the nuts. | Remove the gearbox with great care.,2-1-C3
CAREFUL,adj,STE (approved),,With precaution,,With precaution,,BE CAREFUL WHEN YOU REMOVE THE COVER.,,2-1-C3
CAREFULLY,adv,STE (approved),,In a careful manner,,In a careful manner,,CAREFULLY APPLY A BEAD OF SEALING COMPOUND.,,2-1-C3
carry,v,Non-STE (not approved),,,TRANSMIT (v) | TRANSPORT (TN),TRANSMIT (v) TRANSPORT (TN),,THE CABLE TRANSMITS THE ELECTRICAL ENERGY FROM THE IGNITION EXCITER TO THE IGNITER. | THIS VEHICLE IS FOR THE TRANSPORT OF FIVE PASSENGERS.,The cable carries the electrical energy from the ignition exciter to the igniter. | This vehicle is meant to carry five passengers.,2-1-C3
carry out,v,Non-STE (not approved),,,DO (v) | MEASURE (v),DO (v) MEASURE (v),You can use a more accurate command verb.,DO THE LEAK TEST. | MEASURE THE CLEARANCE OF THE IMPELLER.,Carry out the leak test. | Carry out the clearance measurement of the impeller.,2-1-C3
case,n,Non-STE (not approved),,,CONDITION (n),CONDITION (n),,FIGURE 1 SHOWS THE DATA FOR ALL OPERATIONAL CONDITIONS.,The data for all operational cases are shown in Figure 1.,2-1-C3
case (in case of),conj,Non-STE (not approved),,,IF (conj),IF (conj),,"IF THERE IS A FIRE, OPERATE THE CRASH SWITCHES.","In case of a fire, operate the crash switches.",2-1-C3
CATCH,v,STE (approved),"CATCHES, CAUGHT, CAUGHT",To stop or prevent the movement of something,COLLECT (v),To stop or prevent the movement of something COLLECT (v),"For other meanings, use:",THE LUG ON THE PANEL OPENING CATCHES THE BOTTOM OF THE DRAWER. | DO NOT LET THE TOOL CATCH ON THE PANEL. | COLLECT THE LEAKAGE IN A GRADUATED BEAKER.,Catch the leakage in a graduated beaker.,2-1-C4
categorize,v,Non-STE (not approved),,,CATEGORY (TN),CATEGORY (TN),,THE TESTING EQUIPMENT DIVIDES THE FAULTS INTO CATEGORIES.,The testing equipment categorizes the faults.,2-1-C4
CAUSE,n,STE (approved),,Something that brings about a result,,Something that brings about a result,,DO THE TROUBLESHOOTING PROCEDURE TO FIND THE CAUSE OF THE MALFUNCTION.,,2-1-C4
CAUSE,v,STE (approved),"CAUSES, CAUSED, CAUSED",To be the cause of,,To be the cause of,,METAL OBJECTS CAN CAUSE MAGNETIC INTERFERENCE.,,2-1-C4
caution,v,Non-STE (not approved),,,TELL (v),TELL (v),,TELL ALL PERSONNEL NOT TO SMOKE NEAR FUEL TANKS.,Caution all personnel not to smoke near fuel tanks.,2-1-C4
cautiously,adv,Non-STE (not approved),,,CAREFULLY (adv),CAREFULLY (adv),,CAREFULLY FEEL THE HEATER WITH YOUR HANDS TO MAKE SURE THAT IT OPERATES.,Cautiously feel the heater with your hands to make sure that it operates.,2-1-C4
cavity,n,Non-STE (not approved),,,HOLE (n) | SPACE (n),HOLE (n) SPACE (n),,FILL THE HOLE WITH RESIN. | FILL THE SPACE BETWEEN THE PATCH AND THE ADJACENT STRUCTURE WITH SEALANT.,Fill the cavity with resin. | Fill the cavity between the patch and the adjacent structure with sealant.,2-1-C4
cease,v,Non-STE (not approved),,,STOP (v),STOP (v),,THE WARNING STOPS AT 17 DEG.,The warning ceases at 17 deg.,2-1-C4
center,v,Non-STE (not approved),,,CENTER (TN),CENTER (TN),,ALIGN THE PISTON WITH THE CENTER OF THE SLEEVE.,Center the piston in the sleeve.,2-1-C5
centralize,v,Non-STE (not approved),,,CENTER (TN),CENTER (TN),,SET THE CONTROLS TO THE CENTER POSITION.,Centralize the controls.,2-1-C5
certain,adj,Non-STE (not approved),,,SURE (adj) | SOME (adj) | SPECIFIED (adj),SURE (adj) SOME (adj) SPECIFIED (adj),,"IF YOU ARE NOT SURE THAT THE RESULTS ARE CORRECT, DO THE TEST AGAIN. | SOME FUNCTIONS ARE NOT AVAILABLE. | THE SPECIFIED FUNCTIONS ARE NOT AVAILABLE.","If you are not certain that the results are correct, do the test again. | Certain functions are not available. | Certain functions are not available.",2-1-C5
certify,v,Non-STE (not approved),,,WRITE (v) | APPROVAL (n),WRITE (v) APPROVAL (n),,WRITE THE CHANGE IN THE LOGBOOK. | GET APPROVAL FROM YOUR SUPERVISOR FOR THE REPAIR.,Certify the change in the logbook. | Get the supervisor to certify the repair.,2-1-C5
chafe,v,Non-STE (not approved),,,RUB (v),RUB (v),,DO NOT LET THE WIRES RUB.,Do not let the wires chafe.,2-1-C5
chafed,adj,Non-STE (not approved),,,WORN (adj),WORN (adj),,EXAMINE THE TUBING FOR WORN AREAS.,Examine the tubing for chafed areas.,2-1-C5
chance (by chance),n,Non-STE (not approved),,,RISK (n) | ACCIDENTALLY (adv),RISK (n) ACCIDENTALLY (adv),,"IF THERE IS A RISK OF FUEL LEAKAGE, PUT A CONTAINER BELOW THE UNIT. | IF THE LEVER MOVED ACCIDENTALLY, DO THE TEST AGAIN.","If there is a chance of fuel leakage, put a container below the unit. | If, by chance, the lever moved, do the test again.",2-1-C5
CHANGE,n,STE (approved),,That which occurs when something changes,,That which occurs when something changes,,THE COLOR CHANGE SHOWS THAT THE TEMPERATURE IS TOO HIGH.,,2-1-C5
CHANGE,v,STE (approved),"CHANGES, CHANGED, CHANGED",To become or to cause to become different,REPLACE (v),To become or to cause to become different REPLACE (v),"For other meanings, use:","IF THE HUMIDITY CHANGES FREQUENTLY, PUT A COVER ON THE UNIT. | CHANGE THE COLOR OF THE DISPLAY. | REPLACE THE DAMAGED VALVE.",Change the damaged valve.,2-1-C6
channel,v,Non-STE (not approved),,,CHANNEL (TN),CHANNEL (TN),,INSTALL THE WIRES IN THE CHANNEL ALONG THE HOUSING.,Channel the wires along the housing.,2-1-C6
characteristic,n,Non-STE (not approved),,,PROPERTY (n) | QUALITY (n),PROPERTY (n) QUALITY (n),,THE PROPERTIES OF THESE SEALANTS PREVENT CORROSION. | DO NOT USE THIS MATERIAL BECAUSE IT DOES NOT HAVE THE NECESSARY QUALITIES.,The characteristics of these sealants prevent corrosion. | Do not use this material because it doesn't have the necessary characteristics.,2-1-C6
CHARGE,v,STE (approved),"CHARGES, CHARGED, CHARGED",To accumulate or add electrical energy,FILL (v) | PRESSURIZE (v),To accumulate or add electrical energy FILL (v) PRESSURIZE (v),"For other meanings, use:",CHARGE THE BATTERY. | MAKE SURE THAT THE BATTERY CHARGES. | FILL THE TANK WITH 10 LITERS OF METHANOL. | PRESSURIZE THE ACCUMULATOR WITH NITROGEN.,Charge the tank with 10 liters of methanol. | Charge the accumulator with nitrogen.,2-1-C6
CHECK,n,STE (approved),,The procedure you do to make sure that something operates correctly or has no defects,,The procedure you do to make sure that something operates correctly or has no defects,,DO A CHECK OF THE HYDRAULIC SYSTEM. | DO A CHECK FOR LOOSE FASTENERS.,,2-1-C6
check,v,Non-STE (not approved),,,MAKE SURE (v) | MEASURE (v) | EXAMINE (v) | CHECK (n),MAKE SURE (v) MEASURE (v) EXAMINE (v) CHECK (n),,MAKE SURE THAT IT IS SAFE TO SUPPLY ELECTRICAL POWER. | MEASURE THE DISTANCE BETWEEN THE SURFACES. | EXAMINE THE CASTING FOR CORROSION. | DO A LEAKAGE CHECK OF THE VALVE.,Check that it is safe to supply electrical power. | Check the distance between the surfaces. | Check the casting for corrosion. | Check the valve for leakage.,2-1-C7
CHEMICAL,adj,STE (approved),,Related to a chemical,,Related to a chemical,,REMOVE THE CORROSION WITH AN APPROVED CHEMICAL COMPOUND.,,2-1-C7
CHEMICALLY,adv,STE (approved),,Related to a chemical,,Related to a chemical,,REMOVE CORROSION CHEMICALLY.,,2-1-C7
chip,n,Non-STE (not approved),,,PARTICLE (n),PARTICLE (n),,EXAMINE THE FILTER ELEMENT FOR METAL PARTICLES.,Examine the filter element for metal chips.,2-1-C7
chip,v,Non-STE (not approved),,,DAMAGED (adj),DAMAGED (adj),,"IF THE ENAMEL IS DAMAGED, REPLACE THE UNIT.","If the enamel is chipped, replace the unit.",2-1-C7
chock,v,Non-STE (not approved),,,CHOCK (TN),CHOCK (TN),,PUT CHOCKS AGAINST THE WHEELS.,Chock the wheels.,2-1-C7
choice,n,Non-STE (not approved),,,SELECTION (n) | ALTERNATIVE (adj),SELECTION (n) ALTERNATIVE (adj),,MAKE A SELECTION FROM THE AVAILABLE SHIMS TO GET THE CORRECT THICKNESS. | TABLE 1 GIVES ALTERNATIVE ADHESIVES WHICH YOU CAN USE.,"Make a choice from the available shims to get the correct thickness. | In Table 1, there is a choice of adhesives which you are allowed to use.",2-1-C7
choose,v,Non-STE (not approved),,,SELECT (v) | ALTERNATIVE (adj),SELECT (v) ALTERNATIVE (adj),,SELECT THE HYDRAULIC SYSTEM THAT YOU WILL PRESSURIZE. | TABLE 1 GIVES A LIST OF ALTERNATIVE ADHESIVES.,Choose the hydraulic system that you will pressurize. | Table 1 lists the adhesives which you can choose.,2-1-C7
circa,prep,Non-STE (not approved),,,APPROXIMATELY (adv),APPROXIMATELY (adv),,PUT A CONTAINER (APPROXIMATELY 5 LITERS) BELOW THE WASTE WATER OUTLET.,Put a container (circa 5 liters) under the waste water outlet.,2-1-C8
circle,v,Non-STE (not approved),,,AROUND (prep),AROUND (prep),,THE POINTER MOVES AROUND THE DIAL.,The pointer circles the dial.,2-1-C8
CIRCULAR,adj,STE (approved),,That has the shape of a circle,,That has the shape of a circle,,POLISH THE WINDOW WITH A CIRCULAR MOVEMENT.,,2-1-C8
circulate,v,Non-STE (not approved),,,SUPPLY (v),SUPPLY (v),,SUPPLY AIR AT 24  C TO THE AREA.,Circulate air at 24  C in the area.,2-1-C8
clamp,v,Non-STE (not approved),,,ATTACH (v) (WITH A CLAMP [TN] | OR CLAMPS [TN]) | PUT (v) (A CLAMP [TN] OR | CLAMPS [TN]),ATTACH (v) (WITH A CLAMP [TN] OR CLAMPS [TN]) PUT (v) (A CLAMP [TN] OR CLAMPS [TN]),,ATTACH THE ADJACENT CABLES WITH CLAMPS. | PUT CLAMPS ON THE CABLE TO HOLD IT IN POSITION.,Clamp the adjoining cables together. | Clamp the cable in position.,2-1-C8
classification,n,Non-STE (not approved),,,CLASS (TN) | CATEGORY (TN),CLASS (TN) CATEGORY (TN),,THERE ARE FOUR GENERAL CLASSES OF FASTENERS. | YOU CAN DIVIDE THE FASTENERS INTO FOUR GENERAL CATEGORIES.,Fasteners can be separated into four general classifications. | Fasteners can be separated into four general classifications.,2-1-C8
CLEAN,adj,STE (approved),,That does not include dirt or unwanted material,,That does not include dirt or unwanted material,,MAKE SURE THAT THE AREA IS CLEAN.,,2-1-C8
CLEAN,v,STE (approved),"CLEANS, CLEANED, CLEANED",To remove dirt or unwanted materials,,To remove dirt or unwanted materials,,CLEAN THE GASKET CONTACT SURFACE.,,2-1-C8
cleanliness,n,Non-STE (not approved),,,CLEAN (adj),CLEAN (adj),,CONDITIONS FOR A SATISFACTORY BOND ARE: - A CLEAN SURFACE - A CORRECT TEMPERATURE - A CORRECT PRESSURE.,"A satisfactory bond depends on the cleanliness of the surface, the temperature, and the pressure.",2-1-C8
CLEAR,adj,STE (approved),,1. Without blockage or interference 2. Easy to understand and without ambiguity,TRANSPARENT (adj),1. Without blockage or interference 2. Easy to understand and without ambiguity TRANSPARENT (adj),"For other meanings, use:",MAKE SURE THAT THE PITOT AIR INLET IS CLEAR. | ALWAYS GIVE CLEAR INSTRUCTIONS ABOUT SAFETY. | PUT THE UNIT IN A TRANSPARENT PLASTIC BAG.,Put the unit in a clear plastic bag.,2-1-C9
clear,v,Non-STE (not approved),,,CLEAN (v),CLEAN (v),You can also use a different construction.,CLEAN THE DRAIN HOLE. | LIFT THE SEAT UNTIL IT IS AWAY FROM THE TRACK LOCKS.,Clear the drain hole. | Lift the seat so that it clears the track locks.,2-1-C9
CLEARANCE,n,STE (approved),,The space between two objects that must be clear to make sure that they do not touch,,The space between two objects that must be clear to make sure that they do not touch,,MAKE SURE THAT THERE IS CLEARANCE BETWEEN THE LEVER AND THE ROLLER.,,2-1-C9
CLEARLY,adv,STE (approved),,In a clear and not ambiguous manner,,In a clear and not ambiguous manner,,MAKE SURE THAT YOU CAN HEAR THE SIGNALS CLEARLY AT ALL STATIONS.,,2-1-C9
CLICK,n,STE (approved),,"A short, sharp sound",,"A short, sharp sound",,TURN THE ADJUSTER FIVE CLICKS CLOCKWISE.,,2-1-C9
click,v,Non-STE (not approved),,,CLICK (n),CLICK (n),,"WHEN THE SOLENOID MAKES A CLICK, THE VALVE IS OPEN.","When the solenoid clicks, the valve is open.",2-1-C9
clip,v,Non-STE (not approved),,,CUT (v) | ATTACH (v) (WITH A CLIP [TN] OR | CLIPS [TN]),CUT (v) ATTACH (v) (WITH A CLIP [TN] OR CLIPS [TN]),,CUT THE WIRE TO THE CORRECT LENGTH. | ATTACH THE CONDUIT TO THE STRUCTURE WITH CLIPS.,Clip the wire to the correct length. | The conduit should be clipped to the structure.,2-1-C9
CLOCKWISE,adv,STE (approved),,In the direction in which the hands of a clock turn when seen from the front,,In the direction in which the hands of a clock turn when seen from the front,,TURN THE NOZZLE 40 DEG. | CLOCKWISE.,,2-1-C9
CLOGGED,adj,STE (approved),,Blocked with unwanted material.,,Blocked with unwanted material.,,"IF THE FILTER IS CLOGGED, REPLACE IT.",,2-1-C9
close,adj,Non-STE (not approved),,,NEAR (prep),NEAR (prep),,DO NOT USE SOLVENTS NEAR FLAMES OR SPARKS.,Do not use solvents in close contact with flames or sparks.,2-1-C10
CLOSE,v,STE (approved),"CLOSES, CLOSED, CLOSED","1. To move together, or to move to a position that stops or prevents materials from going in or out 2. To operate a circuit breaker to make an electrical circuit",,"1. To move together, or to move to a position that stops or prevents materials from going in or out 2. To operate a circuit breaker to make an electrical circuit",,CLOSE THE INSTRUMENT PANEL. | MAKE SURE THAT THE DOORS CLOSE FULLY. | MAKE SURE THAT THE CIRCUIT BREAKER IS CLOSED. | MAKE SURE THAT THE CIRCUIT BREAKER CLOSES.,,2-1-C10
closely,adv,Non-STE (not approved),,,CAREFULLY (adv),CAREFULLY (adv),,CAREFULLY MONITOR THE OPERATION OF THE SYSTEM.,Closely monitor the operation of the system.,2-1-C10
close to,adv,Non-STE (not approved),,,NEAR (prep),NEAR (prep),,PUT THE CLINOMETER NEAR THE FUSELAGE CENTERLINE.,Put the clinometer close to the fuselage centerline.,2-1-C10
coat,n,Non-STE (not approved),,,LAYER (n),LAYER (n),,APPLY A LAYER OF SEALANT PR 1440 B2 ON THE SURFACE.,Spread a coat of sealant PR 1440 B2 on the surface.,2-1-C10
coat,v,Non-STE (not approved),,,LAYER (n),LAYER (n),,APPLY A LAYER OF GREASE TO THE BATTERY CABLES.,Coat the battery cables with grease.,2-1-C10
coating,n,Non-STE (not approved),,,LAYER (n),LAYER (n),,THE METAL HAS A LAYER OF PLASTIC ON IT TO PREVENT CORROSION.,The metal has a coating of plastic on it to prevent corrosion.,2-1-C10
cock,v,Non-STE (not approved),,,SET (v),SET (v),,SET THE RACK HOOKS.,Cock the rack hooks.,2-1-C10
CODE,n,STE (approved),,"A sequence of symbols, letters, and/or numbers used for identification",,"A sequence of symbols, letters, and/or numbers used for identification",,EACH ELECTRICAL SYSTEM HAS A CODE TO IDENTIFY IT.,,2-1-C10
code,v,Non-STE (not approved),,,IDENTIFY (v) | CODE (n),IDENTIFY (v) CODE (n),,IDENTIFY THE CABLES WITH A CODE. | PUT A CODE ON THE CABLES.,Code the cables. | Code the cables.,2-1-C10
COIL,n,STE (approved),,A sequence of loops,,A sequence of loops,,MAKE SURE THAT THE COILS OF THE OXYGEN HOSE DO NOT RUB TOGETHER.,,2-1-C11
coil,v,Non-STE (not approved),,,WIND (v),WIND (v),,WIND THE CABLES CAREFULLY.,Coil the cables carefully.,2-1-C11
coincide,v,Non-STE (not approved),,,ALIGN (v),ALIGN (v),,THE FASTENERS MUST ALIGN WITH THE HOLES IN THE TRACK.,The fasteners must coincide with the holes in the track.,2-1-C11
coincident,adj,Non-STE (not approved),,,SYNCHRONIZED (adj) | ALIGN (v),SYNCHRONIZED (adj) ALIGN (v),,MAKE SURE THAT THE MOVEMENT OF THE TWO SURFACES IS SYNCHRONIZED. | MAKE SURE THAT THE TWO SURFACES ALIGN.,Make sure that the movement of the two surfaces is coincident. | Make sure that the two surfaces are coincident.,2-1-C11
COLD,adj,STE (approved),"COLDER, COLDEST",At low temperature,,At low temperature,,MAKE SURE THAT COLD AIR COMES OUT OF THE OUTLETS.,,2-1-C11
collapse,v,Non-STE (not approved),,,CLOSE (v) | FALL (v),CLOSE (v) FALL (v),,CLOSE THE BOX. | THE BOARDING BRIDGE FELL.,Collapse the box. | The boarding bridge collapsed.,2-1-C11
COLLECT,v,STE (approved),"COLLECTS, COLLECTED, COLLECTED","To come, or cause to come, together in one location",,"To come, or cause to come, together in one location",,FLUID COLLECTS IN THE BOTTOM OF THE COWLING. | COLLECT ALL LOOSE ITEMS AND PUT THEM IN THE CONTAINER.,,2-1-C11
COLOR,n,STE (approved),,A property of light,,A property of light,,THE COLOR CHANGES FROM BLUE TO RED.,,2-1-C11
color code,v,Non-STE (not approved),,,IDENTIFY (v) | CODE (n),IDENTIFY (v) CODE (n),,IDENTIFY THE ASSEMBLY WITH THE CORRECT COLOR. | PUT A COLOR CODE ON EACH OF THE ASSEMBLIES.,The assembly must be color coded. | Color code the assemblies.,2-1-C11
colored,adj,Non-STE (not approved),,,COLOR (n),COLOR (n),,THE SCALE HAS TWO AREAS OF DIFFERENT COLOR.,The scale is divided into two colored areas.,2-1-C11
combine,v,Non-STE (not approved),,,MIX (v) | PUT TOGETHER,MIX (v) PUT TOGETHER,,MIX THE WATER AND THE GLYCOL. | DO NOT PUT DIFFERENT HPT SEGMENTS TOGETHER.,Combine water and glycol. | Do not combine different HPT segments.,2-1-C12
combustible,adj,Non-STE (not approved),,,FLAMMABLE (adj),FLAMMABLE (adj),,KEEP FLAMMABLE MATERIALS AT A MINIMUM DISTANCE OF 50 FEET FROM THE WORK AREA.,Keep combustible materials at a minimum distance of 50 feet from the work area.,2-1-C12
COME,v,STE (approved),"COMES, CAME",To move to your location,,To move to your location,No other verb forms.,FUMES MUST NOT COME INTO THE CABIN.,,2-1-C12
COME ON,v,STE (approved),"COMES ON, CAME ON",To become bright with light when an internal power source is energized,,To become bright with light when an internal power source is energized,No other verb forms.,THE LIGHTS MUST COME ON.,,2-1-C12
commence,v,Non-STE (not approved),,,START (v),START (v),,THE WARNING STARTS AND THE INDICATORS FLASH.,The warning commences and the indicators flash.,2-1-C12
commencement,n,Non-STE (not approved),,,START (v),START (v),,"AFTER THE TEST STARTS, MONITOR THE RESULTS ON THE SCREEN.","After the test commencement, monitor the results on the screen.",2-1-C12
common,adj,Non-STE (not approved),,,SAME (adv),SAME (adv),,THE REMOVAL PROCEDURE IS THE SAME FOR THE TWO ITEMS.,The removal procedure is common to both items.,2-1-C12
communicate,v,Non-STE (not approved),,,CONTACT (v) | SPEAK (v) | HEAR (v) | COMMUNICATION (n),CONTACT (v) SPEAK (v) HEAR (v) COMMUNICATION (n),,"FOR MORE INFORMATION, CONTACT THE MANUFACTURER. | USE A TELEPHONE TO SPEAK WITH THE LINE MANAGER. | MAKE SURE THAT AIR TRAFFIC CONTROL CAN HEAR YOU. | MAKE SURE THAT THERE IS COMMUNICATION BETWEEN THE SERVER AND THE PC.","For more information, communicate with the manufacturer. | Use a telephone to communicate with the line manager. | Make sure that you communicate with ATC. | Make sure that the server and the PC can communicate.",2-1-C13
COMMUNICATION,n,STE (approved),,"The exchange of information through a common system of symbols, signs, or sounds",,"The exchange of information through a common system of symbols, signs, or sounds",,COMMUNICATION BETWEEN THESE TWO SYSTEMS IS ENCRYPTED.,,2-1-C13
COMPARE,v,STE (approved),"COMPARES, COMPARED, COMPARED",To examine for differences,,To examine for differences,,COMPARE THE TWO VALUES.,,2-1-C13
comparison,n,Non-STE (not approved),,,COMPARE (v),COMPARE (v),,COMPARE THE TWO INDICATIONS.,Make a comparison of the two readings.,2-1-C13
COMPATIBLE,adj,STE (approved),,That can operate together satisfactorily or be used together safely,,That can operate together satisfactorily or be used together safely,,THIS SOFTWARE IS COMPATIBLE ONLY WITH THE SPECIFIED OPERATING SYSTEM. | THE COOLANT IS COMPATIBLE WITH HIGH-PERFORMANCE ALLOYS.,,2-1-C13
compile,v,Non-STE (not approved),,,MAKE A LIST | RECORD (v) | COLLECT (v),MAKE A LIST RECORD (v) COLLECT (v),,MAKE A LIST OF THE NECESSARY TOOLS. | RECORD THE AILERON MOVEMENTS ON FORM B. | COLLECT ALL INSPECTION RECORDS FOR THE COMPONENT.,Compile a list of the required tools. | Compile the aileron movements on Form B. | Compile all inspection records for the component.,2-1-C13
complete,adj,Non-STE (not approved),,,FULL (adj) | ALL (adj) | COMPLETED (adj),FULL (adj) ALL (adj) COMPLETED (adj),,EXTEND AND RETRACT THE ACTUATOR THROUGH THREE FULL CYCLES. | SEND ALL THE TEST RESULTS TO THE MANUFACTURER. | THE GREEN INDICATION SHOWS THAT SERVICING IS COMPLETED.,Extend and retract the actuator through three complete cycles. | The complete test results must be sent to the manufacturer. | The green indication shows that servicing is complete.,2-1-C14
COMPLETE,v,STE (approved),"COMPLETES, COMPLETED, COMPLETED",To bring to an end,,To bring to an end,,COMPLETE THE FUNCTIONAL TEST.,,2-1-C14
COMPLETED,adj,STE (approved),,Successfully brought to an end,,Successfully brought to an end,,SEND THE COMPLETED REPORT TO THE SUPERVISOR FOR APPROVAL.,,2-1-C14
completely,adv,Non-STE (not approved),,,FULLY (adv),FULLY (adv),,"BEFORE YOU APPLY THE SECOND LAYER, LET THE FIRST LAYER OF PAINT DRY FULLY.",Allow the first layer of paint to dry completely before applying the second layer.,2-1-C14
completion,n,Non-STE (not approved),,,END (n) | COMPLETE (v),END (n) COMPLETE (v),,"AT THE END OF THIS PROCEDURE, REFER TO 72-00-00, TEST 001. | TWO HOURS ARE NECESSARY TO COMPLETE THIS TASK.","See 72-00-00, Testing 001 upon completion of this procedure. | Completion of the task will require two hours.",2-1-C14
complicated,adj,Non-STE (not approved),,,NOT EASY,NOT EASY,,THIS TEST PROCEDURE IS NOT EASY WITHOUT THE CORRECT EQUIPMENT.,This test procedure is complicated without the right equipment.,2-1-C14
comply,v,Non-STE (not approved),,,OBEY (v),OBEY (v),Used in law and regulations. Refer to rule 1.12.,"WHEN YOU ASSEMBLE THE UNIT, OBEY THIS PROCEDURE. | THE SHIP CERTIFICATE MUST COMPLY WITH ALL THE REQUIREMENTS OF THE","When you assemble the unit, comply with this procedure.",2-1-C14
COMPONENT,n,STE (approved),,"A part, subassembly, or unit that has a specified function",,"A part, subassembly, or unit that has a specified function",,CLEAN THESE COMPONENTS WITH APPROVED SOLVENTS.,,2-1-C15
comprehensive,adj,Non-STE (not approved),,,FULL (adj),FULL (adj),,DO A FULL INSPECTION OF THE FAIRING.,Do a comprehensive inspection of the fairing.,2-1-C15
COMPRESS,v,STE (approved),"COMPRESSES, COMPRESSED, COMPRESSED",To decrease or cause to decrease in dimension or volume,,To decrease or cause to decrease in dimension or volume,,"COMPRESS THE SPRING AND CAREFULLY INSTALL THE COVER. | WHEN THE SPRING COMPRESSES, THE VALVE OPENS.",,2-1-C15
comprise,v,Non-STE (not approved),,,HAVE (v) | CONTAIN (v),HAVE (v) CONTAIN (v),,THE VALVE ASSEMBLY HAS THESE PARTS: EACH SURVIVAL KIT CONTAINS THESE ITEMS.,The valve assembly comprises these parts: Each survival kit comprises these items.,2-1-C15
compulsory,adj,Non-STE (not approved),,,MANDATORY (adj),MANDATORY (adj),,"BEFORE YOU INSTALL A NEW COMPONENT, IT IS MANDATORY TO REPLACE THE FILTER.","Before you install a new component, it is compulsory to replace the filter.",2-1-C15
compute,v,Non-STE (not approved),,,CALCULATE (v),CALCULATE (v),,CALCULATE THE VOLTAGE IN THE CIRCUIT.,Compute the voltage in the circuit.,2-1-C15
concentrate,v,Non-STE (not approved),,,ALL (adj),ALL (adj),,ALL THE WEIGHT MUST BE ON THE SPAR TIP.,The weight must be concentrated on the spar tip.,2-1-C15
CONCENTRATION,n,STE (approved),,The strength of something contained in a mixture,,The strength of something contained in a mixture,,"IN A HIGH CONCENTRATION, THIS MATERIAL IS POISONOUS.",,2-1-C15
CONCENTRIC,adj,STE (approved),,That has a common center,,That has a common center,,THE EXTERNAL DIAMETER MUST BE CONCENTRIC TO THE INTERNAL DIAMETER.,,2-1-C15
concern,v,Non-STE (not approved),,,APPLICABLE (adj),APPLICABLE (adj),,THIS PROCEDURE IS APPLICABLE ONLY TO A TYPE B UNIT.,This procedure only concerns a Type B unit.,2-1-C15
conclusion,n,Non-STE (not approved),,,END (n) | RESULT (n),END (n) RESULT (n),,"AT THE END OF THE TEST, SET THE SWITCH TO “NORMAL.” IF THE RESULTS OF THE TEST ARE UNSATISFACTORY, REPLACE THE UNIT.","At the conclusion of the test, you must switch to NORMAL. | If the conclusions of the test are unsatisfactory, replace the unit.",2-1-C16
concurrently,adj,Non-STE (not approved),,,AT THE SAME TIME,AT THE SAME TIME,,DO THESE TWO PROCEDURES AT THE SAME TIME.,These two procedures must be applied concurrently.,2-1-C16
CONDENSATION,n,STE (approved),,The result when a gas changes into a liquid,,The result when a gas changes into a liquid,,SET THE SWITCH TO THE “ON” POSITION TO REMOVE THE CONDENSATION.,,2-1-C16
CONDITION,n,STE (approved),,1. Something that is necessary for what occurs 2. The state of an item,,1. Something that is necessary for what occurs 2. The state of an item,Use IF (conj) for “on the condition that.”,"THESE INITIAL CONDITIONS ARE NECESSARY TO GET CORRECT RESULTS. | DO A CHECK OF THE UNIT CONDITION. | IF THERE IS NO WIND, DO THE TEST OUTDOORS.","On the condition that there is no wind, do the test outdoors.",2-1-C16
conduct,v,Non-STE (not approved),,,DO (v),DO (v),,DO THE LEAK TEST.,Conduct the leak test.,2-1-C16
confine to,v,Non-STE (not approved),,,ONLY (adv),ONLY (adv),,"IF THE DAMAGE IS ONLY TO THE MIDDLE TREADS, THE TIRE IS SERVICEABLE.","If the damage is confined to the middle treads, the tire is serviceable.",2-1-C16
confirm,v,Non-STE (not approved),,,MAKE SURE (v),MAKE SURE (v),,DO A GROUND RUN OF THE ENGINE TO MAKE SURE THAT YOU GET THE SAME INDICATIONS.,Do a ground run of the engine to confirm the indications.,2-1-C16
conflict,n,Non-STE (not approved),,,DIFFERENT (adj) | AGREE (v),DIFFERENT (adj) AGREE (v),,"IF THE TWO INDICATIONS ARE DIFFERENT, DO THE TEST AGAIN. | IF THE TWO INDICATIONS DO NOT AGREE, DO THE TEST AGAIN.","If there is a conflict between the two indicators, repeat the test. | If there is a conflict between the two indicators, repeat the test.",2-1-C16
conform,v,Non-STE (not approved),,,AGREE (v),AGREE (v),,"IF THE FLAP EXTENSION DOES NOT AGREE WITH THE POSITION OF THE FLAP CONTROL LEVER, DO THE RIGGING PROCEDURE AGAIN.","If the flap extension does not conform to the setting of the flap control lever, do the rigging procedure again.",2-1-C17
conformance,n,Non-STE (not approved),,,AGREE (v),AGREE (v),,THE INDICATIONS MUST AGREE WITH THOSE IN TABLE 2.,The indications must be in conformance with those in Table 2.,2-1-C17
conformity,n,Non-STE (not approved),,,AGREE (v),AGREE (v),,THE PRECISION OF THE GAUGES MUST AGREE WITH THE APPLICABLE QUALITY STANDARD.,The accuracy of the gauges must be in conformity with the applicable quality standard.,2-1-C17
CONNECT,v,STE (approved),"CONNECTS, CONNECTED, CONNECTED",To come together or cause to come together to make one unit or system,,To come together or cause to come together to make one unit or system,,CONNECT THE ELECTRICAL CONNECTORS TO THE INSTRUMENT. | PLUG “A” CONNECTS TO SOCKET “B.”,,2-1-C17
CONNECTION,n,STE (approved),,That which connects or is connected,,That which connects or is connected,,MAKE SURE THAT ALL THE FUEL AND AIR CONNECTIONS ARE INSTALLED.,,2-1-C17
consecutive,adj,Non-STE (not approved),,,ONE (TN) AFTER THE OTHER,ONE (TN) AFTER THE OTHER,,"DO NOT DO MORE THAN THREE STARTS, ONE AFTER THE OTHER.",Do not do more than three consecutive starts.,2-1-C17
consecutively,adv,Non-STE (not approved),,,ONE (TN) AFTER THE OTHER | SEQUENCE (n),ONE (TN) AFTER THE OTHER SEQUENCE (n),,DO THESE STEPS ONE AFTER THE OTHER. | DO THE WORK STEPS IN SEQUENCE.,These actions must be done consecutively. | Do the work steps consecutively.,2-1-C17
consequence,n,Non-STE (not approved),,,BECAUSE OF (prep),BECAUSE OF (prep),,"BECAUSE OF THIS DEFECT, THE UNIT WILL NOT OPERATE.","As a consequence of this defect, the unit will not operate.",2-1-C17
consider,v,Non-STE (not approved),,,THINK (v),THINK (v),,"IF YOU THINK THAT THE INDICATION IS NOT CORRECT, DO THE TEST AGAIN.","If you consider that the indication is not correct, do the test again.",2-1-C18
considerable,adj,Non-STE (not approved),,,LARGE (adj) | IMPORTANT (adj) | DANGEROUS (adj),LARGE (adj) IMPORTANT (adj) DANGEROUS (adj),,CLEAN YOUR SKIN WITH A LARGE QUANTITY OF WATER. | CONTAMINATION OF CABIN AIR CAN BE AN IMPORTANT PROBLEM. | HYDRAULIC FLUID IS DANGEROUS FOR YOUR EYES.,Clean your skin with a considerable quantity of water. | Contamination of cabin air can be a considerable problem. | Hydraulic fluid can cause considerable eye injury.,2-1-C18
consist of,v,Non-STE (not approved),,,HAVE (v),HAVE (v),,EACH ANTENNA HAS THREE PARTS.,Each antenna consists of three parts.,2-1-C18
consistent,adj,Non-STE (not approved),,,AGREE (v),AGREE (v),,MAKE SURE THAT THE INDICATIONS AGREE WITH THE POSITION OF THE FLAPS.,Check that the indications are consistent with the position of the flaps.,2-1-C18
CONSTANT,adj,STE (approved),,"That continues to be the same, without change",,"That continues to be the same, without change",,MAKE SURE THAT THE CABIN PRESSURE STAYS CONSTANT.,,2-1-C18
CONSTANTLY,adv,STE (approved),,Incessantly,,Incessantly,,THE INSTRUMENT WILL CONSTANTLY SHOW THIS VALUE.,,2-1-C18
construct,v,Non-STE (not approved),,,ASSEMBLE (v),ASSEMBLE (v),,ASSEMBLE THE UNIT.,Construct the unit.,2-1-C18
consult,v,Non-STE (not approved),,,REFER (v),REFER (v),,"FOR MORE INFORMATION, REFER TO THE USER’S MANUAL.","For more information, consult the User’s Manual.",2-1-C18
CONTACT,v,STE (approved),"CONTACTS, CONTACTED, CONTACTED",To start communication,TOUCH (v),To start communication TOUCH (v),"For other meanings, use:",CONTACT CUSTOMER SERVICES. | TIGHTEN THE FIXTURE SCREW UNTIL IT TOUCHES THE SURFACE.,Tighten the fixture screw until it contacts the surface.,2-1-C18
CONTAIN,v,STE (approved),"CONTAINS, CONTAINED, CONTAINED",To have in something or hold in something,,To have in something or hold in something,,EACH SURVIVAL KIT CONTAINS THESE ITEMS:,,2-1-C19
CONTAINER,n,STE (approved),,"Something that holds fluids, materials, or objects",,"Something that holds fluids, materials, or objects",,PUT THE CONTAINER BELOW THE DRAIN PLUG.,,2-1-C19
contaminant,n,Non-STE (not approved),,,CONTAMINATION (n),CONTAMINATION (n),,THIS FILTER REMOVES ALL CONTAMINATION FROM THE AIR SUPPLY.,This filter removes all contaminants from the air supply.,2-1-C19
contaminated,adj,Non-STE (not approved),,,DIRTY (adj) | CONTAMINATION (n),DIRTY (adj) CONTAMINATION (n),,REPLACE THE DIRTY OIL. | REMOVE ALL CONTAMINATION FROM THE HYDRAULIC FLUID WITH A CLASS 5 FILTER.,Contaminated oil must be replaced. | Filter the contaminated hydraulic fluid through a Class 5 filter.,2-1-C19
CONTAMINATION,n,STE (approved),,Unwanted change of the original condition of a material because of chemical or physical agents or a material that causes such a change,,Unwanted change of the original condition of a material because of chemical or physical agents or a material that causes such a change,,DUST CAN CAUSE CONTAMINATION ON ALL FILTERS.,,2-1-C19
CONTENTS,n,STE (approved),,Something that is in a container,,Something that is in a container,,EXAMINE THE CONTENTS OF THE BOX FOR MISSING ITEMS.,,2-1-C19
contiguous,adj,Non-STE (not approved),,,ADJACENT (adj),ADJACENT (adj),,REMOVE THE SENSOR TO GET ACCESS TO THE ADJACENT STRUCTURE.,Remove the sensor to get access to the contiguous structure.,2-1-C19
CONTINUE,v,STE (approved),"CONTINUES, CONTINUED, CONTINUED",To stay or keep in current condition or operation,,To stay or keep in current condition or operation,,"CONTINUE THE TEST. | IF THE LOW PRESSURE CONDITION CONTINUES, REPLACE THE UNIT.",,2-1-C19
CONTINUOUS,adj,STE (approved),,That continues,,That continues,,MAKE SURE THAT THERE IS CONTINUOUS MOVEMENT OF THE PROBE.,,2-1-C20
CONTINUOUSLY,adv,STE (approved),,In a continuous manner,,In a continuous manner,,APPLY PRESSURE CONTINUOUSLY.,,2-1-C20
CONTOUR,n,STE (approved),,The outer line of something,,The outer line of something,,CUT ALONG THE CONTOUR TO REMOVE THE DAMAGED SKIN.,,2-1-C20
CONTROL,n,STE (approved),,Something that controls,,Something that controls,,"IN AN EMERGENCY, USE THE MANUAL CONTROL.",,2-1-C20
CONTROL,v,STE (approved),"CONTROLS, CONTROLLED, CONTROLLED","To give or send signals that adjust, operate, or keep something to a limit, or that cause something to operate",,"To give or send signals that adjust, operate, or keep something to a limit, or that cause something to operate",,RADIO MASTER SWITCH 1 CONTROLS THE BUS BAR.,,2-1-C20
conventional,adj,Non-STE (not approved),,,STANDARD (adj),STANDARD (adj),,PULL THE VEHICLE TO A SAFE AREA WHERE YOU CAN USE THE STANDARD PROCEDURES.,Pull the vehicle to a safe location where more conventional procedures can be applied.,2-1-C20
converse,adj,Non-STE (not approved),,,OPPOSITE (adj),OPPOSITE (adj),,THE RESET DEVICE OPERATES IN THE OPPOSITE DIRECTION.,The reset device operates in the converse direction.,2-1-C20
convert,v,Non-STE (not approved),,,CHANGE (v),CHANGE (v),,CHANGE THE UNITS FOR THE FUEL LOAD TO U.S. | GALLONS.,Convert the fuel load to U.S. gallons.,2-1-C20
convey,v,Non-STE (not approved),,,MOVE (v) | TELL (v),MOVE (v) TELL (v),,MOVE THE EQUIPMENT TO A SAFE AREA. | TELL THE INFORMATION TO YOUR MANAGER.,Convey the equipment to a safe area. | Convey the information to your manager.,2-1-C20
COOL,adj,STE (approved),,Moderately cold,,Moderately cold,,"WHEN THE AREA IS SUFFICIENTLY COOL, POLISH THE SURFACE.",,2-1-C20
cool,v,Non-STE (not approved),,,DECREASE (v) | COOL (adj),DECREASE (v) COOL (adj),,"LET THE TEMPERATURE OF THE COMPONENT DECREASE UNTIL IT IS THE SAME AS THE AMBIENT TEMPERATURE. | WHEN THE BRAKES ARE COOL, OPERATE THE PARKING BRAKE",Let the temperature of the component cool to ambient. | Apply the parking brake when the brakes have cooled.,2-1-C21
coordinate,v,Non-STE (not approved),,,SYNCHRONIZED (adj),SYNCHRONIZED (adj),,MAKE SURE THAT COMPASS SYSTEM 1 AND COMPASS SYSTEM 2 ARE SYNCHRONIZED.,Coordinate compass system 1 and compass system 2.,2-1-C21
COPY,n,STE (approved),,An object made the same as another object,,An object made the same as another object,,SEND FIVE COPIES OF THE DEFECT REPORT TO THE ENGINEERING AUTHORITY.,,2-1-C21
copy,v,Non-STE (not approved),,,WRITE (v) | COPY (n) | RECORD (v),WRITE (v) COPY (n) RECORD (v),,WRITE THE TAIL NUMBER ON THE RECORD FORM. | MAKE A COPY OF THE DATA THAT IS ON THE IDENTIFICATION PLATE. | RECORD THE DATA THAT IS ON THE IDENTIFICATION PLATE.,Copy the tail number on the record form. | Copy the data on the identification plate. | Copy the data on the identification plate.,2-1-C21
CORNER,n,STE (approved),,"The point or the angle made when lines, sides, or edges touch",,"The point or the angle made when lines, sides, or edges touch",,EXAMINE THE OPENING FOR CRACKS THAT START AT ITS CORNERS.,,2-1-C21
CORRECT,adj,STE (approved),,That agrees with all that is necessary to the maximum,,That agrees with all that is necessary to the maximum,,MAKE SURE THAT THE POLARITIES ARE CORRECT.,,2-1-C21
CORRECT,v,STE (approved),"CORRECTS, CORRECTED, CORRECTED",To make correct,,To make correct,,CORRECT THE TENSION.,,2-1-C21
CORRECTION,n,STE (approved),,A change to make something correct,,A change to make something correct,,DO NOT MAKE THE CORRECTION AT THIS HEADING.,,2-1-C22
CORRECTLY,adv,STE (approved),,In a correct manner,,In a correct manner,,MAKE SURE THAT THE CIRCLIP IS CORRECTLY INSTALLED.,,2-1-C22
correctness,n,Non-STE (not approved),,,CORRECT (adj) | CORRECTLY (adv),CORRECT (adj) CORRECTLY (adv),,THIS ADJUSTMENT MUST BE CORRECT. | IT IS IMPORTANT TO DO THIS ADJUSTMENT CORRECTLY.,The correctness of this adjustment is important. | The correctness of this adjustment is important.,2-1-C22
correspond,v,Non-STE (not approved),,,AGREE (v) | SAME (adj) | DIFFERENT (adj),AGREE (v) SAME (adj) DIFFERENT (adj),,"MAKE SURE THAT THE POSITION OF THE CLAMP AGREES WITH THE POSITION THAT YOU RECORDED DURING THE REMOVAL PROCEDURE. | WHEN THE TWO GAUGES SHOW THE SAME INDICATION, CLOSE THE VALVE. | IF THE TWO INDICATIONS ARE DIFFERENT, DO THE TEST AGAIN.","Make sure that the position of the clamp corresponds to the position recorded during the removal procedure. | Close the valve when the indications on the two gauges correspond. | If the two indications do not correspond, repeat the test.",2-1-C22
corresponding,adj,Non-STE (not approved),,,RELATED (adj),RELATED (adj),,THE RELATED CAUTION LIGHT MUST GO OFF AFTER 30 SECONDS.,The corresponding caution light shall go off after 30 seconds.,2-1-C22
corrode,v,Non-STE (not approved),,,CORROSION (TN),CORROSION (TN),,THIS MATERIAL CAUSES CORROSION OF SURFACES WITH NO PROTECTION.,This material corrodes unprotected surfaces.,2-1-C22
corrosive,adj,Non-STE (not approved),,,CORROSION (TN),CORROSION (TN),,HYDRAULIC FLUID CAN CAUSE CORROSION.,Hydraulic fluid is corrosive.,2-1-C22
COUNT,v,STE (approved),"COUNTS, COUNTED, COUNTED",To add the number of objects or occurrences to get a total,,To add the number of objects or occurrences to get a total,,COUNT THE NUMBER OF TREADS ON THE TIRE.,,2-1-C23
COUNTERCLOCKWISE,adv,STE (approved),,In the opposite direction to clockwise,,In the opposite direction to clockwise,,MAKE SURE THAT YOU TURN THE CONTROL KNOB COUNTERCLOCKWISE.,,2-1-C23
couple,v,Non-STE (not approved),,,CONNECT (v) | ATTACH (v),CONNECT (v) ATTACH (v),,CONNECT THE FUELING NOZZLE TO THE AIRCRAFT. | ATTACH THE FUELING NOZZLE TO THE AIRCRAFT.,Couple the fueling nozzle to the aircraft. | Couple the fueling nozzle to the aircraft.,2-1-C23
cover,v,Non-STE (not approved),,,INCLUDE (v) | HAVE (v) | COVER (TN),INCLUDE (v) HAVE (v) COVER (TN),,THIS PROCEDURE This INCLUDES THE removal INSTRUCTIONS TO Speed REMOVE THE CONSTANT SPEED DRIVE (CSD). | THE BOTTOM EDGE The OF THE PANEL HAS panel CARPET ON IT. carpet. | PUT THE COVER ON Cover THE CONTAINER.,procedure covers the of the Constant Drive (CSD). bottom edge of the is covered with the container.,2-1-C23
crack,v,Non-STE (not approved),,,OPEN (v) | CRACK (TN),OPEN (v) CRACK (TN),,"WHEN THE RELIEF When VALVE OPENS, THE cracks PRESSURE decreases. | DECREASES. | IF THERE ARE If CRACKS IN THE replace CENTER PLY, panel. | REPLACE THE WINDSHIELD PANEL.","the relief valve open, the pressure a center ply is cracked, the windshield",2-1-C23
create,v,Non-STE (not approved),,,MAKE (v) | CAUSE (v),MAKE (v) CAUSE (v),,CUT THE BRACKET Cut TO MAKE A clearance. | CLEARANCE. | VIBRATION CAN Vibration CAUSE CRACKS.,the bracket to create a can create cracks.,2-1-C23
critical,adj,Non-STE (not approved),,,VERY IMPORTANT THE | CAREFUL (adj) MAKE,VERY IMPORTANT THE CAREFUL (adj) MAKE,THE IMPORTANT PERFORMANCE. ESTIMATE DAMAGED,CONDITION OF The UNIT IS VERY is FOR ITS performance. | A CAREFUL Make OF THE of AREA.,condition of the unit critical to its a critical estimate the damaged area.,2-1-C24
cross,v,Non-STE (not approved),,,ACROSS (adv) DO | CORRECTLY (adv) CONNECT,ACROSS (adv) DO CORRECTLY (adv) CONNECT,THE CORRECTLY.,NOT GO ACROSS Do SAFETY LINE. line. | THE WIRES Do,not cross the safety not cross the wires.,2-1-C24
curvature,n,Non-STE (not approved),,,BEND (n) THE | CURVE (n) THE | RADIUS (TN) BEND,BEND (n) THE CURVE (n) THE RADIUS (TN) BEND,PIPE 30 CURVE MINIMUM THE RADIUS.,BEND IN THE The MUST HAVE A must mm RADIUS. radius. | RADIUS OF THE The MUST BE A curvature OF 8 mm. minimum THE PIPE TO Bend CORRECT correct,curvature of the pipe have a 30 mm radius of the must be a of 8 mm. the pipe to the curvature.,2-1-C24
CURVE,n,STE (approved),,The shape of THE something which is CURVE bent but which has no MINIMUM angles,,The shape of THE something which is CURVE bent but which has no MINIMUM angles,,RADIUS OF THE MUST BE A OF 8 mm.,,2-1-C24
curve,v,Non-STE (not approved),,,MAKE A CURVE BEND,MAKE A CURVE BEND,METAL CURVE.,THE STRIP OF Curve TO MAKE A,the strip of metal.,2-1-C24
CUT,v,STE (approved),"CUTS, CUT, CUT",1. To divide into CUT parts THREE 2. To remove with a CUT sharp tool THE,,1. To divide into CUT parts THREE 2. To remove with a CUT sharp tool THE,LENGTHS.,THE CABLE INTO EQUAL AND DISCARD LOCKWIRE.,,2-1-C24
CYCLE,n,STE (approved),,One complete SET sequence of operation THREE,,One complete SET sequence of operation THREE,MINUTE.,THE SWITCH TO CYCLES A,,2-1-C24
cycle,v,Non-STE (not approved),,,CYCLE (n) OPERATE,CYCLE (n) OPERATE,ACTUATOR THREE,THE Cycle THROUGH times. | CYCLES.,the actuator three,2-1-C24
DAMAGE,n,STE (approved),,The result of an occurrence that causes deterioration of the condition of something,,The result of an occurrence that causes deterioration of the condition of something,,EXAMINE THE SURFACE FOR DAMAGE.,,2-1-D1
damage,v,Non-STE (not approved),,,DAMAGE (n),DAMAGE (n),,DISCONNECT THE SPRING TO PREVENT DAMAGE TO THE ROD.,Disconnect the spring so as not to damage the rod.,2-1-D1
DAMAGED,adj,STE (approved),,That has or can be affected by damage,,That has or can be affected by damage,,REPLACE THE DAMAGED PARTS.,,2-1-D1
damp,adj,Non-STE (not approved),,,MOIST (adj),MOIST (adj),,REMOVE ALL DIRT FROM THE SEAT WITH A MOIST CLOTH.,Remove all dirt from the seat with a damp cloth.,2-1-D1
dampen,v,Non-STE (not approved),,,DECREASE (v) | MAKE MOIST,DECREASE (v) MAKE MOIST,,THE MOUNTING PADS DECREASE VIBRATION. | MAKE THE CLOTH MOIST WITH SOLVENT.,The mounting pads dampen vibration. | Dampen the cloth with solvent.,2-1-D1
danger,n,Non-STE (not approved),,,RISK (n) | DANGEROUS (adj),RISK (n) DANGEROUS (adj),“danger” is a technical noun when it identifies a safety instruction. Refer to section 7.,THERE IS A RISK OF FIRE. | HYDRAULIC FLUID IS DANGEROUS FOR YOUR HEALTH.,There is a danger of fire. | Hydraulic fluid is a danger to your health.,2-1-D1
DANGEROUS,adj,STE (approved),,"That can cause injury, damage to health or can kill",,"That can cause injury, damage to health or can kill",,IT IS DANGEROUS TO USE AIR IN THIS SYSTEM.,,2-1-D1
dangerously,adv,Non-STE (not approved),,,DANGEROUS (adj),DANGEROUS (adj),,DO NOT OPEN THE CARGO DOOR IN STRONG WINDS. | STRONG WINDS ARE DANGEROUS.,Do not open the cargo door if the wind-speed is dangerously high.,2-1-D1
DATA,n,STE (approved),,1. Known facts 2. Numbers and symbols used by computers,,1. Known facts 2. Numbers and symbols used by computers,You can also use the singular.,MAKE SURE THAT YOU GET ALL THE DATA ABOUT THE PROBLEM. | DO A TEST TO FIND IF THE MANAGEMENT UNIT TRANSMITS THESE DATA. | DO A TEST TO FIND IF THE MANAGEMENT UNIT TRANSMITS THIS DATA,,2-1-D2
DATE,n,STE (approved),,The time at which an event occurs,,The time at which an event occurs,,"ON THE LABEL, READ THE DATE OF THE LAST INSPECTION.",,2-1-D2
DEACTIVATE,v,STE (approved),,"To make a system, function, or feature no longer ready for",STOP (v),"To make a system, function, or feature no longer ready for STOP (v)","operation For other meanings, use:",SET THE SWITCH TO THE STANDBY POSITION TO DEACTIVATE THE MONITORING BOX. | STOP THE MOTOR.,Deactivate the motor.,2-1-D2
deadly,adj,Non-STE (not approved),,,KILL (v),KILL (v),,HIGH VOLTAGES CAN KILL YOU.,High voltages are deadly.,2-1-D2
deaerate,v,Non-STE (not approved),,,BLEED (v) | AIR (TN),BLEED (v) AIR (TN),,BLEED THE No. | 1 HYDRAULIC SYSTEM. | THE VACUUM EQUIPMENT REMOVES THE AIR FROM THE COMPOUND.,Deaerate the No. | 1 hydraulic system. | The vacuum equipment deaerates the compound.,2-1-D2
dearm,v,Non-STE (not approved),,,DISARM (v) | REMOVE (v),DISARM (v) REMOVE (v),,DISARM THE ESCAPE SLIDE. | REMOVE THE CARTRIDGES FROM THE FIRE BOTTLES.,Dearm the escape slide. | Dearm the fire bottles.,2-1-D2
decay,v,Non-STE (not approved),,,DECREASE (v),DECREASE (v),,"WHEN THE ENGINE SPEED DECREASES TO 500 RPM, STOP THE ENGINE.","When the engine speed decays to 500 rpm, stop the engine.",2-1-D3
decelerate,v,Non-STE (not approved),,,DECREASE (v) | SLOWER (adj),DECREASE (v) SLOWER (adj),,"MAKE SURE THAT THE ENGINE SPEED DECREASES TO 500 RPM. | TO MAKE THE CURING PROCESS SLOWER, DECREASE THE HEAT THAT YOU APPLY TO THE COMPOUND.",Make sure that the engine decelerates to 500 rpm. | The curing process of the compound can be decelerated by decreasing the heat applied.,2-1-D3
decide,v,Non-STE (not approved),,,SELECT (v) | DECISION (n),SELECT (v) DECISION (n),,"SELECT THE HYDRAULIC SYSTEM THAT YOU WILL PRESSURIZE. | IF YOUR DECISION IS NOT TO REPLACE THE UNIT, MONITOR ITS TEMPERATURE FOR A MINIMUM OF 15 CYCLES.","Decide which hydraulic system you will pressurize. | If you decide not to replace the existing unit, watch its temperature for at least 15 cycles.",2-1-D3
DECISION,n,STE (approved),,The result after you think about a problem,,The result after you think about a problem,,MAKE A DECISION ABOUT WHICH PROCEDURE YOU WILL USE.,,2-1-D3
decontamination,n,Non-STE (not approved),,,REMOVE CONTAMINATION | CLEAN (v),REMOVE CONTAMINATION CLEAN (v),,REMOVE THE CONTAMINATION FROM THE INSTRUMENTS AND MEDICAL EQUIPMENT. | CLEAN THE AIRCRAFT IN AN APPROVED AREA.,Do the decontamination of the instruments and medical equipment. | The decontamination of the aircraft shall be done in an authorized area.,2-1-D3
decrease,n,Non-STE (not approved),,,DECREASE (v),DECREASE (v),,THE PRESSURE MUST DECREASE BY MORE THAN 2 bar.,There must be a decrease in pressure of more than 2 bar.,2-1-D3
DECREASE,v,STE (approved),"DECREASES, DECREASED, DECREASED",To make or become smaller or lower,,To make or become smaller or lower,,DECREASE THE HEADING INDICATIONS.,,2-1-D4
decrement,n,Non-STE (not approved),,,INCREMENT (n),INCREMENT (n),,TURN THE ADJUSTER COUNTERCLOCKWISE IN INCREMENTS OF 60 DEG.,Turn the adjuster anticlockwise in decrements of 60 deg.,2-1-D4
DEDICATED,adj,STE (approved),,That is used only for one purpose,,That is used only for one purpose,,A DEDICATED TOOL IS NECESSARY FOR THE INSTALLATION OF THE UNIT.,,2-1-D4
DE-ENERGIZE,v,STE (approved),"DE-ENERGIZES, DE-ENERGIZED, DE-ENERGIZED",To remove electrical power from,,To remove electrical power from,,DE-ENERGIZE THE AC AND DC BUSBARS.,,2-1-D4
DEEP,adj,STE (approved),"DEEPER, DEEPEST",That has a specified depth,,That has a specified depth,,MAKE SURE THAT THE HOLE IS 20 mm DEEP.,,2-1-D4
DEFECTIVE,adj,STE (approved),,Unserviceable for operation,,Unserviceable for operation,,REPLACE THE DEFECTIVE BOOSTER PUMP.,,2-1-D4
define,v,Non-STE (not approved),,,CALCULATE (v) | GIVE (v) | SPECIFIED (adj),CALCULATE (v) GIVE (v) SPECIFIED (adj),,CALCULATE THE QUANTITY OF FUEL THAT IS NECESSARY FOR THE FLIGHT. | THE BRAKE INDICATOR GIVES THE WEAR ON THE BRAKE SHOE. | THE FLAP ANGLES ARE SPECIFIED IN TABLE 1.,Define the amount of fuel required for the flight. | The brake indicator defines the wear on the brake shoe. | Table 1 defines the flap angles.,2-1-D4
DEFLATE,v,STE (approved),"DEFLATES, DEFLATED, DEFLATED",To make or become smaller as a result of depressurization,,To make or become smaller as a result of depressurization,,"DEFLATE THE TIRE TO A PRESSURE OF 2 bar (29 psi). | IF THE WHEEL TEMPERATURE INCREASES TO MORE THAN 177 DEG., THE CORE OF THE FUSIBLE PLUG MELTS AND THE TIRE DEFLATES.",,2-1-D5
deflect,v,Non-STE (not approved),,,MOVE (v),MOVE (v),,THE BARS MOVE TO THE RIGHT SIDE.,Bars deflect to the right.,2-1-D5
deflection,n,Non-STE (not approved),,,MOVEMENT (n) | POSITION (n) | TRAVEL (n),MOVEMENT (n) POSITION (n) TRAVEL (n),,REMOVE ALL THE RIGGING PINS AND EQUIPMENT THAT PREVENT FREE MOVEMENT OF THE CONTROL SURFACES. | MAKE SURE THAT THE POSITION IS 23 DEG. | MAKE SURE THAT THE TRAVEL IS 23 DEG.,Remove all rigging pins and equipment preventing free deflection of control surfaces. | Ensure that deflection is 23 deg. | Ensure that deflection is 23 deg.,2-1-D5
deformed,adj,Non-STE (not approved),,,DAMAGED (adj) | DEFORMATION (TN),DAMAGED (adj) DEFORMATION (TN),,THE COVER ON THE GUN CAMERA IS DAMAGED. | MAKE SURE THAT THE TUBES HAVE NO DEFORMATION.,The cover on the gun camera is deformed. | Make sure that the tubes are not deformed.,2-1-D5
DEFUEL,v,STE (approved),"DEFUELS, DEFUELED, DEFUELED",To remove fuel,,To remove fuel,,DEFUEL THE TANK.,,2-1-D5
defueling,n,Non-STE (not approved),,,DEFUEL (v),DEFUEL (v),,DEFUEL ONLY IN AN OPEN AREA THAT HAS A GOOD AIRFLOW.,Only do the defueling in an open area that is well-ventilated.,2-1-D5
degrease,v,Non-STE (not approved),,,GREASE (TN),GREASE (TN),,REMOVE ALL GREASE FROM THE FAYING SURFACE WITH SOLVENT.,Degrease the faying surface with solvent.,2-1-D5
de-ice,v,Non-STE (not approved),,,ICE (TN),ICE (TN),,REMOVE THE ICE FROM THE WINDOW.,De-ice the window.,2-1-D5
delay,n,Non-STE (not approved),,,INTERVAL (n) | IMMEDIATELY (adv),INTERVAL (n) IMMEDIATELY (adv),,"BEFORE YOU CONTINUE THE TEST, AN INTERVAL OF 5 MINUTES IS NECESSARY. | THE JAWS OF THE UPLOCK UNIT MUST OPEN IMMEDIATELY.",A delay of 5 minutes is necessary before continuing with the test. | The jaws of the uplock unit must open with no delay.,2-1-D6
delay,v,Non-STE (not approved),,,AFTER (prep),AFTER (prep),,ONLY USE THE STARTER AFTER A PERIOD OF 20 MINUTES.,Use of the starter must be delayed for 20 minutes.,2-1-D6
delete,v,Non-STE (not approved),,,ERASE (v) | REMOVE (v),ERASE (v) REMOVE (v),,ERASE THE FLIGHT DATA FROM THE SYSTEM. | REMOVE THE PENCIL MARKS WITH AN ERASER.,Delete the flight data from the system. | Delete the pencil marks with an eraser.,2-1-D6
delicate,adj,Non-STE (not approved),,,EASILY DAMAGED,EASILY DAMAGED,,BE CAREFUL WITH EASILY DAMAGED PARTS.,Be careful with delicate parts.,2-1-D6
deliver,v,Non-STE (not approved),,,SUPPLY (v),SUPPLY (v),,SET THE RIG TO SUPPLY A PRESSURE OF 800 kPa.,Set the rig so that it delivers a pressure of 800 kPa.,2-1-D6
delivery,n,Non-STE (not approved),,,SUPPLY (v),SUPPLY (v),,A CENTRIFUGAL PUMP SUPPLIES HYDRAULIC FLUID TO THE UNIT.,Hydraulic fluid delivery to the unit is ensured by a centrifugal pump.,2-1-D6
demand,v,Non-STE (not approved),,,NECESSARY (adj),NECESSARY (adj),,"IN THIS CONFIGURATION, A DIFFERENT TEST PROCEDURE IS NECESSARY.",This configuration demands a different test procedure.,2-1-D6
denote,v,Non-STE (not approved),,,SHOW (v),SHOW (v),,FIGURE 2 SHOWS THAT YOU CAN INSTALL AN ALTERNATIVE RELAY.,Figure 2 denotes that an alternative relay may be installed.,2-1-D6
dent,v,Non-STE (not approved),,,DENT (TN),DENT (TN),,DO NOT MAKE DENTS IN THE BELLOWS.,Do not dent the bellows.,2-1-D7
depend,v,Non-STE (not approved),,,IF (conj),IF (conj),,THE TENSION IN THE CABLES DECREASES IF THE TEMPERATURE INCREASES.,Cable tension changes depending on the temperature.,2-1-D7
deplete,v,Non-STE (not approved),,,DECREASE (v),DECREASE (v),,DO NOT OPERATE THE BRAKES TO DECREASE THE PRESSURE IN THE ACCUMULATORS.,Do not deplete accumulators by operating the brakes.,2-1-D7
DEPLOY,v,STE (approved),"DEPLOYS, DEPLOYED, DEPLOYED",To move or cause to move from a specified position of storage and into operation,,To move or cause to move from a specified position of storage and into operation,,"WHEN THE THRUST REVERSER DEPLOYS, KEEP PERSONNEL AWAY FROM THE AIRCRAFT. | DEPLOY THE SLIDE RAFT.",,2-1-D7
deposit,n,Non-STE (not approved),,,PARTICLE (n) | CONTAMINATION (n),PARTICLE (n) CONTAMINATION (n),,"IF THERE ARE METAL PARTICLES IN THE OIL FILTER, EXAMINE THE FILTER ELEMENT FOR WEAR. | FLUSH THE PIPES TO REMOVE CONTAMINATION.","If there are metal deposits in the oil filter, check the filter element for wear. | Flush the pipes to remove deposits.",2-1-D7
depress,v,Non-STE (not approved),,,PUSH (v),PUSH (v),,PUSH THE BUTTON AND THEN RELEASE IT.,Depress and release the button.,2-1-D7
depressurize,v,Non-STE (not approved),,,PRESSURE (TN),PRESSURE (TN),,RELEASE THE PRESSURE FROM THE HYDRAULIC SYSTEM.,Depressurize the hydraulic system.,2-1-D7
DEPTH,n,STE (approved),,"The distance from the top down, from the surface down, from the front surface to the rear surface",,"The distance from the top down, from the surface down, from the front surface to the rear surface",,MEASURE THE DEPTH OF THE DENT AS SHOWN IN FIGURE 4.,,2-1-D7
describe,v,Non-STE (not approved),,,GIVE (v),GIVE (v),,THIS SECTION GIVES THE PROCEDURES FOR THE LEAK TEST OF THE SYSTEM.,This section describes the procedures for testing the system for leaks.,2-1-D7
deselect,v,Non-STE (not approved),,,CANCEL (v),CANCEL (v),,PUSH THE BUTTON TO CANCEL THE FREEZE MODE.,Press the button to deselect the freeze mode.,2-1-D7
design,v,Non-STE (not approved),,,HAVE (v),HAVE (v),,THE MAIN LANDING GEAR DOORS HAVE STEPS FOR ACCESS TO THE LANDING GEAR BAY.,The main landing gear doors are designed with steps for access to the landing gear bay.,2-1-D8
desired,adj,Non-STE (not approved),,,NECESSARY (adj) | CORRECT (adj),NECESSARY (adj) CORRECT (adj),,ADD THE NECESSARY QUANTITY OF OIL. | TIGHTEN THE TURNBUCKLE UNTIL THE TENSION IN THE CABLE IS CORRECT.,Add the desired quantity of oil. | Tighten the turnbuckle until you have the desired tension in the cable.,2-1-D8
destroy,v,Non-STE (not approved),,,BREAK (v),BREAK (v),,BREAK THE CONTAINER TO MAKE SURE THAT YOU CANNOT USE IT AGAIN.,"To prevent further use, destroy the container.",2-1-D8
detach,v,Non-STE (not approved),,,DISCONNECT (v) | DISENGAGE (v) | REMOVE (v),DISCONNECT (v) DISENGAGE (v) REMOVE (v),,"DISCONNECT THE PIPELINE FROM THE UNION. | BEFORE YOU MOVE THE CONTROLS, DISENGAGE THE LOCKS. | DO NOT REMOVE THE PROTECTIVE LAYER.","Detach the pipeline from the union. | Before moving the controls, detach the locks. | Do not detach the protective film.",2-1-D8
detail,n,Non-STE (not approved),,,INSTRUCTION (n),INSTRUCTION (n),,THIS PROCEDURE GIVES THE INSTRUCTIONS TO ATTACH THE PYLON.,This procedure gives details on how to attach the pylon.,2-1-D8
detail,v,Non-STE (not approved),,,GIVE (v) | REFER (v) | SPECIFIED (adj),GIVE (v) REFER (v) SPECIFIED (adj),,THIS SECTION GIVES THE REMOVAL / INSTALLATION INSTRUCTIONS. | DO THE LEAK TEST (REFER TO PARAGRAPH 4.0). | DO THE LEAK TEST AS SPECIFIED IN PARAGRAPH 4.0.,This section details the Removal / Installation instructions. | Do the leak test as detailed in paragraph 4.0. | Do the leak test as detailed in paragraph 4.0.,2-1-D8
detect,v,Non-STE (not approved),,,FIND (v) | SENSE (v),FIND (v) SENSE (v),,"TO FIND DAMAGE ON WIRES, RUB A CLOTH ALONG THEM. | THE COMPUTER SENSES THE DIFFERENCES BETWEEN THE SIGNALS.","To detect damage to wires, rub a cloth along them. | The computer detects discrepancies between the signals.",2-1-D9
DETERIORATION,n,STE (approved),,A worse condition,,A worse condition,,THIS CONDITION WILL CAUSE DETERIORATION OF THE SURFACE.,,2-1-D9
determine,v,Non-STE (not approved),,,FIND (v) | GIVE (v) | SELECT (v) | CALCULATE (v),FIND (v) GIVE (v) SELECT (v) CALCULATE (v),,FIND THE DEFECTS IN THE SYSTEM. | DIMENSIONS 1 AND 2 GIVE THE CORRECT POSITION. | SELECT THE HYDRAULIC SYSTEM THAT YOU WILL PRESSURIZE. | CALCULATE THE DIMENSION OF THE SHIM WITH THIS FORMULA:,Determine the defects in the system. | The correct position is determined by dimensions 1 and 2. | Determine which hydraulic system you will pressurize. | Determine the dimension of the shim with this formula:,2-1-D9
detrimental,adj,Non-STE (not approved),,,DANGEROUS (adj) | DAMAGE (n),DANGEROUS (adj) DAMAGE (n),,"HYDRAULIC FLUID IS DANGEROUS FOR YOUR HEALTH. | SMALL QUANTITIES OF SURFACE BLOOMING, WHICH CAN OCCUR ON ITEMS IN STORAGE, DO NOT CAUSE DAMAGE TO THE COMPONENT.","Hydraulic fluid is detrimental to health. | Light surface blooming, which can occur on items in storage, is not detrimental to the component.",2-1-D9
develop,v,Non-STE (not approved),,,START (v) | CAUSE (v),START (v) CAUSE (v),,"IF A FIRE STARTS, OPERATE THE FIRE SHUTOFF VALVE. | DO NOT LET HYDRAULIC FLUID STAY ON YOUR SKIN. | HYDRAULIC FLUID CAN CAUSE DERMATITIS.","If a fire develops, operate the fire shutoff valve. | Do not leave hydraulic fluid on your skin, as dermatitis could develop.",2-1-D10
deviate,v,Non-STE (not approved),,,OBEY (v),OBEY (v),,PERSONNEL MUST OBEY THIS PROCEDURE.,Personnel must not deviate from this procedure.,2-1-D10
DEVICE,n,STE (approved),,Something used to do a task,,Something used to do a task,,INSTALL THE SAFETY DEVICES.,,2-1-D10
devise,v,Non-STE (not approved),,,MAKE (v) | FIND (v),MAKE (v) FIND (v),,"IF THE HOLDING FIXTURE IS NOT AVAILABLE, MAKE A SUPPORT FROM THE SHIPPING CONTAINER. | FIND NEW TROUBLESHOOTING PROCEDURES.","If the holding fixture is not available, devise one from the shipping container. | Devise new troubleshooting procedures.",2-1-D10
diagnose,v,Non-STE (not approved),,,FIND (v),FIND (v),,FIND THE CAUSE OF THE MALFUNCTION.,Diagnose the cause of the malfunction.,2-1-D10
DIAGONALLY,adv,STE (approved),,In a diagonal direction,,In a diagonal direction,,APPLY THE FIRST LAYER OF TAPE ACROSS THE CUTOUT AND THE SECOND AND THIRD LAYERS DIAGONALLY.,,2-1-D10
diametrically,adv,Non-STE (not approved),,,OPPOSITE (adj),OPPOSITE (adj),,MAKE SURE THAT THE TWO OPPOSITE V-GROOVES ALIGN WITH THE RAILS.,Ensure the two diametrically opposed V-grooves are in line with the rails.,2-1-D10
differ,v,Non-STE (not approved),,,DIFFERENT (adj),DIFFERENT (adj),,"IF THE VALUES ARE DIFFERENT, DO THIS TEST.","If the values differ, do the following test.",2-1-D10
DIFFERENCE,n,STE (approved),,"That which is different between two quantities, numbers, or functions",,"That which is different between two quantities, numbers, or functions",,THE DIFFERENCE BETWEEN THE TWO DIMENSIONS MUST NOT BE MORE THAN 0.10 mm.,,2-1-D10
DIFFERENT,adj,STE (approved),,Not the same,,Not the same,,"IF THE INDICATIONS ARE DIFFERENT, DO THESE STEPS.",,2-1-D11
DIFFERENTLY,adv,STE (approved),,In a different manner,,In a different manner,,THE TWO EXTRACTORS OPERATE DIFFERENTLY.,,2-1-D11
differentiate,v,Non-STE (not approved),,,IDENTIFY (v),IDENTIFY (v),,LETTERS IDENTIFY THE WIRE SEGMENTS.,Letters are used to differentiate between the wire segments.,2-1-D11
difficult,adj,Non-STE (not approved),,,NOT EASY NOT EASILY,NOT EASY NOT EASILY,,"IF IT IS NOT EASY TO INSTALL THE RIGGING PIN, ADJUST THE LENGTH OF THE ROD. | IF YOU CANNOT INSTALL THE RIGGING PIN EASILY, ADJUST THE LENGTH OF THE ROD.","If the rigging pin is difficult to install, adjust the length of the rod. | If the rigging pin is difficult to install, adjust the length of the rod.",2-1-D11
difficulty,n,Non-STE (not approved),,,NOT EASY NOT EASILY,NOT EASY NOT EASILY,,"IF IT IS NOT EASY TO REMOVE THE BOLT, APPLY PENETRANT OIL. | IF YOU CANNOT REMOVE THE BOLT EASILY, APPLY PENETRANT OIL.","If there is difficulty in removing the bolt, apply penetrant oil. | If there is difficulty in removing the bolt, apply penetrant oil.",2-1-D11
DIGITAL,adj,STE (approved),,Related to digits,,Related to digits,,CONNECT THE PRODS OF THE DIGITAL VOLTMETER.,,2-1-D11
DIGITALLY,adv,STE (approved),,Given by digits,,Given by digits,,THE VALUE IS SHOWN DIGITALLY ON THE DISPLAY.,,2-1-D11
dilute,v,Non-STE (not approved),,,MIX (v) | ADD (v),MIX (v) ADD (v),,MIX THE PRIMER WITH SOLVENT. | DO NOT ADD MORE THAN AN EQUAL PART OF WATER TO THE ANTIFREEZE.,Dilute the primer with solvent. | Do not dilute the antifreeze with more than an equal part of water.,2-1-D11
dim,v,Non-STE (not approved),,,DECREASE (v),DECREASE (v),,DECREASE THE LIGHT GRADUALLY.,Dim the light gradually.,2-1-D12
DIM,adj,STE (approved),"DIMMER, DIMMEST",Not bright,,Not bright,,"DURING NIGHT OPERATION, MAKE SURE THAT THE PANEL LIGHTS ARE DIM.",,2-1-D12
DIMENSION,n,STE (approved),,The result when something is measured in one direction,,The result when something is measured in one direction,,DIMENSION “A” MUST NOT BE MORE THAN 50 PERCENT OF DIMENSION “D.”,,2-1-D12
diminish,v,Non-STE (not approved),,,DECREASE (v),DECREASE (v),,"IF THE HYDRAULIC PRESSURE DECREASES, CLOSE THE VALVE.","If the hydraulic pressure diminishes, close the valve.",2-1-D12
DIMLY,adv,STE (approved),,Not bright,,Not bright,,MAKE SURE THAT THE LIGHT COMES ON DIMLY.,,2-1-D12
dip,v,Non-STE (not approved),,,MOMENTARILY (adv),MOMENTARILY (adv),,PUT THE ELEMENT INTO THE SOLVENT MOMENTARILY.,Dip the element in solvent.,2-1-D12
direct,v,Non-STE (not approved),,,POINT (v),POINT (v),,POINT THE OPEN END OF THE DRAIN HOSE AWAY FROM THE STRUCTURE.,Direct the open end of the drain hose away from the structure.,2-1-D12
DIRECTION,n,STE (approved),,The line on which something moves or is pointed,,The line on which something moves or is pointed,,THE ARROW ON THE VALVE BODY SHOWS THE DIRECTION OF THE FLOW.,,2-1-D12
DIRECTLY,adv,STE (approved),,In a direct procedure or by direct effect,,In a direct procedure or by direct effect,,DO NOT FILL THE SYSTEM DIRECTLY FROM A HIGH-PRESSURE STORAGE CYLINDER.,,2-1-D12
DIRTY,adj,STE (approved),"DIRTIER, DIRTIEST",Not clean,,Not clean,,A DIRTY CONTACT IN THE CONNECTION UNITS WILL CAUSE THEM TO OPERATE INCORRECTLY.,,2-1-D12
disappear,v,Non-STE (not approved),,,VIEW (n),VIEW (n),,THE HORIZONTAL BAR GOES OUT OF VIEW.,The horizontal bar disappears from the window.,2-1-D13
DISARM,v,STE (approved),"DISARMS, DISARMED, DISARMED",1. To remove armaments 2. To prevent automatic operation,,1. To remove armaments 2. To prevent automatic operation,,DISARM THE AIRCRAFT. | DISARM THE LIFT DUMPER.,,2-1-D13
DISASSEMBLE,v,STE (approved),"DISASSEMBLES, DISASSEMBLED, DISASSEMBLED",To take an assembly apart,,To take an assembly apart,,DISASSEMBLE THE VALVE ASSEMBLY.,,2-1-D13
DISCARD,v,STE (approved),"DISCARDS, DISCARDED, DISCARDED",To not use again,,To not use again,,REMOVE THE O-RINGS AND DISCARD THEM.,,2-1-D13
discharge,v,Non-STE (not approved),,,RELEASE (v) | GO (v),RELEASE (v) GO (v),,RELEASE PRESSURE FROM THE TANKS. | THE UNWANTED AIR GOES OVERBOARD.,Discharge pressure from the tanks. | The unwanted air discharges overboard.,2-1-D13
DISCONNECT,v,STE (approved),"DISCONNECTS, DISCONNECTED, DISCONNECTED","To separate something from the thing that it is connected to, or to become separated",,"To separate something from the thing that it is connected to, or to become separated",,"DISCONNECT THE POWER SUPPLY. | WHEN YOU TOUCH THIS ICON, THE COMPUTER DISCONNECTS FROM THE INTERNET.",,2-1-D13
discontinue,v,Non-STE (not approved),,,STOP (v),STOP (v),,STOP THE TEST PROCEDURE.,Discontinue the test procedure.,2-1-D13
discover,v,Non-STE (not approved),,,FIND (v),FIND (v),,"IF YOU FIND CORROSION DURING THE INSPECTION, REMOVE IT.","If you discover corrosion during the inspection, remove it.",2-1-D13
discrepancy,n,Non-STE (not approved),,,DIFFERENCE (n),DIFFERENCE (n),,"IF THERE IS A DIFFERENCE OF MORE THAN 5 mm, MAKE SURE THAT THE ADJUSTMENT IS CORRECT.","If the discrepancy is greater than 5 mm, check the adjustment.",2-1-D13
DISENGAGE,v,STE (approved),"DISENGAGES, DISENGAGED, DISENGAGED",To release or become released from something that engages,,To release or become released from something that engages,,"BEFORE YOU START THE ENGINE, DISENGAGE THE CLUTCH. | IF THERE IS A MALFUNCTION, THE GEARS WILL AUTOMATICALLY DISENGAGE.",,2-1-D14
disinfect,v,Non-STE (not approved),,,DISINFECTANT (TN),DISINFECTANT (TN),,USE DISINFECTANT TO CLEAN THE MASK ASSEMBLIES.,Disinfect the mask assemblies.,2-1-D14
dismantle,v,Non-STE (not approved),,,DISASSEMBLE (v),DISASSEMBLE (v),,DISASSEMBLE THE BRAKE UNIT IN THE WORKSHOP.,Dismantle the brake unit in the workshop.,2-1-D14
dispatch,v,Non-STE (not approved),,,SEND (v),SEND (v),,SEND A REPORT TO THE INSPECTION DEPARTMENT.,Dispatch a report to the Inspection Department.,2-1-D14
disperse,v,Non-STE (not approved),,,REMOVE (v),REMOVE (v),,BLOW THROUGH THE TUBES TO REMOVE THE REMAINING FLUID.,Blow through the tubes to disperse the residual fluid.,2-1-D14
displace,v,Non-STE (not approved),,,MOVE (v),MOVE (v),,THE PISTON MOVES THE FLUID.,Fluid is displaced by the piston.,2-1-D14
DISPLAY,n,STE (approved),,A visual indication,,A visual indication,,A NUMBER IN THE TOP LEFT CORNER OF THE DISPLAY REFERS TO THE RELATED PAGE.,,2-1-D14
display,v,Non-STE (not approved),,,SHOW (v),SHOW (v),,THE COMPASS INDICATORS SHOW THE HEADINGS.,The headings are displayed on the compass indicators.,2-1-D14
dispose of,v,Non-STE (not approved),,,DISCARD (v),DISCARD (v),,DISCARD THE USED OIL. | REFER TO THE APPLICABLE ENVIRONMENTAL REGULATIONS.,Dispose of the used oil according to the applicable environmental regulations.,2-1-D14
disposition,n,Non-STE (not approved),,,LOCATION (n) | POSITION (n),LOCATION (n) POSITION (n),,"BEFORE YOU START THE ENGINE, MAKE SURE THAT THE FIRE EXTINGUISHERS ARE IN THEIR CORRECT LOCATIONS. | MAKE SURE THAT THE POSITION OF THE SWITCHES IS CORRECT.",Check the disposition of the fire extinguishers before you start the engine. | Ensure that the switch disposition is correct.,2-1-D15
disregard,v,Non-STE (not approved),,,IGNORE (v),IGNORE (v),,"DO THE GENERATOR DRIVE TEST, BUT IGNORE STEPS 16 THRU 20.","Perform the generator drive test, but disregard steps 16 thru 20.",2-1-D15
DISTANCE,n,STE (approved),,The dimension between two points or objects,,The dimension between two points or objects,,MEASURE THE DISTANCE BETWEEN POINTS “A” AND “B.”,,2-1-D15
distinct,adj,Non-STE (not approved),,,CLEAR (adj),CLEAR (adj),,MAKE SURE THAT THE SOUND IS CLEAR.,Ensure the sound is distinct.,2-1-D15
distinctly,adv,Non-STE (not approved),,,CLEARLY (adv),CLEARLY (adv),,ADJUST THE VOLUME UNTIL YOU HEAR THE SOUND CLEARLY.,You must adjust the volume until you hear the sound distinctly.,2-1-D15
distort,v,Non-STE (not approved),,,TWIST (v),TWIST (v),,"WHEN YOU TURN THE CONNECTORS, DO NOT TWIST THE PIPE.",Do not distort the pipe when turning the connectors.,2-1-D15
distribute,v,Non-STE (not approved),,,APPLY (v) | SUPPLY (v),APPLY (v) SUPPLY (v),,APPLY THE LOAD EQUALLY ON THE AREA. | THE SYSTEM SUPPLIES HYDRAULIC POWER.,Distribute the load evenly over the area. | The system distributes hydraulic power.,2-1-D15
distribution,n,Non-STE (not approved),,,SUPPLY (n),SUPPLY (n),,THE FUEL SUPPLY IS FROM THE COLLECTOR TANKS.,The fuel distribution is from the collector tanks.,2-1-D15
disturb,v,Non-STE (not approved),,,MOVE (v) | CHANGE (v),MOVE (v) CHANGE (v),,"WHEN YOU INSTALL THE DISTRIBUTOR, DO NOT MOVE THE TIMING. | DO NOT CHANGE THE SEQUENCE OF THE WORK STEPS IN THE TEST.",Do not disturb the timing during the distributor installation. | Do not disturb the sequence of the work steps in the test.,2-1-D15
DIVIDE,v,STE (approved),"DIVIDES, DIVIDED, DIVIDED",1. To separate into parts or groups 2. To do mathematical division,,1. To separate into parts or groups 2. To do mathematical division,,"YOU CAN DIVIDE THE DRAINS INTO THREE GROUPS. | THE PRESSURE LINES DIVIDE AND GO IN DIFFERENT DIRECTIONS. | TO FIND THE MIDDLE POINT, DIVIDE THE MEASURED CLEARANCE BY TWO.",,2-1-D16
DO,v,STE (approved),"DOES, DID, DONE","1. To complete a procedure, task, or step 2. As an auxiliary verb a. As part of a b. As part of a",,"1. To complete a procedure, task, or step 2. As an auxiliary verb a. As part of a b. As part of a",negative command or statement question,DO A FUNCTIONAL TEST. | DO NOT BREATHE THE SOLVENT FUMES. | DOES THE LIGHT COME ON?,,2-1-D16
don,v,Non-STE (not approved),,,USE (v) | PUT ON (v),USE (v) PUT ON (v),,"WHEN YOU DO WORK ON FIRE EXTINGUISHERS, USE PROTECTIVE GOGGLES. | PUT ON THE MASK.",You must don protective goggles when working on fire extinguishers. | Don the mask.,2-1-D16
doubt,n,Non-STE (not approved),,,NOT SURE | THINK (v),NOT SURE THINK (v),,"IF YOU ARE NOT SURE THAT THE UNIT IS SERVICEABLE, DISCARD IT. | IF YOU THINK THAT THE RESULTS ARE INCORRECT, DO THE TEST AGAIN.","If there are doubts about the serviceability of the unit, discard it. | If you are in doubt about the results, repeat the test.",2-1-D16
DOWN,adj,STE (approved),,In a position below,,In a position below,,MAKE SURE THAT THE ANCHOR IS DOWN.,,2-1-D17
DOWN,adv,STE (approved),,To a position below,,To a position below,,THE POINTER MOVES DOWN.,,2-1-D17
DOWN,prep,STE (approved),,To a position below,,To a position below,,LET THE SLEEVE MOVE DOWN THE GUIDE TUBE.,,2-1-D17
DOWNSTREAM,adj,STE (approved),,In the direction of the flow,,In the direction of the flow,,DISCONNECT THE DOWNSTREAM CONNECTION.,,2-1-D17
DOWNSTREAM,adv,STE (approved),DOWNSTREAM,In the direction of the flow In the direction of the,,In the direction of the flow In the direction of the,,MOVE THE PROBE DOWNSTREAM AND MONITOR THE TEMPERATURE AGAIN. | DISCONNECT THE,,2-1-D17
OF,prep,STE (approved),,flow,,flow,,CONNECTION WHICH IS DOWNSTREAM OF THE VALVE.,,2-1-D17
downward,adv,Non-STE (not approved),,,DOWN (adv),DOWN (adv),,MAKE SURE THAT THE AIR OUTLET POINTS DOWN.,Make sure that the air outlet is positioned downward.,2-1-D17
drag,v,Non-STE (not approved),,,PULL (v),PULL (v),,PULL THE WIRES THROUGH THE CONDUIT.,Drag the wires through the conduit.,2-1-D17
DRAIN,v,STE (approved),"DRAINS, DRAINED, DRAINED",To remove liquid,,To remove liquid,,DRAIN THE SYSTEM FULLY.,,2-1-D17
draw,v,Non-STE (not approved),,,MAKE (v) | PULL (v),MAKE (v) PULL (v),,MAKE A LINE ON THE BLADE. | PULL THE WIRE OUT OF THE CONDUIT.,Draw a line on the blade. | Draw the wire out of the conduit.,2-1-D17
dress,v,Non-STE (not approved),,,USE (v) | PUT ON (v),USE (v) PUT ON (v),,"BEFORE YOU GO INTO THE WORK AREA, USE THE NECESSARY PROTECTIVE CLOTHING. | BEFORE YOU GO NEAR THE TEST RIG, PUT ON THE NECESSARY PROTECTIVE CLOTHING.",Dress suitably before going into the work area. | Dress appropriately before going near the test rig.,2-1-D18
drift,v,Non-STE (not approved),,,MOVE (v) | REMOVE (v) (WITH A DRIFT [TN]),MOVE (v) REMOVE (v) (WITH A DRIFT [TN]),,THE HORIZON BAR CAN MOVE A SMALL DISTANCE. | REMOVE THE PIN FROM ITS HOLE. | USE A DRIFT.,The horizon bar may drift slightly. | Drift the pin from its hole.,2-1-D18
DRINK,v,STE (approved),"DRINKS, DRANK,",To consume liquid,SWALLOW (v),To consume liquid SWALLOW (v),"For safety instructions, use: No other verb forms.",DO NOT DRINK IN THE WORK AREA. | DO NOT SWALLOW THE SOLVENT.,Do not drink the solvent.,2-1-D18
drive,v,Non-STE (not approved),,,MOVE (v) | REMOVE (v) | OPERATE (v),MOVE (v) REMOVE (v) OPERATE (v),,THE ACTUATOR MOVES TO ZERO. | REMOVE THE LOCKBOLT FROM THE HOLE. | A HYDRAULIC MOTOR OPERATES THE PUMP.,The actuator is driven to zero. | Drive the lockbolt out of the hole. | A hydraulic motor drives the pump.,2-1-D18
droop,v,Non-STE (not approved),,,MOVE (v),MOVE (v),,"IF YOU DO NOT INSTALL THE RIGGING PIN, THE ELEVATORS WILL MOVE DOWN WHEN THERE IS NO PRESSURE IN THE SYSTEM.","If you do not install the rigging pin, the elevators will droop when there is no pressure in the system.",2-1-D18
DROP,n,STE (approved),,A small quantity of liquid in a spherical shape,,A small quantity of liquid in a spherical shape,,MAKE SURE THAT NO DROPS OF ADHESIVE FALL ONTO THE MATERIAL.,,2-1-D18
drop,v,Non-STE (not approved),,,FALL (v) | DECREASE (v),FALL (v) DECREASE (v),,PARTICLES THAT FALL INTO THE INTAKE CAN CAUSE DAMAGE. | THE PRESSURE DECREASES WHILE THE TIRES BECOME COOL.,Particles that drop into the intake may cause damage. | The pressure drops as the tires cool.,2-1-D19
DRY,adj,STE (approved),"DRIER, DRIEST",Without liquid or moisture,,Without liquid or moisture,,MAKE SURE THAT THE SURFACE IS DRY.,,2-1-D19
DRY,v,STE (approved),"DRIES, DRIED, DRIED","To remove liquid or moisture, or to become dry",,"To remove liquid or moisture, or to become dry",,DRY THE FILTER IN AN OVEN. | LET THE PAINT DRY AT THE AMBIENT TEMPERATURE.,,2-1-D19
due to,prep,Non-STE (not approved),,,BECAUSE OF (prep) | BECAUSE (conj),BECAUSE OF (prep) BECAUSE (conj),,"BECAUSE OF THE SMALL DIAMETER OF THE HOLE, THE FLOW IS LOW. | THE SHAFT MOVED BECAUSE THE ACTUATOR OPERATED.","Due to the small diameter of the hole, the flow is low. | The shaft moved due to the actuator action.",2-1-D19
dull,adj,Non-STE (not approved),,,DIM (adj) | MATT (adj),DIM (adj) MATT (adj),,THE LAMP COMES ON WITH A DIM LIGHT. | THE LETTERS WILL BE MATT BLACK ON WHITE.,The lamp comes on with a dull light. | The letters will be dull black on a white background.,2-1-D19
duration,n,Non-STE (not approved),,,DURING (prep),DURING (prep),,DO NOT MAKE ADJUSTMENTS DURING THIS TEST.,Do not make adjustments for the duration of this test.,2-1-D19
DURING,prep,STE (approved),,In or for a specified time,,In or for a specified time,,MONITOR THE INDICATIONS DURING THE RETRACTION TEST.,,2-1-D19
dust,v,Non-STE (not approved),,,APPLY (v),APPLY (v),,APPLY TALCUM POWDER TO THE AREA. | Blank Page,Dust the area with talcum powder.,2-1-D19
EACH,adj,STE (approved),,"Every one of two or more objects or persons, seen together as a group but identified separately",,"Every one of two or more objects or persons, seen together as a group but identified separately",,MAKE SURE THAT THE SWITCH IN EACH PANEL IS SET TO “OFF.”,,2-1-E1
EACH,pron,STE (approved),,"Every one of two or more objects or persons, seen together as a group but identified separately",,"Every one of two or more objects or persons, seen together as a group but identified separately",,"INSTALL TWO SPACERS, EACH WITH A THICKNESS OF 3.5 mm.",,2-1-E1
EACH OTHER,pron,STE (approved),,Each of two or more in reciprocal action or relation,,Each of two or more in reciprocal action or relation,,"WHEN YOU REMOVE THE PROBES, DO NOT LET THEM TOUCH EACH OTHER.",,2-1-E1
early,adj,Non-STE (not approved),,,SHORT (adj),SHORT (adj),,"IF THE FILTERS BECOME CLOGGED AFTER AN UNUSUALLY SHORT TIME, SEND THEM TO THE LABORATORY FOR ANALYSIS OF THE CONTAMINATION.","If the filters clog at an unusually early stage, send them to the laboratory for analysis of the contamination.",2-1-E1
earth,n,Non-STE (not approved),,,GROUND (n),GROUND (n),,MAKE SURE THAT THE ELECTRICAL SUPPLY GOES TO GROUND.,Make sure the electric supply goes to earth.,2-1-E1
earth,v,Non-STE (not approved),,,GROUND (v),GROUND (v),,MAKE SURE THAT THE FUEL TANKS ARE CORRECTLY GROUNDED.,Make sure the fuel tanks are correctly earthed.,2-1-E1
ease,n,Non-STE (not approved),,,EASILY (adv) | EASY (adj),EASILY (adv) EASY (adj),,MAKE SURE THAT YOU CAN MOVE THE HANDLE EASILY. | MAKE SURE THAT IT IS EASY TO MOVE THE HANDLE.,The handle must move with ease. | The handle must move with ease.,2-1-E1
ease,v,Non-STE (not approved),,,CAREFULLY REMOVE CAREFULLY MOVE,CAREFULLY REMOVE CAREFULLY MOVE,,CAREFULLY REMOVE THE TRIM COVER FROM THE ADHESIVE TAPE. | CAREFULLY MOVE THE PIPE INTO THE CORRECT POSITION.,Ease the trim cover from the adhesive tape. | Ease the pipe into the right position.,2-1-E1
EASILY,adv,STE (approved),,Without difficulty,,Without difficulty,,OXIDATION OCCURS VERY EASILY.,,2-1-E2
EASY,adj,STE (approved),"EASIER, EASIEST",Without difficulty,,Without difficulty,,USE THE LEFT OPENING FOR EASY ACCESS.,,2-1-E2
EAT,v,STE (approved),"EATS, ATE",To consume food,SWALLOW (v),To consume food SWALLOW (v),"For safety instructions, use: No other verb forms.",DO NOT EAT IN THE WORK AREA. | DO NOT SWALLOW THE POTTING COMPOUND.,Do not eat the potting compound.,2-1-E2
EDGE,n,STE (approved),,A line that is the intersection of two surfaces of a solid object,,A line that is the intersection of two surfaces of a solid object,,THE DISTANCE BETWEEN THE EDGE OF THE PANEL AND THE PARTITION MUST NOT BE MORE THAN 0.05 mm.,,2-1-E2
EFFECT,n,STE (approved),,The result of a cause,,The result of a cause,,"WHEN DUST MIXES WITH OIL, IT HAS AN ABRASIVE EFFECT.",,2-1-E2
effect,v,Non-STE (not approved),,,DO (v),DO (v),,DO THE TIGHTENING PROCEDURE.,Effect the tightening procedure.,2-1-E2
effective,adj,Non-STE (not approved),,,GOOD (adj),GOOD (adj),,THIS MATERIAL GIVES GOOD PROTECTION FROM CORROSION.,This material provides effective protection from corrosion.,2-1-E2
efficacious,adj,Non-STE (not approved),,,GOOD (adj),GOOD (adj),,THIS IS A GOOD PROCEDURE TO REMOVE PAINT.,This is an efficacious way to remove paint.,2-1-E2
efficient,adj,Non-STE (not approved),,,SATISFACTORY (adj),SATISFACTORY (adj),,THE TRANSMISSION CONTROL PROTOCOL IS NOT SATISFACTORY FOR THE TRANSMISSION OF INTERACTIVE TRAFFIC.,The Transmission Control Protocol is not efficient for the transmission of interactive traffic.,2-1-E2
efficiently,adv,Non-STE (not approved),,,SATISFACTORILY (adv),SATISFACTORILY (adv),,MAKE SURE THAT THE UNIT OPERATES SATISFACTORILY.,Make sure the unit operates efficiently.,2-1-E3
efflux,n,Non-STE (not approved),,,EXHAUST (n),EXHAUST (n),,MAKE SURE THAT THERE ARE SAFETY BARRIERS AROUND THE ENGINE EXHAUST AREA.,Ensure that there are safety barriers around the engine efflux area.,2-1-E3
effort,n,Non-STE (not approved),,,FORCE (TN) | TRY (v),FORCE (TN) TRY (v),,"DO NOT TIGHTEN THE BOLTS WITH TOO MUCH FORCE. | FIRST, TRY TO TURN THE SHAFT WITH YOUR HANDS.","Do not use too much effort to tighten the bolts. | First, make an effort to turn the shaft with your hands.",2-1-E3
either,adj,Non-STE (not approved),,,ONE (TN) OF THE TWO (TN),ONE (TN) OF THE TWO (TN),,"IF THERE IS MERCURY CONTAMINATION IN ONE OF THE TWO COMPARTMENTS, CLEAN THE AREA IMMEDIATELY.","If there is mercury spillage in either compartment, clean the area immediately.",2-1-E3
either,conj,Non-STE (not approved),,,OR (conj),OR (conj),,YOU CAN USE A RED PEN OR A GREEN PEN.,You can use either a red pen or a green pen.,2-1-E3
either,pron,Non-STE (not approved),,,ONE (TN) OR THE OTHER,ONE (TN) OR THE OTHER,,THERE ARE TWO SOLENOIDS. | YOU CAN SUPPLY ELECTRICAL POWER TO ONE OR THE OTHER.,There are two solenoids. | You can supply electrical power to either.,2-1-E3
EJECT,v,STE (approved),"EJECTS, EJECTED, EJECTED",To move or to cause a person or item to move from an aircraft or equipment with force,,To move or to cause a person or item to move from an aircraft or equipment with force,,"IF YOU PULL THE EJECTION SEAT HANDLE, THE SEAT WILL EJECT.",,2-1-E3
ejection,n,Non-STE (not approved),,,EJECT (v),EJECT (v),,PUSH THE APPLICABLE BUTTON TO EJECT THE DISK DRIVE.,Push the applicable button for disk drive ejection.,2-1-E3
elapse,v,Non-STE (not approved),,,TIME (n) | AFTER (prep) | INTERVAL (n),TIME (n) AFTER (prep) INTERVAL (n),,"MAKE SURE THAT THE TIME BETWEEN STARTS IS A MINIMUM OF 30 SECONDS. | AFTER 30 SECONDS, DO THE TEST AGAIN. | AT INTERVALS OF SIX MONTHS, DO THE CHECK OF THE OIL LEVEL.","Check that 30 seconds have elapsed between starts. | When 30 seconds have elapsed, do the test again. | When six months have elapsed, do the check of the oil level.",2-1-E4
ELECTRIC,adj,STE (approved),,Operated by electricity,,Operated by electricity,,"IF THE HYDRAULIC PUMP DOES NOT SUPPLY A PRESSURE OF 3000 psi, USE THE ELECTRIC PUMP.",,2-1-E4
ELECTRICAL,adj,STE (approved),,Related to electricity,,Related to electricity,,SUPPLY ELECTRICAL POWER TO THE SYSTEM.,,2-1-E4
ELECTRICALLY,adv,STE (approved),,Related to or operated by electricity,,Related to or operated by electricity,,THE SYSTEM IS HYDRAULICALLY OPERATED AND ELECTRICALLY CONTROLLED.,,2-1-E4
ELECTROMAGNETIC,adj,STE (approved),,Related to electromagnetism,,Related to electromagnetism,,THE ELECTROMAGNETIC TEST PROCEDURE USES ELECTROMAGNETIC FORCE.,,2-1-E4
ELECTROMAGNETICALLY,adv,STE (approved),,Related to electromagnetism,,Related to electromagnetism,,THE SYSTEM OPERATES ELECTROMAG- NETICALLY.,,2-1-E4
ELECTRONIC,adj,STE (approved),,Related to or operated by electronics,,Related to or operated by electronics,,THIS BAY CONTAINS SOME OF THE ELECTRONIC EQUIPMENT.,,2-1-E4
ELECTRONICALLY,adv,STE (approved),,Related to or operated by electronics,,Related to or operated by electronics,,THIS UNIT IS ELECTRONICALLY CONTROLLED.,,2-1-E4
eliminate,v,Non-STE (not approved),,,REMOVE (v) | STOP (v) | PREVENT (v),REMOVE (v) STOP (v) PREVENT (v),,REMOVE ALL SHARP EDGES. | PUT A BAG OF DESICCANT IN THE PACKAGE TO STOP CONDENSATION. | PUT A BAG OF DESICCANT IN THE PACKAGE TO PREVENT CONDENSATION.,Eliminate all sharp edges. | Put a bag of desiccant in the package to eliminate condensation. | Put a bag of desiccant in the package to eliminate condensation.,2-1-E5
EMERGENCY,n,STE (approved),,A condition that occurs suddenly and is dangerous,,A condition that occurs suddenly and is dangerous,,"IN AN EMERGENCY, BREAK THE GLASS.",,2-1-E5
emit,v,Non-STE (not approved),,,FROM (prep),FROM (prep),,THE VAPORS FROM THIS MATERIAL ARE DANGEROUS TO THE SKIN.,The vapors that this material emits are dangerous to the skin.,2-1-E5
employ,v,Non-STE (not approved),,,USE (v) | HAVE (v),USE (v) HAVE (v),,TYPE B UNITS USE A LOOSE COLLAR. | THIS ASSEMBLY MACHINE HAS ROBOTIC ARMS.,Type B units employ a loose collar. | This assembly machine employs robotic arms.,2-1-E5
EMPTY,adj,STE (approved),,Without contents,,Without contents,,MAKE SURE THAT THE RESERVOIR IS EMPTY.,,2-1-E5
empty,v,Non-STE (not approved),,,REMOVE (v),REMOVE (v),,REMOVE ALL FUEL FROM THE FUEL TANKS.,Empty the fuel tanks.,2-1-E5
enable,v,Non-STE (not approved),,,LET (v),LET (v),,THE DISASSEMBLY FIXTURE LETS YOU DISASSEMBLE THE MODULE.,The disassembly fixture enables you to disassemble the module.,2-1-E5
encircle,v,Non-STE (not approved),,,AROUND (prep),AROUND (prep),,PUT SEALANT AROUND EACH SCREW HOLE.,Encircle each screw hole with sealant.,2-1-E5
enclosed,adj,Non-STE (not approved),,,CLOSED (adj),CLOSED (adj),,"IF YOU USE SOLVENT IN A CLOSED SPACE, MAKE SURE THAT THERE IS GOOD AIRFLOW IN THE WORK AREA.",The work area must be well-ventilated if solvent is used in an enclosed space.,2-1-E5
encounter,v,Non-STE (not approved),,,BE (v) | FIND (v),BE (v) FIND (v),,"IF THERE ARE ROUGH AREAS, REMOVE THEM WITH EMERY CLOTH. | IF YOU FIND ROUGH AREAS, REMOVE THEM WITH EMERY CLOTH.","If rough spots are encountered, remove them with emery cloth. | If rough spots are encountered, remove them with emery cloth.",2-1-E6
END,n,STE (approved),,"Where time, distance, or sequence are completed",,"Where time, distance, or sequence are completed",,EXAMINE THE SHACKLE AT THE END OF THE SLING.,,2-1-E6
end,v,Non-STE (not approved),,,STOP (v) | COMPLETE (v),STOP (v) COMPLETE (v),,"STOP THE TEST. | WHEN YOU COMPLETED THE TEST, REMOVE THE SENSOR. | WHEN THE TEST IS COMPLETED, REMOVE THE SENSOR.","End the test. | When the test has ended, remove the sensor. | When the test has ended, remove the sensor.",2-1-E6
ENERGIZE,v,STE (approved),"ENERGIZES, ENERGIZED, ENERGIZED",To supply electrical power to,,To supply electrical power to,,ENERGIZE THE AC AND DC BUSBARS.,,2-1-E6
enforce,v,Non-STE (not approved),,,OBEY (v),OBEY (v),,ALL PERSONNEL MUST OBEY THE SAFETY PRECAUTIONS.,Safety precautions must be enforced.,2-1-E6
ENGAGE,v,STE (approved),"ENGAGES, ENGAGED, ENGAGED",To correctly align and come together,,To correctly align and come together,,ENGAGE THE CLUTCH. | MAKE SURE THAT THE CLUTCH ENGAGES.,,2-1-E6
engagement,n,Non-STE (not approved),,,ENGAGE (v),ENGAGE (v),,MAKE SURE THAT THE SPLINES ENGAGE FULLY.,Make sure there is full engagement of the splines.,2-1-E6
enlarge,v,Non-STE (not approved),,,INCREASE (v) | LARGE (adj),INCREASE (v) LARGE (adj),,INCREASE THE DIAMETER OF THE RIVET HOLE. | MAKE THE HOLES LARGER.,Enlarge the rivet hole diameter. | Enlarge the holes.,2-1-E6
enough,adj,Non-STE (not approved),,,SUFFICIENT (adj),SUFFICIENT (adj),,MAKE SURE THAT THERE IS SUFFICIENT PRESSURE IN THE ACCUMULATOR.,Make sure that there is enough pressure in the accumulator.,2-1-E7
ensue,v,Non-STE (not approved),,,CAUSE (v),CAUSE (v),,INCORRECT INSTALLATION WILL CAUSE DAMAGE.,Damage will ensue from incorrect installation.,2-1-E7
ensure,v,Non-STE (not approved),,,MAKE SURE (v),MAKE SURE (v),,MAKE SURE THAT THE CORRECT SEALS ARE INSTALLED.,Ensure that the correct seals are installed.,2-1-E7
enter,v,Non-STE (not approved),,,GO INTO | RECORD (v) | ENTRY (n),GO INTO RECORD (v) ENTRY (n),,DO NOT GO INTO THE LABORATORY WITHOUT APPROVAL. | RECORD THE DATA IN THE LOGBOOK. | MAKE AN ENTRY IN THE LOGBOOK TO SHOW THAT YOU DID THE DEACTIVATION PROCEDURE.,Do not enter the laboratory without approval. | Enter the data in the logbook. | Enter in the logbook that you did the deactivation procedure.,2-1-E7
entire,adj,Non-STE (not approved),,,FULL (adj) | ALL (adj),FULL (adj) ALL (adj),,THE ANTENNA MAKES A SCAN OF THE FULL RANGE OF FREQUENCIES. | EXAMINE ALL OF THE SYSTEM TO FIND THE CAUSE OF THE INTERFERENCE.,The antenna makes a scan of the entire range of frequencies. | Check the entire system to determine the cause of interference.,2-1-E7
entirely,adv,Non-STE (not approved),,,FULLY (adv),FULLY (adv),,THE SYSTEM IS FULLY AUTOMATIC.,The system is entirely automatic.,2-1-E7
ENTRANCE,n,STE (approved),,An opening to go into a space,,An opening to go into a space,,PUT SAFETY BARRIERS AT THE ENTRANCE TO THE WORK AREA.,,2-1-E7
ENTRY,n,STE (approved),,A record of an occurrence,,A record of an occurrence,,MAKE AN ENTRY IN THE LOG CARD.,,2-1-E8
EQUAL,adj,STE (approved),,"The same dimension, quality, quantity, or number",,"The same dimension, quality, quantity, or number",,MAKE SURE THAT THERE IS AN EQUAL DISTANCE BETWEEN THE HOLES.,,2-1-E8
equal,v,Non-STE (not approved),,,SAME (adj) | EQUAL (adj),SAME (adj) EQUAL (adj),,DIMENSION “X” MUST BE THE SAME AS DIMENSION “Z.” DIMENSION “X” MUST BE EQUAL TO DIMENSION “Y.”,Dimension X must equal dimension Z. | Dimension X must equal dimension Y.,2-1-E8
EQUALLY,adv,STE (approved),,"The same dimension, quality, quantity, or number",,"The same dimension, quality, quantity, or number",,ADJUST THE TURNBUCKLES EQUALLY.,,2-1-E8
equip,v,Non-STE (not approved),,,INSTALL (v),INSTALL (v),,INSTALL THE SHUTOFF VALVES ON EACH HP MANIFOLD.,Equip each HP manifold with shutoff valves.,2-1-E8
EQUIPMENT,n,STE (approved),,The objects or tools used for operation and maintenance,,The objects or tools used for operation and maintenance,,REMOVE ALL THE EQUIPMENT FROM THE WORK AREA.,,2-1-E8
equipped,adj,Non-STE (not approved),,,HAVE (v),HAVE (v),,BE CAREFUL WHEN YOU MOVE JET PIPES OR EXHAUST CONES THAT HAVE INSULATING BLANKETS.,Be careful when handling jet pipes or exhaust cones equipped with insulating blankets.,2-1-E8
EQUIVALENT,adj,STE (approved),,"Has the same properties, functions, or values",,"Has the same properties, functions, or values",,MATERIALS (REF. | No. | 2) AND (REF. | No. | 18) ARE EQUIVALENT.,,2-1-E8
EQUIVALENT,n,STE (approved),,"Something that has the same properties, functions, or values",,"Something that has the same properties, functions, or values",,"USE CLEANING COMPOUND ARDROX 6025, OR AN EQUIVALENT.",,2-1-E8
ERASE,v,STE (approved),"ERASES, ERASED, ERASED",To remove data from a medium,,To remove data from a medium,,ERASE THE TAPE.,,2-1-E8
erect,v,Non-STE (not approved),,,ASSEMBLE (v) | BECOME STABLE,ASSEMBLE (v) BECOME STABLE,,"BEFORE YOU LIFT THE GEARBOX, ASSEMBLE THE MOVABLE HOIST. | LET THE VERTICAL GYRO BECOME STABLE.",Erect the movable hoist before lifting the gearbox. | Give the vertical gyro time to erect.,2-1-E9
erratic,adj,Non-STE (not approved),,,IRREGULAR (adj),IRREGULAR (adj),,THE OPERATION OF THE COMPASS IS IRREGULAR.,The compass is erratic.,2-1-E9
ERROR,n,STE (approved),,The difference from that which is correct or accurate,,The difference from that which is correct or accurate,,"IF THE ERROR IS MORE THAN 3 DEG., CALIBRATE THE COMPASS.",,2-1-E9
escape,v,Non-STE (not approved),,,DEFLATE (v) | RELEASE (v),DEFLATE (v) RELEASE (v),,DEFLATE THE TIRE. | RELEASE ALL THE NITROGEN.,Let the air escape from the tire. | Allow all the nitrogen to escape.,2-1-E9
establish,v,Non-STE (not approved),,,MAKE SURE (v),MAKE SURE (v),,"IN THE STEP THAT FOLLOWS, MAKE SURE THAT THE FUEL PUMP OPERATES CORRECTLY.","In the following step, establish the correct functioning of the fuel pump.",2-1-E9
ESTIMATE,n,STE (approved),,"A calculated, approximate result",,"A calculated, approximate result",,MAKE AN ESTIMATE OF THE NECESSARY QUANTITY OF PAINT.,,2-1-E9
estimate,v,Non-STE (not approved),,,ESTIMATE (n),ESTIMATE (n),,MAKE AN ESTIMATE OF THE QUANTITY OF CLEANING FLUID THAT IS NECESSARY.,Estimate the amount of cleaning fluid that is necessary.,2-1-E9
evaluate,v,Non-STE (not approved),,,EXAMINE (v) | ANALYSIS (TN),EXAMINE (v) ANALYSIS (TN),,EXAMINE THE DAMAGE AFTER AN ACCIDENT. | MAKE AN ANALYSIS OF THE TEST RESULTS.,Evaluate the damage after an accident. | Evaluate the test results.,2-1-E9
evaluation,n,Non-STE (not approved),,,EXAMINE (v) | ANALYSIS (TN),EXAMINE (v) ANALYSIS (TN),,EXAMINE THE DAMAGE. | MAKE AN ANALYSIS OF THE TEST RESULTS.,Do an evaluation of the damage. | Do an evaluation of the test results.,2-1-E10
evaporate,v,Non-STE (not approved),,,DRY (v),DRY (v),,LET THE COMPOUND DRY.,Allow the solvent to evaporate from the compound.,2-1-E10
even,adj,Non-STE (not approved),,,SMOOTH (adj) | SAME (adj) | FLAT (adj) | FLUSH (adj) | LEVEL (adj),SMOOTH (adj) SAME (adj) FLAT (adj) FLUSH (adj) LEVEL (adj),,A GUIDE ROD IS ATTACHED TO THE METAL BELLOWS DISC FOR A SMOOTH MOVEMENT OF THE BELLOWS. | APPLY THE SAME LOAD ON THE TWO BRAKES. | MAKE SURE THAT THE SURFACE IS FLAT. | MAKE SURE THAT THE FASTENER HEADS ARE FLUSH WITH THE SKIN. | MAKE SURE THAT THE MARK ON THE BOLT IS LEVEL WITH THE MARK ON THE HANDLE.,A guide rod is attached to the metal bellows disc for an even movement of the bellows. | Braking must be even on the two brakes. | Ensure the surface is even. | Make sure that the fastener heads are even with the skin. | Make sure that the mark on the bolt is even with the mark on the handle.,2-1-E10
evenly,adv,Non-STE (not approved),,,GRADUALLY (adv) | EQUALLY (adv),GRADUALLY (adv) EQUALLY (adv),,INCREASE THE TEMPERATURE GRADUALLY. | APPLY THE LOAD EQUALLY ON THE AREA.,Increase the temperature evenly. | Apply the load evenly on the area.,2-1-E10
event,n,Non-STE (not approved),,,IF (conj),IF (conj),,"IF THE PRESSURE DECREASES SUDDENLY, CLOSE THE VALVE.","In the event of a sudden dropping of pressure, close the valve.",2-1-E10
eventually,adv,Non-STE (not approved),,,SOME TIME,SOME TIME,,"IF THE CABLE RUBS, IT WILL BREAK AFTER SOME TIME.","If the cable chafes, it will eventually break.",2-1-E10
every,adj,Non-STE (not approved),,,ALL (adj) | EACH (adj) | INTERVAL (n),ALL (adj) EACH (adj) INTERVAL (n),,REMOVE ALL SAFETY PINS BEFORE FLIGHT. | SET THE BTRY SWITCH TO “ON” EACH TIME. | DO AN INSPECTION AT INTERVALS OF 20 000 FLIGHT HOURS.,Every safety pin must be removed before flight. | It is necessary to set the BTRY switch to ON every time. | Do an inspection every 20 000 flight hours.,2-1-E11
evidence,n,Non-STE (not approved),,,INDICATION (n) | SIGN (n) | SHOW (v),INDICATION (n) SIGN (n) SHOW (v),,"IF THERE IS AN INDICATION OF A LEAK, REPLACE THE VALVE. | ONE SIGN OF A LEAK OF HOT AIR FROM A JOINT IS THAT THE TEMPERATURE INDICATION DECREASES. | REPLACE THE INSULATION BLANKETS THAT SHOW CHAFING.","If there is evidence of a leak, replace the valve. | Evidence of a leak of hot air from a joint is that the temperature reading drops. | Replace the insulation blankets with evidence of chafing.",2-1-E11
evidence,v,Non-STE (not approved),,,SHOW (v) | FIND (v),SHOW (v) FIND (v),,"IF THE TEST SHOWS NO FAULT, CONTINUE THE PROCEDURE. | IF YOU DO NOT FIND DAMAGE DURING THE INSPECTION PROCEDURE, ASSEMBLE THE UNIT.","If no fault is evidenced by the test, continue the procedure. | If the inspection does not evidence any damage, assemble the unit.",2-1-E11
evident,adj,Non-STE (not approved),,,FIND (v),FIND (v),,"IF YOU DO NOT FIND DAMAGE, CONTINUE THE INSPECTION.","If no damage is evident, continue the inspection.",2-1-E11
exact,adj,Non-STE (not approved),,,ACCURATE (adj) | CORRECT (adj),ACCURATE (adj) CORRECT (adj),,"IF THE INDICATION IS NOT ACCURATE, DO THE TEST AGAIN. | IF THE INDICATION IS NOT CORRECT, DO THE TEST AGAIN.","If the indication is not exact, do the test again. | If the indication is not exact, do the test again.",2-1-E11
exactly,adv,Non-STE (not approved),,,ACCURATELY (adv) | FULLY (adv) | CORRECT (adj),ACCURATELY (adv) FULLY (adv) CORRECT (adj),,PUT THE REPAIR SHEET ACCURATELY ON THE DAMAGED AREA. | FIND THE BOLT HOLE THAT ALIGNS FULLY WITH ONE OF THE OUTER SLOTS. | THE SEAL MUST BE OF THE CORRECT DIMENSION FOR THE GROOVE.,Put the repair sheet exactly on the damaged area. | Find the bolt hole that aligns exactly with one of the outer slots. | The seal must fit the groove exactly.,2-1-E12
examination,n,Non-STE (not approved),,,EXAMINE (v) | FIND (v),EXAMINE (v) FIND (v),,"EXAMINE THE BLADE FOR CRACKS. | IF YOU FIND CORROSION, REMOVE IT WITH THE SPECIFIED MATERIAL.","Do an examination of the blades for cracks. | If the examination reveals corrosion, it must be removed with the specified material.",2-1-E12
EXAMINE,v,STE (approved),"EXAMINES, EXAMINED, EXAMINED",To look carefully at,,To look carefully at,,EXAMINE THE COMPUTER FOR DAMAGE.,,2-1-E12
EXAMPLE,n,STE (approved),,Something from a group which has the same qualities as the group,,Something from a group which has the same qualities as the group,,FIGURE 2 IS AN EXAMPLE OF A REPAIR PROCEDURE FOR A DAMAGED WEB.,,2-1-E12
exceed,v,Non-STE (not approved),,,MORE THAN,MORE THAN,,MAKE SURE THAT THE INDICATION IS NOT MORE THAN 400 KNOTS.,Ensure that the indication does not exceed 400 knots.,2-1-E12
except,prep,Non-STE (not approved),,,,,"To replace this word, use a different construction. Be accurate.","KEEP ALL THE PARTS THAT ARE SERVICEABLE AND DISCARD THOSE THAT ARE BROKEN. | REMOVE ALL SCREWS, BUT NOT THE ONE ON THE LEFT SIDE OF THE FLANGE.",Keep all parts except those that are broken. | Remove all screws except the one on the left side of the flange.,2-1-E12
exception,n,Non-STE (not approved),,,,,"To replace this word, use a different construction. Be accurate.","KEEP ALL THE PARTS THAT ARE SERVICEABLE AND DISCARD THOSE THAT ARE BROKEN. | REMOVE ALL SCREWS, BUT NOT THE ONE ON THE LEFT SIDE OF THE FLANGE.",Keep all parts with the exception of those that are broken. | Remove all screws with the exception of the one on the left side of the flange.,2-1-E13
exceptional,adj,Non-STE (not approved),,,UNUSUAL (adj),UNUSUAL (adj),,"IF IT IS NECESSARY TO APPLY UNUSUAL FORCE TO OPEN THE UNIT, EXAMINE THE CONTROL LINKAGE.","If exceptional force is needed to open the unit, examine the control linkage.",2-1-E13
exceptionally,adv,Non-STE (not approved),,,UNUSUALLY (adv),UNUSUALLY (adv),,"IF THE TIRE PRESSURE IS UNUSUALLY HIGH, OPEN THE VALVE.","If the tire pressure is exceptionally high, open the valve.",2-1-E13
excess,adj,Non-STE (not approved),,,TOO MUCH MORE THAN | UNWANTED (adj) | NOT NECESSARY,TOO MUCH MORE THAN UNWANTED (adj) NOT NECESSARY,,DO NOT APPLY TOO MUCH ADHESIVE ON THE GASKET. | DO NOT PUT MORE THAN THE PERMITTED WEIGHT ON THE TROLLEY. | REMOVE UNWANTED COMPOUND FROM THE GASKET. | REMOVE ALL REMAINING SEALANT THAT IS NOT NECESSARY.,Do not apply excess adhesive on the gasket. | Do not put excess weight on the trolley. | Wipe excess compound from the gasket. | Remove all the excess sealant.,2-1-E13
excess,n,Non-STE (not approved),,,TOO MUCH MORE THAN,TOO MUCH MORE THAN,,"IF YOU USE TOO MUCH PAINT, THE FINISH WILL BE UNSATISFACTORY. | THE HYDRAULIC PRESSURE MUST NOT BE MORE THAN 200 bar.",An excess of paint will give a poor finish. | The hydraulic pressure must not be in excess of 200 bar.,2-1-E13
excessive,adj,Non-STE (not approved),,,TOO MUCH MORE THAN,TOO MUCH MORE THAN,,"TOO MUCH FORCE CAN CAUSE DAMAGE TO THE SEAL. | IF THE PRESSURE IS MORE THAN 1000 kPa, STOP THE TEST.","Excessive force can damage the seal. | If the pressure is excessive, stop the test.",2-1-E14
excessively,adv,Non-STE (not approved),,,TOO MUCH MORE THAN,TOO MUCH MORE THAN,,"BE CAREFUL NOT TO TURN THE INNER RACES TOO MUCH. | IF THE OIL LEAKAGE IS MORE THAN FIVE DROPS A MINUTE, REJECT THE UNIT.","Be careful not to excessively rotate the inner races. | If oil leaks excessively, reject the unit.",2-1-E14
exchange,v,Non-STE (not approved),,,INTERCHANGE (v) | REPLACE (v),INTERCHANGE (v) REPLACE (v),,INTERCHANGE THE No. | 1 AND No. | 2 COMPUTERS. | THEN DO THE TEST AGAIN. | REPLACE THE O-RINGS.,Exchange the No. | 1 and No. | 2 computers. | Then do the test again. | Exchange the O-rings.,2-1-E14
exclude,v,Non-STE (not approved),,,NOT INCLUDE NOT USE,NOT INCLUDE NOT USE,,THIS PROCEDURE DOES NOT INCLUDE THE REMOVAL OF THE PISTON. | DO NOT USE OXYGEN.,This procedure excludes the removal of the piston. | Exclude the use of oxygen.,2-1-E14
excluding,prep,Non-STE (not approved),,,WITHOUT (prep),WITHOUT (prep),,"THE WEIGHT OF THE UNIT, WITHOUT THE MOTOR, IS 10 kg.","The weight of the unit, excluding the motor, is 10 kg.",2-1-E14
execute,v,Non-STE (not approved),,,DO (v),DO (v),,DO THESE STEPS.,Execute the following operations.,2-1-E14
exempt,adj,Non-STE (not approved),,,NO (adj) | NOT SHOW,NO (adj) NOT SHOW,,MAKE SURE THAT THERE ARE NO METAL PARTICLES IN THE OIL. | MAKE SURE THAT THE SEALS DO NOT SHOW SIGNS OF DETERIORATION.,Ensure the oil is exempt from metal particles. | Ensure the seals are exempt from signs of deterioration.,2-1-E14
exercise,v,Non-STE (not approved),,,MAKE SURE (v) | CAREFUL (adj),MAKE SURE (v) CAREFUL (adj),,MAKE SURE THAT YOU DO NOT GET ACID ON YOUR SKIN. | BE CAREFUL THAT YOU DO NOT GET ACID ON YOUR SKIN.,Exercise caution not to allow acid to contact skin. | Exercise caution not to allow acid to contact skin.,2-1-E15
exert,v,Non-STE (not approved),,,APPLY (v) | PUT (v),APPLY (v) PUT (v),,APPLY A LIGHT FORCE TO THE PEDALS. | PUT PRESSURE ON THE WOUND.,Exert a light force on the pedals. | Exert pressure on the wound.,2-1-E15
exhale,v,Non-STE (not approved),,,BREATHE (v),BREATHE (v),,BREATHE INTO THE OXYGEN MASK.,Exhale into the oxygen mask.,2-1-E15
EXHAUST,n,STE (approved),,The gas from an engine,,The gas from an engine,,THE EXHAUST FROM THE APU IS DANGEROUS.,,2-1-E15
exhaust,v,Non-STE (not approved),,,REMOVE (v) | DECREASE (v) | RELEASE (v),REMOVE (v) DECREASE (v) RELEASE (v),,USE A FAN TO REMOVE THE GASES. | DECREASE THE NITROGEN PRESSURE TO 120 psi. | RELEASE THE HYDRAULIC PRESSURE IN THE ACCUMULATOR.,Exhaust the gases using a fan. | Exhaust the nitrogen pressure to 120 psi. | Exhaust all the hydraulic pressure in the accumulator.,2-1-E15
exhaustive,adj,Non-STE (not approved),,,ALL (adj) | FULL (adj),ALL (adj) FULL (adj),,ALL THE TEST CONDITIONS ARE GIVEN IN PARAGRAPH 2.0. | THIS IS NOT A FULL LIST.,An exhaustive list of test conditions is given at paragraph 2.0. | The list is not exhaustive.,2-1-E15
exist,v,Non-STE (not approved),,,BE (v),BE (v),,THERE ARE TWO DIFFERENT PROCEDURES FOR THIS REPAIR.,Two different procedures exist for this repair.,2-1-E15
EXIT,n,STE (approved),,An opening to go out of a space,,An opening to go out of a space,,MAKE SURE THAT ALL THE EMERGENCY EXITS ARE CLEAR OF UNWANTED OBJECTS.,,2-1-E15
EXPAND,v,STE (approved),"EXPANDS, EXPANDED, EXPANDED","To increase in dimension, volume, or time",,"To increase in dimension, volume, or time",,THE BELLOWS MUST EXPAND. | HEAT EXPANDS THE GAS IN THE CONTAINER.,,2-1-E16
expect,v,Non-STE (not approved),,,POSSIBLE (adj),POSSIBLE (adj),,"IF IT IS POSSIBLE THAT THE TEMPERATURE WILL DECREASE TO -20 DEGREES C, REMOVE THE BATTERIES.","If temperature is expected to drop to -20 degrees C, remove the batteries.",2-1-E16
expel,v,Non-STE (not approved),,,REMOVE (v) | BLEED (v) | RELEASE (v),REMOVE (v) BLEED (v) RELEASE (v),,REMOVE THE AIR BUBBLES FROM THE COMPOUND WITH A SPATULA. | BLEED ALL NITROGEN FROM THE SYSTEM. | RELEASE ALL NITROGEN.,Expel the air bubbles from the compound with a spatula. | Expel all nitrogen from the system. | Expel all nitrogen.,2-1-E16
EXPIRED,adj,STE (approved),,More than the permitted life,,More than the permitted life,,MAKE SURE THAT THE SHELF LIFE IS NOT EXPIRED.,,2-1-E16
explain,v,Non-STE (not approved),,,TELL (v),TELL (v),,THE TECHNICIAN WILL TELL THE OPERATOR THE PROCEDURE FOR SENSOR CALIBRATION.,The technician will explain the sensor calibration procedure to the operator.,2-1-E16
EXPLOSION,n,STE (approved),,The effect when an explosive material quickly releases its energy,,The effect when an explosive material quickly releases its energy,,THIS CONDITION CAN CAUSE AN EXPLOSION.,,2-1-E16
EXPLOSIVE,adj,STE (approved),,That can cause an explosion,,That can cause an explosion,,THE SAFETY PRECAUTIONS THAT FOLLOW ARE APPLICABLE TO EXPLOSIVE ITEMS.,,2-1-E16
expose,v,Non-STE (not approved),,,GET (v),GET (v),,REMOVE THE COVER ASSEMBLY TO GET ACCESS TO THE LAMP ASSEMBLY.,Remove cover assembly to expose lamp assembly.,2-1-E17
EXTEND,v,STE (approved),"EXTENDS, EXTENDED, EXTENDED","To increase, or cause something to increase, in dimension or range",,"To increase, or cause something to increase, in dimension or range",,FULLY EXTEND THE JACK RAM. | MAKE SURE THAT THE RODS EXTEND AND RETRACT.,,2-1-E17
EXTENSION,n,STE (approved),,1. The action when something extends 2. The result when something extends,,1. The action when something extends 2. The result when something extends,,MAKE SURE THAT THE EXTENSION OF THE ACTUATOR IS SMOOTH. | THE TOTAL EXTENSION OF THE PISTON IS 125 mm.,,2-1-E17
extent,n,Non-STE (not approved),,,DEPTH (n) | LENGTH (n) | WIDTH (n),DEPTH (n) LENGTH (n) WIDTH (n),,MEASURE THE DEPTH OF THE CRACK. | MEASURE THE LENGTH OF THE CRACK. | MEASURE THE WIDTH OF THE CRACK.,Measure the extent of the crack. | Measure the extent of the crack. | Measure the extent of the crack.,2-1-E17
exterior,n,Non-STE (not approved),,,EXTERNAL (adj),EXTERNAL (adj),,EXAMINE THE EXTERNAL SURFACE OF THE CONTAINER.,Examine the exterior of the container.,2-1-E17
EXTERNAL,adj,STE (approved),,"Of, or on, the outer side",,"Of, or on, the outer side",,CONNECT THE EXTERNAL POWER SUPPLY.,,2-1-E17
EXTERNALLY,adv,STE (approved),,"Of, or on, the outer side",,"Of, or on, the outer side",,THE CONTROL BOX IS INSTALLED EXTERNALLY.,,2-1-E17
EXTINGUISH,v,STE (approved),"EXTINGUISHES, EXTINGUISHED, EXTINGUISHED",To stop burning GO OFF BE OFF,,To stop burning GO OFF BE OFF,"For lights or lamps, use :","TO EXTINGUISH A FIRE IN THE ENGINE, ACTIVATE THE FIRE SUPPRESSION SYSTEM IMMEDIATELY. | WHEN THE FLAME EXTINGUISHES, STOP THE FUEL SUPPLY. | THE “AUTO BRK” PUSHBUTTON LIGHT GOES OFF. | MAKE SURE THAT THE GREEN LIGHT ON THE PANEL IS OFF.",The AUTO BRK pushbutton light extinguishes. | Make sure that the green light on the panel extinguishes.,2-1-E18
extra,adj,Non-STE (not approved),,,MORE (adj),MORE (adj),,THIS MATERIAL GIVES MORE PROTECTION.,This material provides extra protection.,2-1-E18
extract,v,Non-STE (not approved),,,REMOVE (v),REMOVE (v),,REMOVE THE BOLT.,Extract the bolt.,2-1-E18
extreme,adj,Non-STE (not approved),,,VERY HIGH (adj) | VERY BAD (adj) | VERY COLD (adj) | VERY HOT (adj),VERY HIGH (adj) VERY BAD (adj) VERY COLD (adj) VERY HOT (adj),,"DO NOT APPLY VERY HIGH LOADS. | WHEN THE WEATHER IS VERY BAD, KEEP THESE PARTS IN A DRY AREA. | MAKE SURE THAT YOU KNOW THE RISKS RELATED TO VERY COLD TEMPERATURES. | MAKE SURE THAT YOU KNOW THE RISKS RELATED TO VERY HOT TEMPERATURES.","Do not apply extreme loads. | In extreme weather conditions, keep these parts in a dry area. | Make sure that you know the risks related to extreme cold temperatures. | Make sure that you know the risks related to extreme hot temperatures.",2-1-E18
extremely,adv,Non-STE (not approved),,,VERY (adv),VERY (adv),,IT IS VERY IMPORTANT TO OBEY THE SAFETY PRECAUTIONS.,It is extremely important to observe the safety precautions.,2-1-E18
exude,v,Non-STE (not approved),,,OUT OF (prep),OUT OF (prep),,MAKE SURE THAT GREASE COMES OUT OF THE JOINT.,Make sure grease exudes from the joint.,2-1-E18
fabricate,v,Non-STE (not approved),,,MAKE (v),MAKE (v),,USE COPPER TO MAKE THE CHILL BLOCK.,Use copper to fabricate the chill block.,2-1-F1
FACE,n,STE (approved),,The front surface of an object,,The front surface of an object,This word is a technical noun when it refers to a part of the body.,"CLEAN THE FACE OF THE INDICATOR. | WHEN YOU DO MAINTENANCE ON THE WASTE WATER SYSTEM, DO NOT TOUCH YOUR FACE WITH YOUR GLOVES.",,2-1-F1
face,v,Non-STE (not approved),,,POINT (v) | TURN (v),POINT (v) TURN (v),,"WHEN YOU INSTALL THE PITOT HEAD, MAKE SURE THAT THE OPENING POINTS FORWARD. | BEFORE YOU PUSH THE VALVE STEM DOWN, TURN YOUR FACE AWAY FROM THE DRAIN VALVE.","When installing the pitot head, make sure that the opening is facing forward. | Face away from the drain valve when pushing the valve stem down.",2-1-F1
facilitate,v,Non-STE (not approved),,,HELP (v) | MAKE ... EASIER,HELP (v) MAKE ... EASIER,,IDENTIFY THE COMPONENT WITH A CODE TO HELP YOU TO CORRECTLY INSTALL IT AGAIN. | THIS MAKES FAULT ISOLATION EASIER.,Mark the component with a code that will facilitate its correct reinstallation. | This facilitates fault isolation.,2-1-F1
facility,n,Non-STE (not approved),,,,,Be accurate. Use the name of the facility as a technical noun.,WEIGH THE AIRCRAFT ON A WEIGHBRIDGE.,You need a special facility to weigh the aircraft.,2-1-F1
FACT,n,STE (approved),,Something that occurred or is correct,,Something that occurred or is correct,,GET ALL THE FACTS ABOUT THE INCIDENT FROM THE PILOT.,,2-1-F1
factor,n,Non-STE (not approved),,,CAUSE (n),CAUSE (n),,THERE CAN BE MANY CAUSES FOR CORROSION.,Corrosion can be caused by several factors.,2-1-F1
fail,v,Non-STE (not approved),,,IF ... NOT | FAILURE (TN) UNSATISFACTORY (adj),IF ... NOT FAILURE (TN) UNSATISFACTORY (adj),,"IF YOU DO NOT OBEY THESE INSTRUCTIONS, THERE IS A RISK OF INJURY. | IF YOU DO NOT OBEY THE PROCEDURE CORRECTLY, FAILURE OF THE EMERGENCY FLOTATION GEAR CAN OCCUR. | IF THE TEST RESULTS ARE UNSATISFACTORY, DO THE FAULT ISOLATION PROCEDURE.","If you fail to comply with these instructions, there is a risk of injury. | If you do not follow the procedure correctly, the emergency flotation gear can fail. | If the test fails, do the fault isolation procedure.",2-1-F2
failed,adj,Non-STE (not approved),,,DEFECTIVE (adj) | UNSERVICEABLE (adj),DEFECTIVE (adj) UNSERVICEABLE (adj),,REPLACE THE DEFECTIVE PUMP. | REPLACE THE UNSERVICEABLE VALVE.,Replace the failed pump. | Replace the failed valve.,2-1-F2
failure,n,Non-STE (not approved),,,IF ... NOT,IF ... NOT,This word when it means a performance error or loss of serviceability is a technical noun.,"IF YOU DO NOT OBEY THESE INSTRUCTIONS, THERE IS A RISK OF INJURY. | CONTAMINATION CAN CAUSE A FAILURE OF THE PUMP.","Failure to comply with these instructions, will result in a risk of injury.",2-1-F2
faint,adj,Non-STE (not approved),,,DIM (adj) | INTENSITY (n),DIM (adj) INTENSITY (n),Refer also to BRIGHT (adj).,"IF THE LIGHT IS TOO DIM, REPLACE THE BATTERY. | TURN THE KNOB COUNTERCLOCKWISE TO DECREASE THE INTENSITY OF THE LIGHT.","If the light is faint, replace the battery. | Turn the knob anticlockwise to make the light fainter.",2-1-F2
fall,n,Non-STE (not approved),,,DECREASE (v),DECREASE (v),,"WHEN THE PRESSURE DECREASES, THE INDICATOR SHOWS THAT THERE IS A LEAK.","When there is a fall in pressure, the indicator shows a leak.",2-1-F3
FALL,v,STE (approved),"FALLS, FELL, FALLEN",To move down by the force of gravity,,To move down by the force of gravity,,MAKE SURE THAT THE TOOLS DO NOT FALL INTO THE ENGINE.,,2-1-F3
false,adj,Non-STE (not approved),,,INCORRECT (adj),INCORRECT (adj),,MAKE SURE THAT THERE ARE NO INCORRECT INDICATIONS ON THE INSTRUMENTS.,Make sure there are no false indications on the instruments.,2-1-F3
falter,v,Non-STE (not approved),,,SMOOTHLY (adv) | CONSTANT (adj),SMOOTHLY (adv) CONSTANT (adj),,MAKE SURE THAT THE GENERATOR OPERATES SMOOTHLY. | MAKE SURE THAT THE PRESSURE STAYS CONSTANT.,Make sure that the generator does not falter. | Make sure that the pressure does not falter.,2-1-F3
familiar,adj,Non-STE (not approved),,,KNOW (v),KNOW (v),,ALL PERSONNEL MUST FULLY KNOW THE SAFETY PRECAUTIONS.,All personnel must be thoroughly familiar with the safety precautions.,2-1-F3
FAR,adj,STE (approved),"FARTHER, FARTHEST",At or to a relatively large distance,,At or to a relatively large distance,,REMOVE THE BOLT THAT IS FARTHEST FROM THE CENTER.,,2-1-F3
fashion,n,Non-STE (not approved),,,PROCEDURE (n),PROCEDURE (n),,USE THIS PROCEDURE TO DO THE TASK.,Carry out the task in this fashion.,2-1-F3
FAST,adj,STE (approved),"FASTER, FASTEST",At high speed,,At high speed,,A FAST MOVEMENT OF THE THROTTLE WILL CAUSE A SURGE.,,2-1-F3
fast,adv,Non-STE (not approved),,,QUICKLY (adv),QUICKLY (adv),,DO NOT LET THE CABIN ALTITUDE CHANGE TOO QUICKLY.,Do not let the cabin altitude change too fast.,2-1-F3
fasten,v,Non-STE (not approved),,,ATTACH (v) | CONNECT (v),ATTACH (v) CONNECT (v),,ATTACH THE TWO STRINGERS TOGETHER WITH RIVETS. | CONNECT THE HOSE TO THE TEST EQUIPMENT.,Fasten the two stringers together with rivets. | Fasten the hose to the test equipment.,2-1-F4
fatal,adj,Non-STE (not approved),,,KILL (v),KILL (v),,HIGH VOLTAGE IN THE ELECTRONIC SYSTEM CAN KILL YOU.,High voltage in the electronic system can be fatal.,2-1-F4
faulty,adj,Non-STE (not approved),,,DEFECTIVE (adj) | INCORRECT (adj) | UNSERVICEABLE (adj) | UNSATISFACTORY (adj),DEFECTIVE (adj) INCORRECT (adj) UNSERVICEABLE (adj) UNSATISFACTORY (adj),,REPLACE ALL DEFECTIVE ELECTRONIC COMPONENTS. | AN INCORRECT ADJUSTMENT OF THE PRESSURE REGULATOR CAN BE DANGEROUS. | REPLACE THE UNSERVICEABLE CONTROL UNIT. | UNSATISFACTORY OPERATION OF THE SYSTEM CAN CAUSE DAMAGE.,All faulty electronic components must be replaced. | Faulty adjustment of the pressure regulator can be dangerous. | Replace the faulty control unit. | Faulty operation of the system can cause damage.,2-1-F4
fear,v,Non-STE (not approved),,,THINK (v) | MAKE SURE (v),THINK (v) MAKE SURE (v),,"IF YOU THINK THAT THERE IS A FAULT, DO THE FULL TEST PROCEDURE OF THE UNIT. | DO A TEST OF THE UNIT TO MAKE SURE THAT THERE IS NO PROBLEM WITH ITS OPERATION.",Fully test the unit if you fear that there is a fault. | Test the unit if you fear that there is a problem with its operation.,2-1-F4
feasible,adj,Non-STE (not approved),,,POSSIBLE (adj) | CAN (CANNOT) (v),POSSIBLE (adj) CAN (CANNOT) (v),,"IF IT IS NOT POSSIBLE TO USE THE AUTOMATIC CONTROL, DO THE PROCEDURE MANUALLY. | IF YOU CANNOT REMOVE THE BOLT, CUT IT.","If it is not feasible to use the automatic control, do the manual procedure. | If it is not feasible to remove the bolt, you must cut it.",2-1-F4
FEATHER,v,STE (approved),"FEATHERS, FEATHERED, FEATHERED",To put a propeller to a position of minimum drag,,To put a propeller to a position of minimum drag,,PUT THE CONDITION LEVER IN THE FTR POSITION TO FEATHER THE PROPELLER.,,2-1-F5
feature,v,Non-STE (not approved),,,HAVE (v),HAVE (v),,THESE NUTS HAVE A FLAT FLANGE.,These nuts feature a flat flange.,2-1-F5
feed,v,Non-STE (not approved),,,PUT (v) | SUPPLY (v),PUT (v) SUPPLY (v),,PUT THE WIRE THROUGH THE CONDUIT. | SUPPLY COOL AIR TO THE CABIN.,Feed the wire through the conduit. | Feed cool air to the cabin.,2-1-F5
FEEL,v,STE (approved),"FEELS, FELT, FELT",To touch to find,,To touch to find,,CAREFULLY LIFT THE MAGNETIC LEVEL INDICATOR UNTIL YOU FEEL THE MAGNETS.,,2-1-F5
few,adj,Non-STE (not approved),,,SMALL NUMBER,SMALL NUMBER,"If it is possible, give an accurate number.",THIS PROCEDURE IS ONLY FOR REPAIRS THAT INCLUDE A VERY SMALL NUMBER OF RIVETS.,This procedure is only for repairs that include very few rivets.,2-1-F5
few (a few),adj,Non-STE (not approved),,,SOME (adj),SOME (adj),"If this alternative is not sufficient, give the range, number, or quantity.","LET THE ENGINE OPERATE FOR SOME MINUTES. | AFTER APPROXIMATELY 5 SECONDS, THE LIGHT COMES ON AGAIN.","Let the engine run for a few minutes. | After a few seconds, the light comes on again.",2-1-F5
file,v,Non-STE (not approved),,,REMOVE (v) (WITH A FILE (TN),REMOVE (v) (WITH A FILE (TN),,DO NOT REMOVE TOO MUCH MATERIAL WITH THE FILE.,Take care not to file too deeply.,2-1-F5
filing,n,Non-STE (not approved),,,PARTICLE (n),PARTICLE (n),,REMOVE ALL THE METAL PARTICLES.,Remove all the metal filings.,2-1-F5
FILL,v,STE (approved),"FILLS, FILLED, FILLED","To put into a container or a space to the maximum level or, if specified, to a given level, pressure, or quantity",,"To put into a container or a space to the maximum level or, if specified, to a given level, pressure, or quantity",,FILL THE TANK WITH METHANOL. | MAKE SURE THAT THE RESERVOIR FILLS WITH WATER.,,2-1-F5
film,n,Non-STE (not approved),,,LAYER (n),LAYER (n),,APPLY A LAYER OF COMPOUND ON THE SURFACE OF THE DISC.,Spread a film of compound on the surface of the disc.,2-1-F6
filter,v,Non-STE (not approved),,,FILTER (TN),FILTER (TN),,PUT THE OIL THROUGH A FILTER.,Filter the oil.,2-1-F6
FILTERED,adj,STE (approved),,That has gone through a filter,,That has gone through a filter,,DRY THE UNIT WITH LOW-PRESSURE FILTERED AIR.,,2-1-F6
final,adj,Non-STE (not approved),,,LAST (adj),LAST (adj),,THE LAST STEP WILL OPEN THE VALVE.,The final action will open the valve.,2-1-F6
FIND,v,STE (approved),"FINDS, FOUND, FOUND","To discover, to examine something so that you know",,"To discover, to examine something so that you know",,YOU CAN FIND THE NUMBERS ON THE SWITCH.,,2-1-F6
finding,n,Non-STE (not approved),,,RESULT (n),RESULT (n),,TELL THE QUALITY DEPARTMENT ABOUT THE RESULTS OF THE ANALYSIS.,Report the findings of the analysis to the quality department.,2-1-F6
fine,adj,Non-STE (not approved),,,SMALL (adj),SMALL (adj),,ONLY PARTICLES SMALLER THAN 5 μm CAN GO THROUGH THE FILTER.,Only particles finer than 5 microns can go through the filter.,2-1-F6
finger-tighten,v,Non-STE (not approved),,,TIGHTEN ... WITH YOUR FINGERS,TIGHTEN ... WITH YOUR FINGERS,,TIGHTEN THE NUT WITH YOUR FINGERS.,Finger-tighten the nut.,2-1-F6
FINISH,n,STE (approved),,The result of a finishing procedure,,The result of a finishing procedure,,DO NOT CAUSE DAMAGE TO THE SURFACE FINISH OF THE HOUSING.,,2-1-F6
finish,v,Non-STE (not approved),,,COMPLETE (v),COMPLETE (v),,COMPLETE THE TEST.,Finish the test.,2-1-F6
FIRE,n,STE (approved),,The light and/or heat from a material when it burns,,The light and/or heat from a material when it burns,,"IF THERE IS A FIRE IN THE ENGINE COMPARTMENT, YOU WILL HEAR THE GONG.",,2-1-F6
FIRE,v,STE (approved),"FIRES, FIRED, FIRED","To ignite, or to operate items that contain an explosive material",,"To ignite, or to operate items that contain an explosive material",,"FIRE THE CARTRIDGES. | WHEN YOU PUSH THE AGENT PUSHBUTTON, THE FIRE EXTINGUISHER CARTRIDGE FIRES.",,2-1-F7
firmly,adv,Non-STE (not approved),,,TIGHTLY (adv),TIGHTLY (adv),,HOLD THE CYLINDER TIGHTLY.,Hold the cylinder firmly.,2-1-F7
FIRST,adv,STE (approved),,Before other persons or things,,Before other persons or things,,FILL THE INNER TANKS FIRST.,,2-1-F7
FIT,n,STE (approved),,"The relation between two related parts, a limit of tolerance",,"The relation between two related parts, a limit of tolerance",,YOU WILL FIND DATA ABOUT FITS AND CLEARANCES IN SECTION 9001.,,2-1-F7
fit,v,Non-STE (not approved),,,INSTALL (v) | ATTACH (v) | CORRECT (adj),INSTALL (v) ATTACH (v) CORRECT (adj),,INSTALL THE DUCT. | ATTACH THE PANEL TO THE STRUCTURE WITH THE BOLTS. | MAKE SURE THAT THE REPAIR PLUG HAS THE CORRECT DIMENSIONS.,Fit the duct. | Fit the panel to the structure with the bolts. | Ensure the repair plug fits.,2-1-F7
fix,v,Non-STE (not approved),,,ATTACH (v) | SET (v) | REPAIR (v) | INSTALL (v),ATTACH (v) SET (v) REPAIR (v) INSTALL (v),,ATTACH THE TRIM WITH DOUBLE-SIDED ADHESIVE TAPE. | SET THE LENGTH OF THE CONTROL ROD AS NECESSARY. | REPAIR ALL LOOSE OR DAMAGED UPHOLSTERY. | INSTALL THE RETAINER BOLTS ON THE RETAINER.,Fix the trim with double- sided adhesive tape. | Fix the length of the control rod as required. | Fix any loose or torn upholstery. | Fix the retainer bolts to the retainer.,2-1-F7
FLAME,n,STE (approved),,Burning gas,,Burning gas,,"IF YOU SEE FLAMES FROM THE EXHAUST PIPE, STOP THE ENGINE.",,2-1-F7
FLAMMABLE,adj,STE (approved),,That burns easily,,That burns easily,,THE SOLVENT IS FLAMMABLE.,,2-1-F8
FLANGE,n,STE (approved),,An end surface at an angle,,An end surface at an angle,,MAKE SURE THAT THE FLANGE IS NOT DAMAGED.,,2-1-F8
FLASH,v,STE (approved),"FLASHES, FLASHED, FLASHED",To come on and go off frequently,,To come on and go off frequently,,THE RED LIGHTS FLASH IN HALF-SECOND INTERVALS.,,2-1-F8
FLAT,adj,STE (approved),"FLATTER, FLATTEST",That has a continuous surface in the same plane,,That has a continuous surface in the same plane,,LUBRICATE ONE SIDE OF THE FLAT WASHERS.,,2-1-F8
flatness,n,Non-STE (not approved),,,FLAT (adj),FLAT (adj),,THE SURFACE MUST BE FLAT TO GET A CORRECT BOND.,A correct bond depends on the surface flatness.,2-1-F8
flatten,v,Non-STE (not approved),,,FLAT (adj),FLAT (adj),,MAKE SURE THAT YOU DO NOT CAUSE THE TUBES TO BECOME FLAT.,Make sure that you do not flatten the tubes.,2-1-F8
flaw,n,Non-STE (not approved),,,DAMAGE (n) | DEFECTIVE (adj),DAMAGE (n) DEFECTIVE (adj),"If it is possible, be accurate.",MAKE SURE THAT THERE IS NO DAMAGE TO THE SURFACE FINISH. | MAKE SURE THAT THE SURFACE FINISH IS NOT DEFECTIVE.,Make sure that there are no flaws in the surface finish. | Make sure that there are no flaws in the surface finish.,2-1-F8
flex,v,Non-STE (not approved),,,BEND (v),BEND (v),,THE WING CAN BEND UP AND DOWN DURING FLIGHT.,The wing can flex up and down during flight.,2-1-F8
FLEXIBLE,adj,STE (approved),,That can easily bend again and again,,That can easily bend again and again,,CONNECT THE FLEXIBLE HOSES TO THE PUMP.,,2-1-F8
FLIGHT,n,STE (approved),,The time an aircraft is in the air,,The time an aircraft is in the air,,"AFTER EACH FLIGHT, READ THE COUNTER UNIT INDICATIONS.",,2-1-F8
flood,v,Non-STE (not approved),,,USE TOO MUCH,USE TOO MUCH,,DO NOT USE TOO MUCH SOLVENT ON THE AREA.,Do not flood the area with solvent.,2-1-F8
FLOW,n,STE (approved),,A continuous movement of fluid,,A continuous movement of fluid,,AN ARROW ON THE FUEL VALVE SHOWS THE DIRECTION OF THE FLOW.,,2-1-F9
FLOW,v,STE (approved),"FLOWS, FLOWED, FLOWED",To move as a fluid moves,,To move as a fluid moves,,"THE OIL MUST FLOW OUT OF THE VALVE. | WHEN THE VALVE OPENS, AIR FLOWS INTO THE INLET.",,2-1-F9
fluctuate,v,Non-STE (not approved),,,CONSTANT (adj),CONSTANT (adj),,MAKE SURE THAT THE PRESSURE STAYS CONSTANT.,Make sure that the pressure does not fluctuate.,2-1-F9
FLUID,n,STE (approved),,Liquid or gas,,Liquid or gas,,THESE FLUIDS CAN CAUSE CORROSION.,,2-1-F9
FLUSH,adj,STE (approved),,Of a surface that is level or continuous with another surface,,Of a surface that is level or continuous with another surface,,MAKE SURE THAT THE DOOR IS FLUSH WITH THE FUSELAGE SKIN.,,2-1-F9
FLUSH,v,STE (approved),"FLUSHES, FLUSHED, FLUSHED",To remove something or to operate with a flow of liquid,,To remove something or to operate with a flow of liquid,,FLUSH THE TUBES WITH PRESSURIZED FUEL. | MAKE SURE THAT THE TOILET ASSEMBLY FLUSHES CORRECTLY.,,2-1-F9
focus,v,Non-STE (not approved),,,FOCUS (TN),FOCUS (TN),,PUT THE OPTICAL FIXTURE INTO FOCUS.,Focus the optical fixture.,2-1-F9
fold,n,Non-STE (not approved),,,FOLD (v),FOLD (v),,FOLD THE MATERIAL.,Make a fold in the material.,2-1-F9
FOLD,v,STE (approved),"FOLDS, FOLDED, FOLDED",To double over or to cause to double over on itself,,To double over or to cause to double over on itself,,DISENGAGE THE UPPER AND LOWER GUIDE ARMS AND FOLD THEM BACK. | THE BICYCLE CAN FOLD FOR EASY STORAGE.,,2-1-F9
FOLLOW,v,STE (approved),"FOLLOWS, FOLLOWED, FOLLOWED","To come after, to go after",OBEY (v),"To come after, to go after OBEY (v)","For other meanings, use:","THIS TEST FOLLOWS THE INSTALLATION OF THE HP PUMP. | DO THE PROCEDURE THAT FOLLOWS. | FOLLOW THE GREEN LIGHTS TO THE NEAREST STAIRCASE. | WHEN YOU USE THIS MATERIAL, OBEY THE MANUFACTURER’S INSTRUCTIONS.","When you use this material, follow the manufacturer’s instructions.",2-1-F10
following,adj,Non-STE (not approved),,,THESE (adj) | FOLLOW (v),THESE (adj) FOLLOW (v),,MAKE SURE THAT THESE CIRCUIT BREAKERS ARE CLOSED. | OBEY THE PRECAUTIONS THAT FOLLOW.,Make sure that the following circuit breakers are closed. | Obey the following precautions.,2-1-F10
FOR,prep,STE (approved),FOR EXAMPLE,"Function word that shows purpose, intent, time, result, or the object of an action Used to introduce something chosen as a typical case",,"Function word that shows purpose, intent, time, result, or the object of an action Used to introduce something chosen as a typical case",,"LET THE POTTING COMPOUND DRY FOR ONE HOUR. | OBEY THE REMOVAL PROCEDURES FOR THE COMPONENTS. | WHEN YOU REMOVE THE STUD, USE APPLICABLE TOOLS. | FOR EXAMPLE, USE A PLASTIC MALLET AND A PUNCH.",,2-1-F10
forbidden,adj,Non-STE (not approved),,,DO NOT NOT PERMITTED,DO NOT NOT PERMITTED,,DO NOT INSTALL MORE THAN TWO WASHERS FOR EACH BOLT. | SHARP OBJECTS ARE NOT PERMITTED IN THIS AREA.,It is forbidden to install more than two washers for each bolt. | Sharp objects are forbidden in this area.,2-1-F10
force,v,Non-STE (not approved),,,PUSH (v) | FORCE (TN),PUSH (v) FORCE (TN),,PUSH THE CLIP OUT TO REMOVE IT. | DO NOT USE FORCE TO PUSH THE COVER INTO POSITION.,Clip may be removed by forcing it out. | Do not attempt to force the cover into position.,2-1-F11
forecast,v,Non-STE (not approved),,,POSSIBLE (adj),POSSIBLE (adj),,"IF BAD WEATHER IS POSSIBLE, MOOR THE VESSEL SAFELY.","If unfavorable weather conditions are forecast, moor the vessel securely.",2-1-F11
foreign,adj,Non-STE (not approved),,,UNWANTED (adj),UNWANTED (adj),,"THIS COVER WILL KEEP DIRT, PARTICLES, OR OTHER UNWANTED MATERIAL OUT OF THE SYSTEM.","This cover will prevent dirt, particles, or other foreign material from entering the system.",2-1-F11
foremost,adj,Non-STE (not approved),,,FRONT (n),FRONT (n),,YOU CANNOT REMOVE THE HALF CLAMP THAT IS NEAREST TO THE FRONT.,The foremost half clamp is not removable.,2-1-F11
form,n,Non-STE (not approved),,,SHAPE (n),SHAPE (n),,THE SEAL HAS THE SHAPE OF AN ELLIPSE.,The seal is in the form of an ellipse.,2-1-F11
form,v,Non-STE (not approved),,,BE (v),BE (v),,"IF THERE IS CONTAMINATION IN THE FUEL TANKS, REMOVE IT IMMEDIATELY.","If contamination has formed in the fuel tanks, remove it immediately.",2-1-F11
fortify,v,Non-STE (not approved),,,STRONG (adj),STRONG (adj),,CARBON-FIBER STRUTS MAKE THE FLOOR STRUCTURE STRONGER.,Carbon-fiber struts fortify the floor structure.,2-1-F11
FORWARD,adj,STE (approved),,Nearer to the front,,Nearer to the front,,THE CONTROL UNIT IS INSTALLED IN THE FORWARD PART OF THE CARGO COMPARTMENT.,,2-1-F11
FORWARD,adv,STE (approved),,In the direction of the front,,In the direction of the front,,MOVE THE LEVERS FORWARD.,,2-1-F11
FORWARD OF,prep,STE (approved),,At a position nearer to the front,,At a position nearer to the front,,THE TENSION REGULATOR IS INSTALLED FORWARD OF THE PRESSURE BULKHEAD.,,2-1-F11
foul,v,Non-STE (not approved),,,CATCH (v) | HIT (v) | TOUCH (v) | CLEARANCE (n),CATCH (v) HIT (v) TOUCH (v) CLEARANCE (n),,"MAKE SURE THAT THE RODS CANNOT CATCH ON THE FLAPS. | IF YOU INSTALL THE UPPER DRAG STRUT INCORRECTLY, IT WILL HIT THE LOWER DRAG STRUT DURING RETRACTION. | IF THE BRACKET TOUCHES THE CAM, ADD A SHIM WASHER. | MAKE SURE THAT THE RODS HAVE SUFFICIENT CLEARANCE.","Make sure that the rods cannot foul the flaps. | Do not install the upper drag strut so that it fouls the gear retraction. | Should the bracket foul the cam, add a shim washer. | Check that the rods do not foul each other.",2-1-F12
fouled,adj,Non-STE (not approved),,,DIRTY (adj) | CLOGGED (adj) | CATCH (v),DIRTY (adj) CLOGGED (adj) CATCH (v),,REMOVE ALL DIRTY IGNITER PLUGS. | REMOVE ALL CLOGGED FILTER ELEMENTS. | MAKE SURE THAT THE CABLES DO NOT CATCH ON THE LEVERS.,Remove all fouled igniter plugs. | Remove all fouled filter elements. | Make sure that the levers are not fouled by the cables.,2-1-F12
fragile,adj,Non-STE (not approved),,,EASILY DAMAGED,EASILY DAMAGED,,THE WATER QUANTITY TRANSMITTER IS EASILY DAMAGED.,The water quantity transmitter is fragile.,2-1-F12
FREE,adj,STE (approved),,That can move easily,,That can move easily,"Do not use compound adjectives with free, for example, lintfree, dustfree, unless they are technical nouns.",MAKE SURE THAT THE NUTS ARE FREE TO TURN ON THE SLEEVES. | MAKE SURE THAT THERE IS NO DUST ON THE SURFACE.,Make sure that the surface is dustfree.,2-1-F12
free from,adj,Non-STE (not approved),,,NO (adj),NO (adj),,MAKE SURE THAT THERE IS NO DUST ON THE SURFACE.,Make sure that the surface is free from dust.,2-1-F12
free,v,Non-STE (not approved),,,RELEASE (v),RELEASE (v),,REMOVE THE SLEEVE TO RELEASE THE SLIDING TUBE.,Remove the sleeve to free the sliding tube.,2-1-F13
FREELY,adv,STE (approved),,That can move easily,,That can move easily,,OXYGEN MUST FLOW FREELY FROM THE END OF THE HOSE.,,2-1-F13
FREEZE,v,STE (approved),"FREEZES, FROZE, FROZEN",To go or cause to go to a temperature below the freezing point of a liquid (usually of water),,To go or cause to go to a temperature below the freezing point of a liquid (usually of water),,"FREEZE THE BUSHINGS AS FOLLOWS: IF YOU THINK THAT THE WATER WILL FREEZE, ADD ANTIFREEZE.",,2-1-F13
FREQUENT,adj,STE (approved),,That occurs or is found often at short intervals,,That occurs or is found often at short intervals,,FREQUENT INSPECTIONS OF THESE AREAS ARE NECESSARY.,,2-1-F13
FREQUENTLY,adv,STE (approved),,At frequent or short intervals,,At frequent or short intervals,,MONITOR THE INDICATORS FREQUENTLY.,,2-1-F13
fresh,adj,Non-STE (not approved),,,CLEAN (adj) | NEW (adj),CLEAN (adj) NEW (adj),,FLUSH THE TUBES WITH CLEAN WATER. | FILL WITH NEW DESICCANT.,Flush the tubes with fresh water. | Recharge with fresh desiccant.,2-1-F13
FROM,prep,STE (approved),,"Function word that shows a point of departure for movement, time, distance, action, or separation",,"Function word that shows a point of departure for movement, time, distance, action, or separation",,REMOVE THE PROTECTIVE COVER FROM THE NEW ASSEMBLY.,,2-1-F13
FRONT,adj,STE (approved),,Nearer to the person that looks or a reference point,,Nearer to the person that looks or a reference point,Refer also to IN FRONT OF.,THERE IS A “FAULT” LIGHT ON THE FRONT FACE OF THE COMPUTER.,,2-1-F13
FRONT,n,STE (approved),,The front part or the front surface,,The front part or the front surface,,CLEAN THE FRONT OF THE MOUNTING FLANGE WITH SOLVENT.,,2-1-F13
fuel,v,Non-STE (not approved),,,REFUEL (v),REFUEL (v),,REFUEL THE VEHICLE.,Fuel the vehicle.,2-1-F13
fulfill,v,Non-STE (not approved),,,OBEY (v),OBEY (v),,OBEY THE INSTRUCTIONS IN THE TEST PROCEDURE. | THIS PROCEDURE OBEYS ALL THE REQUIREMENTS OF SERVICE BULLETIN No. | 97.,Fulfill the instructions in the test procedure. | This procedure fulfills all the requirements of Service Bulletin No. | 97.,2-1-F14
FULL,adj,STE (approved),"FULLER, FULLEST","At or related to maximum travel, length, quantity, or detail",,"At or related to maximum travel, length, quantity, or detail",,MAKE SURE THAT THE RESERVOIR IS FULL.,,2-1-F14
FULLY,adv,STE (approved),,"At or related to maximum travel, length, quantity, or detail",,"At or related to maximum travel, length, quantity, or detail",,TURN THE CONTROL TO THE FULLY CLOSED POSITION.,,2-1-F14
FUNCTION,n,STE (approved),,Action or activity that a person or thing does,,Action or activity that a person or thing does,,THE PRIMARY FUNCTION OF THIS UNIT IS TO CONTROL THE FUEL FLOW.,,2-1-F14
function,v,Non-STE (not approved),,,OPERATE (v) | MOVE (v),OPERATE (v) MOVE (v),,THE ELEVATOR CONTROLS MUST OPERATE SMOOTHLY. | THE SYSTEM CONTROLS MUST MOVE FREELY.,The elevator controls must function smoothly. | The system controls must function freely.,2-1-F14
fundamental,adj,Non-STE (not approved),,,IMPORTANT (adj),IMPORTANT (adj),,"DURING THIS PROCEDURE, IT IS IMPORTANT TO KEEP ALL PARTS CLEAN.",Cleanliness of all parts is fundamental in this procedure.,2-1-F14
further,adj,Non-STE (not approved),,,MORE (adj),MORE (adj),,"IF YOU DO NOT GET THE CORRECT DIMENSION, ADD MORE GASKETS.","If you do not get the correct dimension, add further gaskets.",2-1-F14
further,adv,Non-STE (not approved),,,MORE (adv),MORE (adv),,"IF IT IS NECESSARY TO DECREASE THE CABLE TENSION MORE, USE THE TURNBUCKLE.",Cable tension can be further reduced if necessary by means of the turnbuckle.,2-1-F14
gain,n,Non-STE (not approved),,,INCREASE (v),INCREASE (v),,"AFTER THE LAST MODIFICATION, THE SYSTEM’S EFFICIENCY INCREASED.",The system’s efficiency showed a gain after the last modification.,2-1-G1
gain,v,Non-STE (not approved),,,GET (v),GET (v),,GET ACCESS TO THE CONNECTORS AT THE REAR OF THE INSTRUMENT.,Gain access to the connectors at the back of the instrument.,2-1-G1
gall,v,Non-STE (not approved),,,GALLING (TN),GALLING (TN),,THERE MUST BE NO SCRATCHES OR GALLING ON THE SURFACE.,The surface must not be scratched or galled.,2-1-G1
gap,n,Non-STE (not approved),,,CLEARANCE (n) | DISTANCE (n) | SPACE (n),CLEARANCE (n) DISTANCE (n) SPACE (n),,MEASURE THE CLEARANCE BETWEEN THE IMPELLER AND THE BODY. | MEASURE THE DISTANCE BETWEEN THE ROTARY ACTUATOR AND THE STOP BOLT. | PUT THE BLADE OF A SMALL SCREWDRIVER INTO THE SPACE BETWEEN THE COVER AND THE HOUSING.,Measure the gap between the impeller and the body. | Measure the gap between the rotary actuator and the stop bolt. | Put the blade of a small screwdriver into the gap between the cover and the housing.,2-1-G1
garbled,adj,Non-STE (not approved),,,CLEAR (adj) | CLEARLY (adv),CLEAR (adj) CLEARLY (adv),,"IF THE RADIO SIGNAL IS NOT CLEAR, ADJUST THE FREQUENCY. | MAKE SURE THAT YOU TRANSMIT THE ANNOUNCEMENT CLEARLY.","If the radio signal is garbled, adjust the frequency. | Make sure that the announcement is not garbled.",2-1-G1
garner,v,Non-STE (not approved),,,COLLECT (v),COLLECT (v),,THESE COMPUTERS COLLECT DATA FROM THE VHF SYSTEM. | THE BITE FUNCTION COLLECTS THE FAILURES AND SENDS THE FAILURE MESSAGE TO THE CENTRAL MAINTENANCE COMPUTER.,These computers garner data from the VHF system. | The BITE function garners the failures and sends the failure message to the Central Maintenance Computer.,2-1-G2
GAS,n,STE (approved),,A fluid that has no shape or volume and that can expand,,A fluid that has no shape or volume and that can expand,,THE TEMPERATURE SENSING UNIT IS A CAPILLARY TUBE FILLED WITH GAS.,,2-1-G2
gaseous,adj,Non-STE (not approved),,,GAS (n),GAS (n),,THE TOOL CYLINDER CONTAINS A MIXTURE OF GASES (10% HELIUM AND 90% NITROGEN).,The tool cylinder contains a gaseous mixture of 10% helium and 90% nitrogen.,2-1-G2
gash,v,Non-STE (not approved),,,DAMAGED (adj),DAMAGED (adj),,"IF THE THERMAL BLANKET IS DAMAGED, DO REPAIR No. | 9.","If the thermal blanket is gashed, do repair No. | 9.",2-1-G2
gather,v,Non-STE (not approved),,,COLLECT (v),COLLECT (v),,ALL FLUIDS COLLECT AT THE LOWEST POINT IN THE COMPARTMENT. | THREE COMPUTERS COLLECT DATA AND PARAMETERS FROM THE SYSTEMS AND PUT THEM TOGETHER ON THE DATA LINK TO THE DISPLAY UNIT.,All fluids gather at the lowest point in the compartment. | Three computers gather data and parameters from the systems and put them together on the data link to the display unit.,2-1-G2
gauge,v,Non-STE (not approved),,,MEASURE (v),MEASURE (v),,MEASURE THE DISTANCE BETWEEN THE TOP EDGE AND THE BOTTOM SURFACE.,Gauge the width of the gap between the top edge and the bottom surface.,2-1-G2
GENERAL,adj,STE (approved),,"Of, or related to something as a whole, not detailed",,"Of, or related to something as a whole, not detailed",,THIS SECTION GIVES GENERAL MAINTENANCE PROCEDURES.,,2-1-G2
generally,adv,Non-STE (not approved),,,USUALLY (adv),USUALLY (adv),,YOU USUALLY REPLACE MEMORY MODULES DURING MAINTENANCE.,Memory modules are generally replaced during maintenance.,2-1-G3
generate,v,Non-STE (not approved),,,BE (v) | GIVE (v) | SUPPLY (v),BE (v) GIVE (v) SUPPLY (v),,"THERE MUST BE NO ERRORS WHEN YOU OPEN THE FILE. | IF THE HYDRAULIC PUMP DOES NOT GIVE A PRESSURE OF 3000 psi, USE THE ELECTRIC PUMP. | THE BATTERIES SUPPLY 28 V DC.","The file opening must not generate errors. | If the hydraulic pump fails to generate a pressure of 3000 psi, use the electric pump. | The batteries generate 28 V DC.",2-1-G3
generous,adj,Non-STE (not approved),,,LARGE (adj) | THICK (adj),LARGE (adj) THICK (adj),"If it is possible, be accurate.",A LARGE QUANTITY OF COMPOUND IS NECESSARY. | APPLY A THICK LAYER OF GREASE.,A generous amount of compound will be necessary. | Apply a generous amount of grease.,2-1-G3
generously,adv,Non-STE (not approved),,,LARGE (adj) | THICK (adj),LARGE (adj) THICK (adj),"If it is possible, be accurate.",APPLY A LARGE QUANTITY OF SEALANT TO THE REPAIR PATCH. | APPLY A THICK LAYER OF GREASE.,Apply sealant generously to the repair patch. | Apply grease generously.,2-1-G3
gentle,adj,Non-STE (not approved),,,CAREFULLY (adv) | LIGHTLY (adv),CAREFULLY (adv) LIGHTLY (adv),,TURN THE POTENTIOMETER CAREFULLY. | TAP THE SURFACE LIGHTLY.,Rotate the potentiometer with a gentle movement. | Give the surface a gentle tap.,2-1-G3
gently,adv,Non-STE (not approved),,,CAREFULLY (adv) | LIGHTLY (adv),CAREFULLY (adv) LIGHTLY (adv),,CAREFULLY PULL THE ELECTRICAL WIRE OUT FROM THE RUBBER SEAL. | LIGHTLY TAP THE TOP SURFACE UNTIL THE PARTS ALIGN.,Gently pull out the electrical wire from the rubber seal. | Gently tap the top surface until the parts align.,2-1-G3
genuine,adj,Non-STE (not approved),,,CORRECT (adj),CORRECT (adj),,MAKE SURE THAT THE INDICATION ON THE GAUGE IS CORRECT.,Make sure that the reading on the gauge is genuine.,2-1-G4
GET,v,STE (approved),"GETS, GOT","To obtain, to come into the state of having",,"To obtain, to come into the state of having","Do not use this word to mean BECOME, GO, DECREASE, INCREASE. Refer to rule 9.2 and the entries from “get” until “get to” that follow. No other verb forms.","IF YOU GET THE FLUID ON YOUR SKIN, FLUSH YOUR SKIN IMMEDIATELY WITH CLEAN WATER.",,2-1-G4
get,v,Non-STE (not approved),,,BECOME (v),BECOME (v),,DO NOT LET THE HEATER BECOME TOO HOT.,Do not let the heater get too hot.,2-1-G4
get away,v,Non-STE (not approved),,,GO AWAY,GO AWAY,,"BEFORE THE ENGINE STARTS, GO AWAY FROM THE EXHAUST AREA.",Get away from the exhaust area before the engine starts.,2-1-G4
get down,v,Non-STE (not approved),,,DECREASE (v) | GO DOWN,DECREASE (v) GO DOWN,,"IF THE TEMPERATURE DECREASES TO LESS THAN ZERO, DRAIN THE WATER SYSTEM. | BE CAREFUL WHEN YOU GO DOWN THE LADDER FROM THE COCKPIT TO THE AVIONICS COMPARTMENT.","If the temperature gets down to below zero, drain the water system. | Be careful when you get down the ladder from the cockpit into the avionics compartment.",2-1-G4
get into,v,Non-STE (not approved),,,GO INTO,GO INTO,,INSTALL CAPS ON THE RECEPTACLES TO MAKE SURE THAT UNWANTED MATERIAL DOES NOT GO INTO THE RECEPTACLES.,Install caps to make sure that foreign objects do not get into the receptacles.,2-1-G4
get off,v,Non-STE (not approved),,,MOVE OFF,MOVE OFF,,"BEFORE YOU MOVE THE AILERONS, TELL ALL PERSONS TO MOVE OFF THE WINGS.","Before you move the ailerons, tell all persons to get off the wings.",2-1-G4
get to,v,Non-STE (not approved),,,BE (v) | GO (v) | INCREASE (v),BE (v) GO (v) INCREASE (v),,"THE MOTOR STOPS WHEN THE LIMIT SWITCHES ARE AT THE END OF THEIR TRAVEL. | GO TO THE TOOL ROOM FOR THE NECESSARY TOOLS. | WHEN THE TEMPERATURE OF THE VENTILATION AIR INCREASES TO 27 °C, THE DISCHARGE VALVE OPENS.","The motor stops when the limit switches get to the end of their travel. | Get to the tool room for the necessary tools. | When the temperature of the ventilation air gets to 27 °C, the discharge valve opens.",2-1-G5
GIVE,v,STE (approved),"GIVES, GAVE, GIVEN",To provide,,To provide,,THIS SECTION GIVES THE CLEANING PROCEDURES FOR THE DISASSEMBLED PARTS.,,2-1-G5
gleam,v,Non-STE (not approved),,,SHINY (adj),SHINY (adj),,POLISH THE SURFACE WITH A SOFT CLOTH UNTIL IT BECOMES SHINY.,Polish the surface with a soft cloth until it gleams.,2-1-G5
glitch,n,Non-STE (not approved),,,ERROR (n) | FAILURE (TN) | UNSERVICEABLE (adj),ERROR (n) FAILURE (TN) UNSERVICEABLE (adj),,"IF THERE IS AN ERROR IN THE SYSTEM, THE SCREEN SHOWS: “NO GO.” IF THERE IS A FAILURE IN THE SYSTEM, THE SCREEN SHOWS: “NO GO.” IF THE SYSTEM IS UNSERVICEABLE, THE SCREEN SHOWS: “NO GO.”","If there is a glitch in the system, the screen shows: NO GO. | If there is a glitch in the system, the screen shows: NO GO. | If there is a glitch in the system, the screen shows: NO GO.",2-1-G5
gloss,n,Non-STE (not approved),,,SHINY (adj),SHINY (adj),,POLISH THE SURFACE UNTIL IT IS VERY SHINY.,Polish the surface to a high gloss.,2-1-G5
GLOSSY,adj,STE (approved),"GLOSSIER, GLOSSIEST",Smooth and shiny,,Smooth and shiny,,APPLY THE PATCH WITH THE MATT SIDE AGAINST THE GLOSSY SURFACE.,,2-1-G5
glow,v,Non-STE (not approved),,,BE (v),BE (v),,MAKE SURE THAT THE INDICATOR LIGHT IS ON. | ADJUST THE POTENTIOMETER UNTIL THE LIGHT IS DIM.,Make sure that the indicator light glows. | Adjust the potentiometer until the light glows dimly.,2-1-G6
glue,v,Non-STE (not approved),,,BOND (v) | ATTACH (v),BOND (v) ATTACH (v),,BOND THE PATCH TO THE SURFACE WITH THE APPLICABLE GLUE. | ATTACH THE PROTECTIVE PLATE TO THE SURFACE WITH ADHESIVE MATERIAL.,Glue the patch to the surface. | Glue the protective plate to the surface.,2-1-G6
GO,v,STE (approved),"GOES, WENT",To move to or from something,,To move to or from something,No other verb forms.,MAKE SURE THAT THE POINTER GOES OUT OF VIEW.,,2-1-G6
GO OFF,v,STE (approved),"GOES OFF, WENT OFF",To become dark when an internal power source is de-energized,,To become dark when an internal power source is de-energized,No other verb forms.,THE ANNUNCIATOR LIGHT GOES OFF.,,2-1-G6
GOOD,adj,STE (approved),"BETTER, BEST",That is satisfactory,,That is satisfactory,,THIS MATERIAL GIVES GOOD PROTECTION FROM CORROSION.,,2-1-G6
gouge,v,Non-STE (not approved),,,GOUGE (TN),GOUGE (TN),,"IF A GOUGE OCCURS IN THE BLADE DURING REMOVAL, REPLACE THE BLADE.","If the blade was gouged during removal, replace it.",2-1-G6
govern,v,Non-STE (not approved),,,CONTROL (v),CONTROL (v),,THIS COMPONENT CONTROLS THE ENGINE SPEED.,This component governs the engine speed.,2-1-G6
grab,v,Non-STE (not approved),,,USE (v) | HOLD (v),USE (v) HOLD (v),,USE A SCREWDRIVER TO RELEASE THE CLIPS. | HOLD THE HANDLE.,Grab a screwdriver to release the clips. | Grab the handle.,2-1-G6
gradient,n,Non-STE (not approved),,,SLOPE (n),SLOPE (n),,"WHEN YOU PARK THE VEHICLE ON A SLOPE, PUT CHOCKS ON THE WHEELS.","When you park the vehicle on a gradient, put chocks on the wheels.",2-1-G7
gradual,adj,Non-STE (not approved),,,GRADUALLY (adv),GRADUALLY (adv),,GRADUALLY ADJUST THE TEMPERATURE.,Make a gradual adjustment to the temperature.,2-1-G7
GRADUALLY,adv,STE (approved),,Slowly and continuously,,Slowly and continuously,,GRADUALLY OPEN THE COCKS ON THE RECHARGING UNIT.,,2-1-G7
graph,v,Non-STE (not approved),,,GRAPH (TN),GRAPH (TN),,MAKE A GRAPH OF THE TEST RESULTS.,Graph the test results.,2-1-G7
grasp,v,Non-STE (not approved),,,HOLD (v),HOLD (v),,HOLD THE HANDLE.,Grasp the handle.,2-1-G7
grave,adj,Non-STE (not approved),,,DANGEROUS (adj),DANGEROUS (adj),,HYDRAULIC FLUID IS DANGEROUS FOR YOUR SKIN.,Hydraulic fluid can cause grave skin problems.,2-1-G7
grease,v,Non-STE (not approved),,,LUBRICATE (v) | GREASE (TN),LUBRICATE (v) GREASE (TN),,"BEFORE YOU INSTALL THE O-RING, LUBRICATE IT WITH GREASE. | APPLY GREASE TO THE FASTENERS.",Grease the O-ring before installation. | Grease the fasteners.,2-1-G7
great,adj,Non-STE (not approved),,,LARGE (adj) | MORE THAN | VERY (adv),LARGE (adj) MORE THAN VERY (adv),,"AN INDICATION OF A LARGE QUANTITY OF FUEL SHOWS AN INCORRECT ADJUSTMENT OF THE FLOAT SWITCH. | IF THE PRESSURE IS MORE THAN 200 psi, CLOSE THE VALVE. | BE VERY CAREFUL WHEN YOU RELEASE THE PRESSURE.","A great amount of fuel indicates incorrect setting of the float switch. | If the pressure is greater than 200 psi, close the valve. | Take the greatest care when you release the pressure.",2-1-G7
greatly,adv,Non-STE (not approved),,,VERY MUCH,VERY MUCH,,THIS METHOD CAN INCREASE THE RISK OF INJURY VERY MUCH.,This method can greatly increase the risk of injury.,2-1-G7
grip,n,Non-STE (not approved),,,HOLD (v),HOLD (v),,HOLD THE JACK BODY TIGHTLY WHILE YOU TURN IT.,Make sure you have a tight grip of the jack body while turning it.,2-1-G7
grip,v,Non-STE (not approved),,,HOLD (v),HOLD (v),,HOLD THE HANDLE LIGHTLY WITH ONE HAND.,Grip the handle lightly with one hand.,2-1-G8
GROOVE,n,STE (approved),,A long channel that is not wide,,A long channel that is not wide,,INSTALL THE O-RING IN ITS GROOVE ON THE PISTON.,,2-1-G8
GROUND,n,STE (approved),,The surface of the earth,,The surface of the earth,,YOU CAN ONLY DO THIS PROCEDURE ON THE GROUND.,,2-1-G8
GROUND,v,STE (approved),"GROUNDS, GROUNDED, GROUNDED",To connect to the ground or to a large object of zero potential,,To connect to the ground or to a large object of zero potential,,GROUND THE FUEL TANKS.,,2-1-G8
GROUP,n,STE (approved),,Objects that are related,,Objects that are related,,THIS GROUP OF SEALING COMPOUNDS IS ALSO APPLICABLE IN AN EMERGENCY.,,2-1-G8
grow,v,Non-STE (not approved),,,BECOME (v),BECOME (v),,"IF THE BATTERY BECOMES TOO HOT, DISCONNECT IT.","If the battery grows too hot, disconnect it.",2-1-G8
guard,v,Non-STE (not approved),,,GUARD (TN),GUARD (TN),,MAKE SURE THAT THE GUARDS ARE INSTALLED ON THE SWITCHES.,Make sure that the switches are guarded.,2-1-G8
guide,v,Non-STE (not approved),,,PUT (v) | MOVE (v),PUT (v) MOVE (v),,"PUT THE CABLE THROUGH THE GROMMET. | WHILE YOU LOWER THE PUMP, MOVE IT ONTO THE MOUNTING BRACKET.","Guide the cable through the grommet. | As you lower the pump, guide it onto the mounting bracket.",2-1-G8
gush,v,Non-STE (not approved),,,FLOW (n),FLOW (n),,"IF YOU TURN THE HANDLE TO “FULL,” THERE WILL BE A STRONG FLOW OF WATER FROM THE OUTLET.","If you turn the valve handle to FULL, water will gush from the outlet.",2-1-G8
halt,v,Non-STE (not approved),,,STOP (v),STOP (v),,"IF YOU HEAR AN UNUSUAL NOISE, STOP THE PROCEDURE.","If you hear an unusual noise, halt the procedure.",2-1-H1
halve,v,Non-STE (not approved),,,HALF (TN),HALF (TN),,MAKE SURE THAT THE PITCH DECREASES TO HALF ITS VALUE.,Check that the deviation in pitch is halved.,2-1-H1
hamper,v,Non-STE (not approved),,,PREVENT (v),PREVENT (v),,STRONG WINDS CAN PREVENT THE CORRECT DEPLOYMENT OF THE ESCAPE SLIDES.,Strong winds can hamper the correct deployment of the escape slides.,2-1-H1
handle,v,Non-STE (not approved),,,MOVE (v) | TOUCH (v) | USE (v) | CAREFUL (adj),MOVE (v) TOUCH (v) USE (v) CAREFUL (adj),This word can be part of a safety sign (rule 8.6).,MOVE THE ACTUATOR WITH A HOIST. | DO NOT TOUCH THE PRINTED CIRCUIT CARD. | BE CAREFUL WHEN YOU USE SOLVENTS. | BE CAREFUL WITH INSTRUMENTS.,Handle the actuator with a hoist. | Do not handle the printed circuit card. | Be careful when you handle solvents. | Handle instruments with care.,2-1-H1
hand-tight,adj,Non-STE (not approved),,,TIGHTEN ... WITH YOUR HAND,TIGHTEN ... WITH YOUR HAND,,INSTALL THE FILTER CASE AND TIGHTEN IT WITH YOUR HAND.,Install the filter case hand-tight.,2-1-H1
hand-tighten,v,Non-STE (not approved),,,TIGHTEN ... WITH YOUR HAND,TIGHTEN ... WITH YOUR HAND,,TIGHTEN THE SWIVEL NUT WITH YOUR HAND.,Hand-tighten the swivel nut.,2-1-H1
HANG,v,STE (approved),"HANGS, HUNG, HUNG",To attach or to be attached to something above with no support from below,,To attach or to be attached to something above with no support from below,,HANG THE SHACKLE ON THE HOIST. | LOWER THE PLATFORM ASSEMBLY UNTIL IT HANGS ON THE SUPPORT FRAME.,,2-1-H1
happen,v,Non-STE (not approved),,,OCCUR (v),OCCUR (v),,"IF AN ACCIDENT OCCURS, GET MEDICAL AID.","If an accident happens, get medical attention.",2-1-H1
HARD,adj,STE (approved),"HARDER, HARDEST","Not easy to cut, not easy to go into or through",,"Not easy to cut, not easy to go into or through",,"IF THE SURFACE IS HARD, USE A CARBIDE DRILL.",,2-1-H1
harden,v,Non-STE (not approved),,,HARD (adj) | CURE (TV),HARD (adj) CURE (TV),Refer to rule 1.12.,LET THE ADHESIVE BECOME HARD. | LET THE BONDING MATERIAL CURE.,Let the adhesive harden. | Let the bonding material harden.,2-1-H2
harm,v,Non-STE (not approved),,,INJURY (n) | IRRITATION (TN),INJURY (n) IRRITATION (TN),Refer to rule 1.5.,BE CAREFUL WHEN YOU CUT LOCKWIRE. | IT CAN CAUSE INJURY TO YOUR EYES. | HYDRAULIC FLUID CAN CAUSE SKIN IRRITATION.,Be careful when you cut lockwire. | It can harm your eyes. | Hydraulic fluid can harm your skin.,2-1-H2
harmful,adj,Non-STE (not approved),,,DANGEROUS (adj) | INJURY (n),DANGEROUS (adj) INJURY (n),,SOLVENT FUMES ARE DANGEROUS. | THIS ADHESIVE COMPOUND CAN CAUSE INJURY TO YOUR SKIN.,Solvent fumes are harmful to your health. | This adhesive compound is harmful to your skin.,2-1-H2
harmonize,v,Non-STE (not approved),,,AGREE (v) | ALIGN (v),AGREE (v) ALIGN (v),,MAKE THE POSITIONS OF THE VALVES AGREE. | ALIGN THE CENTERLINE ON THE FLUX VALVE.,Harmonize the positions of the valves. | Harmonize the centerline on the flux valve.,2-1-H2
haul,v,Non-STE (not approved),,,TOW (v) | MOVE (v),TOW (v) MOVE (v),,"BEFORE YOU START THE ENGINE, TOW THE HYDRAULIC CART AWAY FROM THE AIRCRAFT. | BEFORE YOU START THE ENGINE, MOVE THE HYDRAULIC CART AWAY FROM THE AIRCRAFT",Haul the hydraulic cart away from the aircraft before you start the engine. | Haul the hydraulic cart away from the aircraft before you start the engine.,2-1-H2
HAVE,v,STE (approved),"HAS, HAD",To possess as a part or quality,,To possess as a part or quality,No other verb forms.,THE SYSTEM HAS AN EMERGENCY WARNING DEVICE.,,2-1-H3
have to,v,Non-STE (not approved),,,,,Use a verb in the imperative form,"WHEN ENGINES ARE IN OPERATION, PUT ON A HEARING PROTECTION DEVICE.","When engines are in operation, you have to put on a hearing protection device.",2-1-H3
hazard,n,Non-STE (not approved),,,DANGEROUS (adj),DANGEROUS (adj),“hazard” can be part of safety regulations.,TRICHLORO- ETHYLENE IS DANGEROUS.,Trichloroethylene is a health hazard.,2-1-H3
hazardous,adj,Non-STE (not approved),,,DANGEROUS (adj),DANGEROUS (adj),“hazardous” can be part of safety regulations.,ALL PERSONNEL WHO DO WORK WITH DANGEROUS MATERIALS MUST OBEY THE SAFETY INSTRUCTIONS THAT FOLLOW.,All personnel who work with hazardous materials must obey the following safety instructions.,2-1-H3
hazy,adj,Non-STE (not approved),,,HAZE (TN),HAZE (TN),,"IF THERE IS HAZE, DO NOT DO THE TEST.","If the weather is hazy, do not do the test.",2-1-H3
HEAD,n,STE (approved),,The top of something,,The top of something,,MAKE SURE THAT THE HEAD OF THE BOLT IS DOWN.,,2-1-H3
head,v,Non-STE (not approved),,,POINT (v),POINT (v),,POINT THE AIRCRAFT INTO THE WIND.,Head the aircraft into the wind.,2-1-H3
HEAR,v,STE (approved),"HEARS, HEARD, HEARD",To know by sound in the ear,,To know by sound in the ear,,MAKE SURE THAT YOU HEAR THE AUDIO SIGNALS IN ALL THE CREW HEADSETS.,,2-1-H3
HEAT,n,STE (approved),,The condition or quality of being hot,,The condition or quality of being hot,,USE HEAT TO CURE THE POLYSULPHIDE SEALANT.,,2-1-H3
heat,v,Non-STE (not approved),,,HEAT (n) | HOT (adj),HEAT (n) HOT (adj),,"USE HEAT TO INCREASE THE TEMPERATURE OF THE OIL TO 40  C. | WHEN THE OIL IS HOT, IT FLOWS FREELY.","Heat the oil to 40  C. | When you heat the oil, it flows freely.",2-1-H4
HEAVY,adj,STE (approved),"HEAVIER, HEAVIEST","That has a large mass, weight, or force",,"That has a large mass, weight, or force",,A SUPPORT WILL BE NECESSARY BECAUSE THE CONTROL UNIT IS HEAVY.,,2-1-H4
HEIGHT,n,STE (approved),,The vertical distance,,The vertical distance,,THE HEIGHT FROM THE GROUND TO THE TOP OF THE FIN CAN CHANGE.,,2-1-H4
heighten,v,Non-STE (not approved),,,INCREASE (v),INCREASE (v),,STRONG WINDS WILL INCREASE THE RISK OF DAMAGE.,Strong winds will heighten the risk of damage.,2-1-H4
help,n,Non-STE (not approved),,,AID (n),AID (n),,GET MEDICAL AID IMMEDIATELY.,You must get medical help immediately.,2-1-H4
HELP,v,STE (approved),"HELPS, HELPED, HELPED",To make something easier or better,,To make something easier or better,,PETROLATUM HELPS TO PREVENT CORROSION OF THE TERMINALS.,,2-1-H4
helpful,adj,Non-STE (not approved),,,HELP (v),HELP (v),,RECORD THE LOCKWIRE POSITIONS. | THIS INFORMATION WILL HELP YOU DURING THE ASSEMBLY PROCEDURE.,Record the lockwire positions. | This will be helpful during the assembly procedure.,2-1-H4
HERE,adv,STE (approved),,In this position,,In this position,,"TO DOWNLOAD THE FILE, CLICK HERE.",,2-1-H4
hesitation,n,Non-STE (not approved),,,SMOOTHLY (adv) | CORRECTLY (adv) | IMMEDIATELY (adv),SMOOTHLY (adv) CORRECTLY (adv) IMMEDIATELY (adv),,"MAKE SURE THAT THE SOLENOID OPERATES SMOOTHLY. | THE VALVE MUST OPERATE CORRECTLY. | WHEN YOU OPEN THE CIRCUIT BREAKER, THE LIGHT MUST COME ON IMMEDIATELY.","Make sure that the solenoid operates without hesitation. | The valve must operate without hesitation. | When you open the circuit breaker, the light must come on without hesitation.",2-1-H4
HIGH,adj,STE (approved),"HIGHER, HIGHEST",That is of large value,,That is of large value,,USE THE SPECIAL PROTECTION FOR STORAGE IN HIGH TEMPERATURES.,,2-1-H5
highly,adv,Non-STE (not approved),,,VERY (adv),VERY (adv),,TOLUENE IS VERY FLAMMABLE.,Toluene is highly flammable.,2-1-H5
hinder,v,Non-STE (not approved),,,PREVENT (v) | DECREASE (v) | BLOCKAGE (n) | CLOGGED (adj),PREVENT (v) DECREASE (v) BLOCKAGE (n) CLOGGED (adj),,SCRATCHES CAN PREVENT THE FREE MOVEMENT OF THE PISTON IN THE SLEEVE. | A CLOGGED DUCT WILL DECREASE AIRFLOW. | MAKE SURE THAT THERE IS NO BLOCKAGE IN THE PIPE THAT PREVENTS AIRFLOW. | MAKE SURE THAT THE PIPE IS NOT CLOGGED.,Scratches can hinder the movement of the piston in the sleeve. | A clogged duct will hinder airflow. | Make sure that there is nothing in the pipe to hinder airflow. | Make sure that there is nothing in the pipe to hinder airflow.,2-1-H5
hinge,v,Non-STE (not approved),,,TURN (v),TURN (v),,THE PANELS TURN ON TWO NYLON STRAPS.,Panels hinge on two nylon straps.,2-1-H5
HIT,v,STE (approved),"HITS, HIT, HIT",To touch suddenly and with much force,,To touch suddenly and with much force,,DO NOT HIT THE CARTRIDGE.,,2-1-H5
hitch,v,Non-STE (not approved),,,CONNECT (v),CONNECT (v),,CONNECT THE TOWING ARM TO THE NOSEWHEEL.,Hitch the towing arm to the nosewheel.,2-1-H5
hoist,v,Non-STE (not approved),,,LIFT (v),LIFT (v),,LIFT THE MODULE.,Hoist the module.,2-1-H5
hold,n,Non-STE (not approved),,,HOLD (v),HOLD (v),,MAKE SURE THAT YOU HOLD THE ROD TIGHTLY.,Make sure that you have a tight hold on the rod.,2-1-H5
HOLD,v,STE (approved),"HOLDS, HELD, HELD","1. To continue to have in the hand or grip 2. To continue to have in a specified location, position, or condition",,"1. To continue to have in the hand or grip 2. To continue to have in a specified location, position, or condition",,HOLD THE ROD TIGHTLY. | HOLD THE AIRSPEED INDICATION AT THE SAME VALUE FOR 2 MINUTES.,,2-1-H5
hold back,v,Non-STE (not approved),,,PREVENT (v),PREVENT (v),,"AT FULL THRUST, THE BRAKES MUST PREVENT MOVEMENT OF THE AIRCRAFT.","At full thrust, the brakes must hold the aircraft back.",2-1-H6
hold off,v,Non-STE (not approved),,,PREVENT (v),PREVENT (v),,THE PROTECTIVE PAINT WILL PREVENT CORROSION FOR SIX MONTHS.,The protective paint will hold off corrosion for six months.,2-1-H6
HOLE,n,STE (approved),,An empty space in a solid object,,An empty space in a solid object,,MAKE SURE THAT THE HOLES IN THE BUSHING ALIGN WITH THOSE IN THE HOUSING.,,2-1-H6
hook,v,Non-STE (not approved),,,PUT (v),PUT (v),,PUT THE SLING ON THE SHACKLE.,Hook the sling on the shackle.,2-1-H6
hook up,v,Non-STE (not approved),,,CONNECT (v),CONNECT (v),,CONNECT THE TOWING ARM TO THE NOSE GEAR.,Hook the towing arm up to the nose gear.,2-1-H6
HORIZONTAL,adj,STE (approved),,Parallel to the horizon or a baseline,,Parallel to the horizon or a baseline,,ADJUST THE SLING UNTIL THE FLAP IS HORIZONTAL.,,2-1-H6
HORIZONTALLY,adv,STE (approved),,In a horizontal position,,In a horizontal position,,THE VALVE IS INSTALLED HORIZONTALLY.,,2-1-H6
HOT,adj,STE (approved),"HOTTER, HOTTEST",At a high temperature,,At a high temperature,,DRY THE SURFACE WITH HOT AIR.,,2-1-H6
house,v,Non-STE (not approved),,,CONTAIN (v),CONTAIN (v),,THE MODULE CONTAINS FIVE COMPONENTS.,The module houses five components.,2-1-H6
HOW,adv,STE (approved),,By which manner,,By which manner,,PARAGRAPH 7.0 TELLS YOU HOW TO INSTALL THE UNIT.,,2-1-H6
however,adv,Non-STE (not approved),,,BUT (conj),BUT (conj),,THE DRYING TIME IS USUALLY 24 HOURS. | BUT THE PROCEDURE IN THIS STEP WILL DECREASE THE DRYING TIME TO 12 HOURS.,"The drying time is usually 24 hours. | However, the procedure in this step will decrease the drying time to 12 hours.",2-1-H6
huge,adj,Non-STE (not approved),,,LARGE (adj),LARGE (adj),,"TO REMOVE THE PAINT STRIPPER, FLUSH THE SURFACE WITH LARGE QUANTITIES OF WATER.","To remove the paint stripper, flush the surface with huge quantities of water.",2-1-H7
hum,v,Non-STE (not approved),,,HUM (TN),HUM (TN),,ADJUST THE POTENTIOMETER UNTIL YOU DO NOT HEAR A HUM FROM THE LOUDSPEAKER.,Adjust the potentiometer until the loudspeaker no longer hums.,2-1-H7
hurt,v,Non-STE (not approved),,,INJURY (n),INJURY (n),,"BE CAREFUL WHEN YOU DO THIS PROCEDURE. | IF THE UNIT FALLS, IT CAN CAUSE INJURY TO PERSONS.","Be careful when you do this procedure. | If the unit falls, it can hurt persons.",2-1-H7
HYDRAULIC,adj,STE (approved),,"Related to, or operated by, pressurized liquid",,"Related to, or operated by, pressurized liquid",,CONNECT THE FITTINGS TO THE HYDRAULIC TEST BENCH.,,2-1-H7
HYDRAULICALLY,adv,STE (approved),,With hydraulic power,,With hydraulic power,,MAKE SURE THAT THE LINES ARE HYDRAULICALLY OPERATED. | Blank Page,,2-1-H7
identical,adj,Non-STE (not approved),,,SAME (adj),SAME (adj),,THE SAME PROCEDURE IS APPLICABLE TO THE TWO VHF SETS.,The procedure is identical for both VHF sets.,2-1-I1
IDENTIFICATION,n,STE (approved),,Something that identifies an object,,Something that identifies an object,,MAKE SURE THAT THE NAMEPLATE SHOWS THE CORRECT IDENTIFICATION OF THE UNIT.,,2-1-I1
IDENTIFY,v,STE (approved),"IDENTIFIES, IDENTIFIED, IDENTIFIED",1. To use a specified code or marking to supply with an identity 2. To show an identity,FIND (v),1. To use a specified code or marking to supply with an identity 2. To show an identity FIND (v),"For other meanings, use:",IDENTIFY THE WIRES WITH SLEEVES OF DIFFERENT COLORS. | A 406 MHz DIGITAL SIGNAL IDENTIFIES THE EMERGENCY LOCATOR TRANSMITTER AND ITS LOCATION. | FIND THE DAMAGED AREAS.,Identify the damaged areas.,2-1-I1
idle,v,Non-STE (not approved),,,IDLE (TN),IDLE (TN),,OPERATE THE ENGINE AT IDLE FOR 20 MINUTES.,Idle the engine for 20 minutes.,2-1-I1
IF,conj,STE (approved),,"In the event that, on the condition that, in case of",,"In the event that, on the condition that, in case of",,"IF YOU USE A REPLACEMENT FAIRING PLATE, CUT IT UNTIL YOU GET THE CORRECT MATING DIMENSION.",,2-1-I1
ignite,v,Non-STE (not approved),,,IGNITION (TN),IGNITION (TN),,"FUEL GOES THROUGH THE ATOMIZERS INTO THE COMBUSTION CHAMBER, WHERE IGNITION OCCURS.","Fuel passes through the atomizers to the combustion chamber, where it is ignited.",2-1-I1
IGNORE,v,STE (approved),"IGNORES, IGNORED, IGNORED","Not to think about something, not to do something about",,"Not to think about something, not to do something about",,IGNORE THE VIBRATION INDICATIONS. | SELECT “CANCEL” TO IGNORE ALL CHANGES.,,2-1-I1
ILLUMINATE,v,STE (approved),"ILLUMINATES, ILLUMINATED, ILLUMINATED",To make something visible with an external light source COME ON BE ON,,To make something visible with an external light source COME ON BE ON,"For lights or lamps, use:","THE EMERGENCY LIGHTS COME ON TO ILLUMINATE THE EVACUATION PATH. | WHEN THE PRESSURE LIGHT COMES ON, READ THE VALUE ON THE PRESSURE GAUGE. | MAKE SURE THAT THE LAMP COMES ON. | MAKE SURE THAT THE LAMP IS ON.","When the pressure light illuminates, read the value on the pressure gauge. | Ensure the lamp illuminates. | Ensure the lamp is illuminated.",2-1-I2
immediate,adj,Non-STE (not approved),,,IMMEDIATELY (adv),IMMEDIATELY (adv),,MAKE SURE THAT THE SPEEDBRAKE RETRACTS IMMEDIATELY.,Check the speedbrake for immediate retraction.,2-1-I2
IMMEDIATELY,adv,STE (approved),,Without a gap of time or space,,Without a gap of time or space,,MAKE SURE THAT THE EMERGENCY LIGHT IMMEDIATELY GOES BACK TO ”OFF.”,,2-1-I2
immerse,v,Non-STE (not approved),,,SOAK (v) | PUT FULLY INTO,SOAK (v) PUT FULLY INTO,,SOAK THE FILTER IN THE CLEANING SOLUTION FOR 4 HOURS. | PUT THE FILTER FULLY INTO THE SOLVENT.,Immerse the filter in the cleaning solution for 4 hours. | Immerse the filter in solvent.,2-1-I2
immobilize,v,Non-STE (not approved),,,LOCK (v) | PREVENT MOVEMENT,LOCK (v) PREVENT MOVEMENT,,"LOCK THE PULLEY WITH THE RIGGING PIN. | WHEN YOU REPAIR THE UNIT, PREVENT MOVEMENT OF THE ASSEMBLIES.",Immobilize the pulley with the rigging pin. | Immobilize the assemblies when repairing the unit.,2-1-I2
impact,n,Non-STE (not approved),,,HIT (v),HIT (v),,MAKE SURE THAT METAL OBJECTS DO NOT HIT THE MATING SURFACE.,Avoid impact between metal objects and the mating surface.,2-1-I2
impact,v,Non-STE (not approved),,,HIT (v) | EFFECT (n),HIT (v) EFFECT (n),,DO NOT LET THE VIBRATOR TOOL HIT THE SURFACE OF THE SEAL. | THESE REPAIRS HAVE AN EFFECT ON THE PERFORMANCE OF THE ENGINE.,Do not allow the vibrator tool to impact the seal surface. | These repairs impact engine performance.,2-1-I3
impair,v,Non-STE (not approved),,,DECREASE (v) | OPERATE INCORRECTLY CAUSE DAMAGE,DECREASE (v) OPERATE INCORRECTLY CAUSE DAMAGE,,THE LIFE OF THE UNIT WILL DECREASE IF YOU LET THE UNIT BECOME DIRTY. | DAMAGE WILL CAUSE THE INSTRUMENT TO OPERATE INCORRECTLY. | CONTAMINATION OF THE GREASE CAN CAUSE DAMAGE TO THE BEARING.,The life of the unit is impaired if the unit is allowed to get dirty. | Damage will impair operation of the instrument. | Contaminants in the grease may impair the bearing.,2-1-I3
implement,v,Non-STE (not approved),,,DO (v),DO (v),,"IF THE TEST DOES NOT GIVE SATISFACTORY RESULTS, DO THE FAULT ISOLATION PROCEDURE.","If the test does not give satisfactory results, implement the fault isolation procedure.",2-1-I3
implementation,n,Non-STE (not approved),,,DO (v),DO (v),,IT IS MANDATORY TO DO THE PROCEDURE IN THIS SERVICE BULLETIN.,The implementation of the procedure in this Service Bulletin is mandatory.,2-1-I3
IMPORTANT,adj,STE (approved),,That has a significant effect,,That has a significant effect,,THESE PROCEDURES ARE VERY IMPORTANT.,,2-1-I3
impossible,adj,Non-STE (not approved),,,NOT POSSIBLE | CANNOT (v),NOT POSSIBLE CANNOT (v),,"THUS, IT IS NOT POSSIBLE TO GIVE A STANDARD VALUE. | YOU CANNOT FILL THE CONTAINERS WHILE THEY ARE INSTALLED ON THE AIRCRAFT.","Thus, it is impossible to give a standard value. | It is impossible to recharge containers while installed on aircraft.",2-1-I4
impregnate,v,Non-STE (not approved),,,SOAK (v),SOAK (v),,SOAK THE FILTER ELEMENTS IN OIL.,The filter elements must be impregnated with oil.,2-1-I4
impression,n,Non-STE (not approved),,,THINK (v),THINK (v),,"IF YOU THINK THAT A TIRE HAS LOW PRESSURE, DO THE STEPS THAT FOLLOW:","If you have the impression that a tire has low pressure, do the steps that follow:",2-1-I4
improper,adj,Non-STE (not approved),,,INCORRECT (adj),INCORRECT (adj),,INCORRECT ADJUSTMENT OF THE STOP BOLTS ON THE RUDDER PEDALS CAN CAUSE DAMAGE.,Improper adjustment of the stop bolts on the rudder pedals can cause damage.,2-1-I4
improperly,adv,Non-STE (not approved),,,INCORRECTLY (adv),INCORRECTLY (adv),,"IF THE HINGE IS INCORRECTLY ADJUSTED, YOU CANNOT CLOSE THE PANEL.","If the hinge is improperly adjusted, the panel will not close.",2-1-I4
improve,v,Non-STE (not approved),,,BETTER (adj),BETTER (adj),,DO NOT ADJUST THE PARTS AGAIN TO MAKE THEIR POSITION BETTER.,Do not readjust the parts to improve their position.,2-1-I4
impurity,n,Non-STE (not approved),,,UNWANTED MATERIAL | CONTAMINATION (n),UNWANTED MATERIAL CONTAMINATION (n),,USE A FILTER TO REMOVE UNWANTED MATERIAL FROM THE HYDRAULIC OIL. | CONTAMINATION CAN CAUSE A FAILURE.,Filter the hydraulic oil to remove impurities. | Impurities may cause a failure.,2-1-I4
IN,adv,STE (approved),,"To, or into a location or position",,"To, or into a location or position",,MAKE SURE THAT THE SWITCHES ARE PUSHED IN.,,2-1-I4
IN,prep,STE (approved),,"Function word that shows location, position, condition, time, or limits",,"Function word that shows location, position, condition, time, or limits",,LET THE SWITCH STAY IN THE SET POSITION. | THE COMPENSATORS ARE IN THE WING BAY. | DO NOT PARK THE VEHICLE IN STRONG WINDS. | MAKE SURE THAT THE LIGHT COMES ON IN 5 SECONDS. | MAKE SURE THAT THE CRACKS ARE IN THE LIMITS.,,2-1-I5
IN FRONT OF,prep,STE (approved),,In a position ahead of,,In a position ahead of,,PUT CHOCKS IN FRONT OF THE WHEELS.,,2-1-I5
IN PROGRESS,adv,STE (approved),,Occurring,,Occurring,,"IF AN INTERACTIVE SESSION IS IN PROGRESS, LET IT CONTINUE UNTIL IT IS FULLY COMPLETED.",,2-1-I5
inactive,adj,Non-STE (not approved),,,NOT ACTIVE,NOT ACTIVE,,THE AUTOTHRUST SYSTEM IS ENGAGED BUT IT IS NOT ACTIVE.,The autothrust system is engaged but inactive.,2-1-I5
inadvertent,adj,Non-STE (not approved),,,ACCIDENTAL (adj),ACCIDENTAL (adj),,ACCIDENTAL OPERATION OF THE SYSTEM CAN KILL YOU.,Inadvertent operation of the system could cause fatal injuries.,2-1-I5
inadvertently,adv,Non-STE (not approved),,,ACCIDENTALLY (adv),ACCIDENTALLY (adv),,"IF YOU ACCIDENTALLY PUT TOO MUCH FUEL IN THE TANK, OPEN THE DRAIN VALVE.","If the tank is inadvertently overfilled, open the drain valve.",2-1-I6
INBOARD,adj,STE (approved),,Nearer to the longitudinal axis,,Nearer to the longitudinal axis,,REMOVE THE INBOARD FAIRING OF THE FLAP HINGE.,,2-1-I6
INBOARD,adv,STE (approved),,In or to a position nearer to the longitudinal axis,,In or to a position nearer to the longitudinal axis,,THE LANDING GEAR RETRACTS INBOARD INTO THE BAY.,,2-1-I6
INBOARD OF,prep,STE (approved),,At a position nearer to the longitudinal axis,,At a position nearer to the longitudinal axis,,PUT THE ACCESS PLATFORM IN POSITION BELOW THE ACCESS PANEL THAT IS INBOARD OF THE FLAP TRACK.,,2-1-I6
INCIDENT,n,STE (approved),,An important occurrence that can cause damage or have dangerous results,,An important occurrence that can cause damage or have dangerous results,,RECORD ALL INCIDENTS OF WATER FOUND IN THE FUEL.,,2-1-I6
incline,n,Non-STE (not approved),,,SLOPE (n),SLOPE (n),,YOU CAN ADJUST THE SLOPE OF THE RAMP.,You can adjust the incline of the ramp.,2-1-I6
INCLUDE,v,STE (approved),"INCLUDES, INCLUDED, INCLUDED","To make, or to be, part of",,"To make, or to be, part of",,THIS CHAPTER INCLUDES THE PROCEDURES FOR THE REMOVAL OF THE COMPONENTS.,,2-1-I6
including,prep,Non-STE (not approved),,,THRU (prep) | WITH (prep),THRU (prep) WITH (prep),,"DO TESTS 4 THRU 8 AGAIN. | SEND THE DEFECTIVE COVER, WITH THE OIL SAMPLES, TO THE REPAIR CENTER.","Repeat from test 4 up to and including test 8. | Return the defective cover, including the oil samples, to the repair center.",2-1-I6
incompatible,adj,Non-STE (not approved),,,NOT COMPATIBLE,NOT COMPATIBLE,,THIS SOFTWARE IS NOT COMPATIBLE WITH OTHER OPERATING SYSTEMS. | THIS COOLANT IS NOT COMPATIBLE WITH ALUMINUM ALLOYS.,This software is incompatible with other operating systems. | This coolant is incompatible with aluminum alloys.,2-1-I6
incomplete,adj,Non-STE (not approved),,,NOT FULL NOT COMPLETED | ALL (adj),NOT FULL NOT COMPLETED ALL (adj),,"IF THE ACTUATOR TRAVEL IS NOT FULL, ADJUST THE RODS AGAIN. | IF THE ADJUSTMENT IS NOT COMPLETED, THE VALUES SHOWN ON THE INDICATOR WILL BE INCORRECT. | IF YOU DO NOT HAVE ALL THE RESULTS, DO THE TEST AGAIN.","If the actuator travel is incomplete, readjust the rods. | If the adjustment is incomplete, the values shown on the indicator will be incorrect. | If the results are incomplete, do the test again.",2-1-I7
incorporate,v,Non-STE (not approved),,,INCLUDE (v) | HAVE (v),INCLUDE (v) HAVE (v),,ALL MODELS INCLUDE A MICROPROCESSOR CONTROL UNIT. | SOME RELAYS HAVE A POTENTIOMETER.,All models incorporate a microprocessor control unit. | Some relays incorporate a potentiometer.,2-1-I7
incorporation,n,Non-STE (not approved),,,INCLUDE (v),INCLUDE (v),,THE MANUFACTURER INCLUDED A SECOND DIODE TO INCREASE THE RELIABILITY OF THE MOTOR.,Incorporation of a second diode increased the reliability of the motor.,2-1-I7
INCORRECT,adj,STE (approved),,Not correct,,Not correct,,"IF THE TRIM TAB ADJUSTMENT IS INCORRECT, DO STEPS 7 THRU 10.",,2-1-I7
INCORRECTLY,adv,STE (approved),,In an incorrect manner,,In an incorrect manner,,"IF YOU SEE THE RED MARK, THE PART IS INSTALLED INCORRECTLY.",,2-1-I7
increase,n,Non-STE (not approved),,,INCREASE (v),INCREASE (v),,THE TEMPERATURE MUST INCREASE.,There must be an increase in temperature.,2-1-I8
INCREASE,v,STE (approved),"INCREASES, INCREASED, INCREASED",To make or become larger or higher in value,,To make or become larger or higher in value,,INCREASE THE VANE ANGLE TO 90 DEGREES. | MAKE SURE THAT THE TEMPERATURE INCREASES TO 30 °C.,,2-1-I8
INCREMENT,n,STE (approved),,"One of a sequence of regular operations done one after the other, to increase or decrease an adjustable quantity",,"One of a sequence of regular operations done one after the other, to increase or decrease an adjustable quantity",,ADJUST THE STOP BOLT IN INCREMENTS OF 5 mm.,,2-1-I8
incur,v,Non-STE (not approved),,,CAUSE (v),CAUSE (v),,REMOVAL OF THE UNIT BEFORE 24 HOURS CAN CAUSE DAMAGE.,Removal of the unit before 24 hours can incur damage.,2-1-I8
independent,adj,Non-STE (not approved),,,INDEPENDENTLY (adv),INDEPENDENTLY (adv),,THIS UNIT OPERATES INDEPENDENTLY.,The operation of this unit is independent.,2-1-I8
INDEPENDENTLY,adv,STE (approved),,Without a relation with,,Without a relation with,,THE EMERGENCY SYSTEM IS CONTROLLED INDEPENDENTLY.,,2-1-I8
indicate,v,Non-STE (not approved),,,SHOW (v) | IDENTIFY (v) | SPECIFIED (adj),SHOW (v) IDENTIFY (v) SPECIFIED (adj),,"THE POINTER SHOWS ZERO FEET. | A 406 MHz DIGITAL SIGNAL IDENTIFIES THE EMERGENCY LOCATOR TRANSMITTER AND ITS LOCATION. | IF TOLERANCES ARE NOT SPECIFIED, REFER TO GENERAL TOLERANCE VALUES.","The pointer indicates zero feet. | A 406 MHz digital signal indicates the emergency locator transmitter and its location. | If tolerances are not indicated, refer to general tolerance values.",2-1-I8
INDICATION,n,STE (approved),,Something that is shown,,Something that is shown,,MAKE SURE THAT THE INDICATION IS CORRECT.,,2-1-I8
induce,v,Non-STE (not approved),,,CAUSE (v),CAUSE (v),,SCRATCHES IN THE WINDSCREEN CAN CAUSE CRACKS.,Scratches in the windscreen may induce cracks.,2-1-I8
ineffective,adj,Non-STE (not approved),,,UNSERVICEABLE (adj) | UNSATISFACTORY (adj) | NOT OPERATE,UNSERVICEABLE (adj) UNSATISFACTORY (adj) NOT OPERATE,,"IF THE PUMP IS UNSERVICEABLE, REPLACE IT. | IF THE OPERATION OF THE PUMP IS UNSATISFACTORY, REPLACE IT. | IF THE PUMP DOES NOT OPERATE CORRECTLY, REPLACE IT.","If the pump is ineffective, replace it. | If the operation of the pump is ineffective, replace it. | If the pump is ineffective, replace it.",2-1-I9
inflammable,adj,Non-STE (not approved),,,FLAMMABLE (adj),FLAMMABLE (adj),,SOLVENT IS VERY FLAMMABLE.,Solvent is highly inflammable.,2-1-I9
INFLATE,v,STE (approved),"INFLATES, INFLATED, INFLATED",To make or become larger as a result of pressurization by a gas,,To make or become larger as a result of pressurization by a gas,,"INFLATE THE TIRES WITH NITROGEN. | OPERATION OF THE HANDLE RELEASES THE GAS, AND THE SLIDE-RAFT INFLATES.",,2-1-I9
inform,v,Non-STE (not approved),,,TELL (v),TELL (v),,TELL THE MANUFACTURER ABOUT THE PROBLEM.,Inform the manufacturer about the problem.,2-1-I9
INFORMATION,n,STE (approved),,Data collected and made available for a specified function,,Data collected and made available for a specified function,,THIS MANUAL CONTAINS INFORMATION ABOUT MAINTENANCE PROCEDURES.,,2-1-I9
ingest,v,Non-STE (not approved),,,SWALLOW (v),SWALLOW (v),,"IF YOU SWALLOW HYDRAULIC FLUID, GET MEDICAL AID IMMEDIATELY.","If you ingest hydraulic fluid, get medical aid immediately.",2-1-I9
ingress,n,Non-STE (not approved),,,GO INTO,GO INTO,,"IF WATER GOES INTO THE COMPONENT, DAMAGE WILL OCCUR.",Water ingress will damage the component.,2-1-I9
inhale,v,Non-STE (not approved),,,BREATHE (v),BREATHE (v),,DO NOT BREATHE THE SOLVENT FUMES.,Do not inhale the solvent fumes.,2-1-I10
inhibit,v,Non-STE (not approved),,,PREVENT (v),PREVENT (v),,ALODINE PREVENTS CORROSION.,Alodine inhibits corrosion.,2-1-I10
INITIAL,adj,STE (approved),,That is related to the start,,That is related to the start,,MOVE THE LEVER BACK TO ITS INITIAL POSITION.,,2-1-I10
INITIALLY,adv,STE (approved),,At the start,,At the start,,"INITIALLY, THE SPEED INCREASES TO 3000 RPM.",,2-1-I10
initiate,v,Non-STE (not approved),,,START (v),START (v),,START THE TEST AT 2000 RPM.,Initiate the test at 2000 rpm.,2-1-I10
inject,v,Non-STE (not approved),,,PUT (v),PUT (v),,PUT OIL INTO THE GEARBOX WITH A SYRINGE.,Inject oil into the gearbox with a syringe.,2-1-I10
injection,n,Non-STE (not approved),,,PUT (v),PUT (v),,PUT THE CORROSION PREVENTIVE OIL INTO THE PUMP WITH A SYRINGE.,The injection of the corrosion preventive oil into the pump must be done with a syringe.,2-1-I10
injure,v,Non-STE (not approved),,,INJURY (n),INJURY (n),,MAKE SURE THAT THE END OF THE SAFETY WIRE WILL NOT CAUSE INJURY TO PERSONS.,Make sure that the end of the safety wire will not injure persons.,2-1-I10
INJURY,n,STE (approved),,Damage to a person,,Damage to a person,,BEND THE ENDS OF THE LOCKING WIRE TO PREVENT INJURY.,,2-1-I10
INNER,adj,STE (approved),,Nearer to the center of an object,,Nearer to the center of an object,,THE INNER SURFACE OF THE PART IS BLACK.,,2-1-I10
inoperative,adj,Non-STE (not approved),,,OFF (adj) | NOT OPERATE,OFF (adj) NOT OPERATE,,"BEFORE YOU DRAIN THE FUEL, MAKE SURE THAT THE SYSTEM IS OFF. | MAKE SURE THAT THE DEMISTING SYSTEM DOES NOT OPERATE.","Before you drain the fuel, make sure that the system is inoperative. | Make sure that the demisting system is inoperative.",2-1-I10
INPUT,n,STE (approved),,"The data, power, or energy put into equipment or a system",,"The data, power, or energy put into equipment or a system",,THE UNIT COMPARES THE INPUTS FROM THE TWO SENSORS TO THE COMPUTER.,,2-1-I10
insert,v,Non-STE (not approved),,,PUT (v) | ENGAGE (v),PUT (v) ENGAGE (v),,PUT THE SLEEVE INTO THE OPENING. | MAKE SURE THAT THE SHAFT ENGAGES IN THE MATING PART.,Insert the sleeve into the opening. | Check that the shaft is inserted in the mating part.,2-1-I11
inside,adj,Non-STE (not approved),,,INNER (adj),INNER (adj),,CLEAN THE INNER SURFACE OF THE CONTAINER.,Clean the inside surface of the container.,2-1-I11
inside,n,Non-STE (not approved),,,INNER (adj),INNER (adj),,PAINT THE INNER SURFACE OF THE PUMP ASSEMBLY.,Paint the inside surface of the pump assembly.,2-1-I11
inside,prep,Non-STE (not approved),,,IN (prep) | INTO (prep),IN (prep) INTO (prep),,"THERE MUST BE LUBRICANT IN THE HOLE. | BEFORE YOU PUT THE TOOLS INTO THE STORAGE BOX, MAKE SURE THAT THEY HAVE THE NECESSARY PROTECTIVE COVERS.","There must be lubricant inside the hole. | Before you place the tools inside the storage box, make sure they have suitable protective covers.",2-1-I11
inspect,v,Non-STE (not approved),,,EXAMINE (v) | INSPECTION (n),EXAMINE (v) INSPECTION (n),,EXAMINE ALL THE DRAIN HOLES. | DO AN INSPECTION OF THE WORK.,Inspect all the drain holes. | Inspect the work.,2-1-I11
INSPECTION,n,STE (approved),,The procedure which compares an object with its standard or specification,,The procedure which compares an object with its standard or specification,,USE A VOLTMETER TO DO THIS INSPECTION.,,2-1-I11
INSTALL,v,STE (approved),"INSTALLS, INSTALLED, INSTALLED",To attach an item in or to a second item,,To attach an item in or to a second item,,INSTALL THE NEW O-RINGS ON THE SPINDLE.,,2-1-I11
INSTALLATION,n,STE (approved),,The procedure which installs an item,,The procedure which installs an item,,REFER TO PARAGRAPH 3 FOR THE INSTALLATION OF THE UNIT.,,2-1-I11
instead,adv,Non-STE (not approved),,,ALTERNATIVE (n),ALTERNATIVE (n),,USE A SPATULA AS AN ALTERNATIVE.,Use a spatula instead.,2-1-I11
instead of,prep,Non-STE (not approved),,,ALTERNATIVE (n),ALTERNATIVE (n),,YOU CAN USE A CLEAN PLASTIC BAG AS AN ALTERNATIVE TO THE SPECIFIED CONTAINER.,You can use a clean plastic bag instead of the specified container.,2-1-I12
INSTRUCTION,n,STE (approved),,A command that you must obey,,A command that you must obey,,"IF YOU DO NOT OBEY THIS INSTRUCTION, DAMAGE CAN OCCUR.",,2-1-I12
INSTRUMENT,n,STE (approved),,An item which measures and/or shows,,An item which measures and/or shows,,ALL THE INSTRUMENTS ARE ON THE LEFT QUARTER PANEL.,,2-1-I12
insufficient,adj,Non-STE (not approved),,,NOT SUFFICIENT,NOT SUFFICIENT,,"IF THIS STEP IS NOT SUFFICIENT TO STOP THE LEAKAGE, REPLACE THE ACTUATOR.","If this step is insufficient to stop the leakage, replace the actuator.",2-1-I12
INSULATION,n,STE (approved),,A material that helps to prevent the movement of energy,,A material that helps to prevent the movement of energy,,MAKE SURE THAT YOU DO NOT CAUSE DAMAGE TO THE INSULATION.,,2-1-I12
insure,v,Non-STE (not approved),,,MAKE SURE (v),MAKE SURE (v),,MAKE SURE THAT THE WORK BENCH IS CLEAN.,Insure that the work bench is clean.,2-1-I12
intact,adj,Non-STE (not approved),,,NOT DAMAGED,NOT DAMAGED,,MAKE SURE THAT THE WINDSCREEN IS NOT DAMAGED.,Make sure the windscreen is intact.,2-1-I12
integral,adj,Non-STE (not approved),,,PART (n),PART (n),,THE PIN IS A PART OF THE PUMP.,The pin is integral with the pump.,2-1-I12
INTENSITY,n,STE (approved),,"The quantity of strength, force, or energy",,"The quantity of strength, force, or energy",,OPERATE THE DIMMER SWITCH AND MAKE SURE THAT THE INTENSITY OF THE LIGHT CHANGES.,,2-1-I12
INTERCHANGE,v,STE (approved),"INTERCHANGES, INTERCHANGED, INTERCHANGED",To put or use each of two things in the place of the other without change,,To put or use each of two things in the place of the other without change,,INTERCHANGE THE No. | 1 AND No. | 2 COMPUTERS. | THEN DO THE TEST AGAIN.,,2-1-I12
INTERCHANGEABLE,adj,STE (approved),,That you can interchange,,That you can interchange,,RELAYS 2YG AND 8YG ARE FULLY INTERCHANGEABLE ITEMS.,,2-1-I13
interconnect,v,Non-STE (not approved),,,CONNECT (v),CONNECT (v),,THE PIPES CONNECT SYSTEM A TO SYSTEM B.,The pipes interconnect system A and system B.,2-1-I13
INTERFACE,n,STE (approved),,The connection between two systems or components,,The connection between two systems or components,,CLEAN THE INTERFACE BETWEEN THE COMPUTER AND THE SENSOR.,,2-1-I13
interfere,v,Non-STE (not approved),,,HIT (v) | CATCH (v) | TOUCH (v) | INTERFERENCE (TN),HIT (v) CATCH (v) TOUCH (v) INTERFERENCE (TN),,"IF YOU INSTALL THE UPPER DRAG STRUT WITH THE HEAD DOWN, IT WILL HIT THE LOWER DRAG STRUT DURING RETRACTION. | MAKE SURE THAT THE RODS CANNOT CATCH ON THE FLAPS. | IF THE BRACKET TOUCHES THE PLATE, REMOVE THE UNWANTED MATERIAL WITH A FILE. | MAKE SURE THAT THERE IS NO INTERFERENCE BETWEEN THE RADAR AND THE TACTICAL AIR NAVIGATION SYSTEM (TACAN).","Placing the upper drag strut upside down makes it interfere with the lower drag strut. | Make sure the rods cannot interfere with the flaps. | Should the bracket interfere with the plate, remove surplus material with a file. | Ensure that the radar does not interfere with the Tactical Air Navigation System (TACAN).",2-1-I13
interference,n,Non-STE (not approved),,,HIT (v) | CATCH (v) | TOUCH (v),HIT (v) CATCH (v) TOUCH (v),This word can be a technical noun or part of a technical noun.,"IF YOU INSTALL THE UPPER DRAG STRUT WITH THE HEAD DOWN, IT WILL HIT THE LOWER DRAG STRUT DURING RETRACTION. | MAKE SURE THAT THE RODS CANNOT CATCH ON THE FLAPS. | MAKE SURE THAT THE LOCKING WIRE DOES NOT TOUCH THE LEVER. | MAKE SURE THAT YOU DO NOT HEAR INTERFERENCE IN THE 400 Hz BAND. | INTERFERENCE BOLTS ATTACH THE STRAP AND THE BOTTOM SKIN PANEL TO THE TRIFORM MEMBER.",Placing the upper drag strut upside down causes interference with the lower drag strut. | Make sure that there is no interference between the rods and the flaps. | Ensure that there is no interference between the locking wire and the lever.,2-1-I14
interior,n,Non-STE (not approved),,,INTERNALLY (adv) | INTERNAL (adj),INTERNALLY (adv) INTERNAL (adj),,EXAMINE THE TANK INTERNALLY. | APPLY A SMALL QUANTITY OF LUBRICANT TO THE INTERNAL SIDE OF THE VALVE HOUSING.,Examine the interior of the tank. | Apply a small quantity of lubricant to the interior of the valve housing.,2-1-I14
intermediate,adj,Non-STE (not approved),,,MIDDLE (adj) | BETWEEN (prep),MIDDLE (adj) BETWEEN (prep),Give the limits.,"PUT THE LEVER IN THE MIDDLE POSITION. | WHEN THE INPUT LEVER IS BETWEEN 5 AND 10 mm, MEASURE THE PISTON EXTENSION.","Put the lever in intermediate position. | When the input lever is in an intermediate position, measure the piston extension.",2-1-I14
INTERMITTENT,adj,STE (approved),,"That stops and starts again, not continuous",,"That stops and starts again, not continuous",,THIS CAUSES INTERMITTENT OPERATION OF THE WARNING LIGHTS.,,2-1-I15
INTERMITTENTLY,adv,STE (approved),,In an intermittent manner,,In an intermittent manner,,THE LIGHT COMES ON INTERMITTENTLY.,,2-1-I15
INTERNAL,adj,STE (approved),,"Of, or on, the inner side and inner space",,"Of, or on, the inner side and inner space",,MAKE SURE THAT FUEL COMES OUT OF THE INTERNAL EJECTORS.,,2-1-I15
INTERNALLY,adv,STE (approved),,"Of, or on, the inner side and inner space",,"Of, or on, the inner side and inner space",,USE A BORESCOPE TO EXAMINE THE COMBUSTOR INTERNALLY.,,2-1-I15
interrupt,v,Non-STE (not approved),,,STOP (v),STOP (v),,DO NOT STOP THE TEST.,Do not interrupt the test.,2-1-I15
intersect,v,Non-STE (not approved),,,INTERSECTION (TN),INTERSECTION (TN),,DRILL A HOLE AT THE INTERSECTION OF THE TWO LINES.,Drill a hole where the two lines intersect.,2-1-I15
INTERVAL,n,STE (approved),,A distance or gap between two points in space or time,,A distance or gap between two points in space or time,,DO THE TEST AT FIVE-MINUTE INTERVALS.,,2-1-I15
INTO,prep,STE (approved),,"1. Movement to something and access to it 2. Function word that shows change, condition, result",,"1. Movement to something and access to it 2. Function word that shows change, condition, result",,"IF AN OBJECT FALLS INTO THE OPENING, DAMAGE TO THE ENGINE CAN OCCUR. | THE PARTS OF THE STRUCTURE ARE DIVIDED INTO THREE GROUPS.",,2-1-I15
investigate,v,Non-STE (not approved),,,INVESTIGATION (n),INVESTIGATION (n),,DO AN INVESTIGATION TO FIND THE CAUSE OF THE FUEL LEAKAGE.,Investigate the cause of the fuel leakage.,2-1-I15
INVESTIGATION,n,STE (approved),,An official and accurate inquiry or research,,An official and accurate inquiry or research,,THE TASK TEAM STARTED THE INVESTIGATION TO FIND THE CAUSE OF THE ACCIDENT.,,2-1-I15
inward,adj,Non-STE (not approved),,,INNER (adj),INNER (adj),,MEASURE THE INNER DIAMETER OF THE HOLE.,Measure the inward diameter of the hole.,2-1-I16
inward,adv,Non-STE (not approved),,,IN (adv),IN (adv),,MOVE THE DOOR IN AND REARWARD.,Move the door inward and rearward.,2-1-I16
IRREGULAR,adj,STE (approved),,Not regular,,Not regular,,"IF THE SIGNALS ARE IRREGULAR, REPLACE THE UNIT.",,2-1-I16
irregularity,n,Non-STE (not approved),,,DAMAGE (n) | DEFECT (TN) | IRREGULAR (adj) | UNUSUAL (adj),DAMAGE (n) DEFECT (TN) IRREGULAR (adj) UNUSUAL (adj),,"THERE MUST BE NO DAMAGE TO THE SURFACE FINISH. | THERE MUST BE NO DEFECTS IN THE SURFACE FINISH. | IF YOU GET IRREGULAR RESULTS, DO THE TEST AGAIN. | IF YOU GET UNUSUAL RESULTS, DO THE TEST AGAIN.","There must be no irregularities in the surface finish. | There must be no irregularities in the surface finish. | If you get irregularities in the results, do the test again. | If you get irregularities in the results, do the test again.",2-1-I16
IRREGULARLY,adv,STE (approved),,Not regularly,,Not regularly,,"IF THE UNIT RECEIVES THE SIGNALS IRREGULARLY, REPLACE IT.",,2-1-I16
ISOLATE,v,STE (approved),"ISOLATES, ISOLATED, ISOLATED",To prevent a supply or connection to,,To prevent a supply or connection to,,ISOLATE THE ELECTRICAL POWER SUPPLY.,,2-1-I16
isolation,n,Non-STE (not approved),,,ISOLATE (v),ISOLATE (v),,ISOLATE SYSTEM No. | 1 TO DO THE LEAKAGE CHECKS.,Isolation of system No. | 1 is necessary to do the leakage checks.,2-1-I16
IT,pron,STE (approved),,1. That refers to a thing that was previously mentioned 2. That refers to an explicit or implicit state of affairs or circumstances,,1. That refers to a thing that was previously mentioned 2. That refers to an explicit or implicit state of affairs or circumstances,,CAREFULLY MOVE THE DEFLECTOR UNIT DOWN UNTIL IT ENGAGES. | IT IS IMPORTANT TO DO THIS ADJUSTMENT CORRECTLY.,,2-1-I16
ITEM,n,STE (approved),,A thing that is determined or specified,,A thing that is determined or specified,,LUBRICATE THESE ITEMS WITH GREASE.,,2-1-I16
ITS,adj,STE (approved),,Belonging to a thing,,Belonging to a thing,,REMOVE THE UNIT AND ITS WIRING.,,2-1-I16
jack,v,Non-STE (not approved),,,JACK (TN),JACK (TN),,DO NOT LIFT THE AIRCRAFT ON JACKS IF THE WIND SPEED IS MORE THAN 20 MPH.,Do not jack the aircraft if the wind speed exceeds 20 mph.,2-1-J1
jam,v,Non-STE (not approved),,,FREELY (adv),FREELY (adv),,MAKE SURE THAT THE VALVE SPINDLE MOVES FREELY.,Check that the valve spindle does not bind or jam.,2-1-J1
job,n,Non-STE (not approved),,,WORK (n) | TASK (n),WORK (n) TASK (n),,DO THIS WORK IN A CLEAN AREA. | DO THIS TASK IN A CLEAN AREA.,Do this job in a clean area. | Do this job in a clean area.,2-1-J1
join,v,Non-STE (not approved),,,BOND (v) | ATTACH (v) | CONNECT (v),BOND (v) ATTACH (v) CONNECT (v),,USE ADHESIVE No. | 35 TO BOND METAL TO METAL. | ATTACH SMOKE DETECTOR 1 TO SMOKE DETECTOR 2. | CONNECT THE HOSE TO THE PIPE WITH A CLIP.,Use adhesive No. | 35 to join metal to metal. | Join smoke detectors 1 and 2. | Join the hose to the pipe with a clip.,2-1-J1
JOINT,n,STE (approved),,The area at which two surfaces or edges touch or are attached,,The area at which two surfaces or edges touch or are attached,,SEAL THE JOINT WITH SEALING COMPOUND.,,2-1-J1
just,adv,Non-STE (not approved),,,IMMEDIATELY (adv),IMMEDIATELY (adv),,KEEP THE RING IMMEDIATELY ABOVE THE JACK COLLARS. | Blank Page,Keep the ring just above the jack collars.,2-1-J1
KEEP,v,STE (approved),"KEEPS, KEPT, KEPT",To continue to have or hold,,To continue to have or hold,,KEEP THE COMPOUND IN A CLOSED CONTAINER.,,2-1-K1
key,v,Non-STE (not approved),,,REFER (v) | KEY (TN),REFER (v) KEY (TN),,THE ILLUSTRATION REFERS TO EACH STEP. | INSTALL THE KEY BETWEEN THE PULLEY AND THE SHAFT.,The illustration will be keyed to each of the steps. | The pulley must be keyed to the shaft.,2-1-K1
KILL,v,STE (approved),"KILLS, KILLED, KILLED",To cause death,,To cause death,,HIGH VOLTAGES CAN KILL YOU.,,2-1-K1
kind,n,Non-STE (not approved),,,TYPE (n),TYPE (n),,YOU CAN USE TWO TYPES OF SEALING COMPOUND.,Two kinds of sealing compound can be used.,2-1-K1
kink,v,Non-STE (not approved),,,KINK (TN),KINK (TN),,DO NOT MAKE KINKS IN THE CABLES.,Do not kink the cables.,2-1-K1
knock,v,Non-STE (not approved),,,HIT (v),HIT (v),,HIT THE CLAMP ON THE RIGHT SIDE WITH A HAMMER.,Knock the clamp on the right side with a hammer.,2-1-K1
KNOW,v,STE (approved),"KNOWS, KNEW, KNOWN","To be sure of data, to have data ready to use",,"To be sure of data, to have data ready to use",,"IF YOU KNOW THE CLEARANCE, YOU CAN CALCULATE THE THICKNESS OF THE WASHER. | Blank Page",,2-1-K1
label,v,Non-STE (not approved),,,IDENTIFY (v) | LABEL (TN),IDENTIFY (v) LABEL (TN),,IDENTIFY THE COMPONENT WITH A CODE TO HELP YOU INSTALL IT AGAIN CORRECTLY. | PUT A LABEL ON THE RELAY ASSEMBLY.,Label the component with a code to help you install it again correctly. | Label the relay assembly.,2-1-L1
lack,n,Non-STE (not approved),,,NOT SUFFICIENT,NOT SUFFICIENT,,DAMAGE CAN OCCUR TO THE PUMP IF THERE IS NOT SUFFICIENT OIL IN THE RESERVOIR.,Damage can occur to the pump if there is a lack of oil in the reservoir.,2-1-L1
LAMINATED,adj,STE (approved),,Made of laminations,,Made of laminations,,THIS PANEL IS MADE OF LAMINATED CARBON FIBER.,,2-1-L1
LAMINATION,n,STE (approved),,Layers of one or more materials bonded together,,Layers of one or more materials bonded together,,"IF THE LAMINATION IS DAMAGED, REPLACE THE PANEL.",,2-1-L1
land,v,Non-STE (not approved),,,LANDING (TN),LANDING (TN),,"AFTER A HEAVY LANDING, DO THE HEAVY LANDING INSPECTION.","If the aircraft landed heavily, do the Heavy Landing Inspection.",2-1-L1
LARGE,adj,STE (approved),"LARGER, LARGEST","More than average in dimension, quantity, or capacity",,"More than average in dimension, quantity, or capacity",,CLEAN YOUR SKIN WITH A LARGE QUANTITY OF CLEAN WATER.,,2-1-L1
LAST,adj,STE (approved),,That comes at the end,,That comes at the end,,"IMMEDIATELY AFTER THE LAST FLIGHT OF THE DAY, INSTALL ALL COVERS.",,2-1-L1
LAST,adv,STE (approved),,After other persons or things,,After other persons or things,,FILL THE OUTER TANKS LAST.,,2-1-L1
last,v,Non-STE (not approved),,,CONTINUE (v),CONTINUE (v),,THE SIGNALS CONTINUE FOR 0.8 SECONDS.,The signals last 0.8 seconds.,2-1-L1
LATCH,v,STE (approved),"LATCHES, LATCHED, LATCHED",To hold something in position with a latching device,,To hold something in position with a latching device,,MAKE SURE THAT YOU LATCH THE DOOR CORRECTLY. | MAKE SURE THAT THE DOOR LATCHES CORRECTLY.,,2-1-L1
later,adj,Non-STE (not approved),,,SUBSEQUENT (adj) | THEN (adv),SUBSEQUENT (adj) THEN (adv),,"A SUBSEQUENT REPAIR WILL BE FOR THE NEW CONFIGURATION. | DO THIS STEP FIRST. | THEN, DISCONNECT THE CABLES.","A later repair will be for the new configuration. | Do this step first. | At a later time, disconnect the cables.",2-1-L2
later,adv,Non-STE (not approved),,,SUBSEQUENTLY (adv) | WHEN (conj) | AFTER (prep),SUBSEQUENTLY (adv) WHEN (conj) AFTER (prep),"If it is possible, give the condition or time.",MAKE SURE THAT THE TOOL IS SUBSEQUENTLY AVAILABLE FOR THE INSTALLATION PROCEDURE. | DO STEPS (3) THRU (5). | DO STEP (6) WHEN THE AILERON MOVEMENT STOPS. | THE BAR MOVES DOWN AFTER 20 SECONDS.,Make sure that the tool is available later for the installation procedure. | Do steps (3) to (5). | Do step (6) later. | The bar moves down later.,2-1-L2
LATERAL,adj,STE (approved),,Related to or on the side,,Related to or on the side,,ADJUST THE LATERAL LEVEL.,,2-1-L2
LATERALLY,adv,STE (approved),,In a lateral direction,,In a lateral direction,,"PUSH THE UNIT OUT, AND THEN MOVE IT LATERALLY.",,2-1-L2
lay,v,Non-STE (not approved),,,PUT (v),PUT (v),,PUT COVERS ON THE FLOOR.,Lay covers on the floor.,2-1-L2
LAYER,n,STE (approved),,"A material applied to a surface or put on, or below, a second material",,"A material applied to a surface or put on, or below, a second material",,APPLY A THIN LAYER OF SEALING COMPOUND ON THE BARE METAL.,,2-1-L2
lead,v,Non-STE (not approved),,,PUT (v),PUT (v),,PUT THE TELEFLEX CABLE THROUGH THE BULKHEAD.,Lead the Teleflex cable through the bulkhead.,2-1-L2
LEAK,n,STE (approved),,"A crack, gap or hole which lets fluid or light go into or come out of something",,"A crack, gap or hole which lets fluid or light go into or come out of something",,EXAMINE THE SWIVEL COUPLINGS FOR LEAKS.,,2-1-L2
leak,v,Non-STE (not approved),,,LEAK (n),LEAK (n),,"IF THERE ARE LEAKS IN THE SYSTEM, REPAIR THEM.","If the system is leaking, repair it.",2-1-L3
LEAKAGE,n,STE (approved),,The quantity of material that goes through a leak,,The quantity of material that goes through a leak,,MEASURE THE LEAKAGE FROM THE OUTLET PORT.,,2-1-L3
least,adv,Non-STE (not approved),,,MINIMUM (adj),MINIMUM (adj),,REPAIR THE AREA WITH THE MINIMUM DAMAGE FIRST.,Repair the least damaged area first.,2-1-L3
least (at least),adv,Non-STE (not approved),,,MINIMUM (adj) | MINIMUM (n),MINIMUM (adj) MINIMUM (n),,THE MINIMUM TIME BETWEEN CHECKS IS TWO MINUTES. | DO STEPS 13 THRU 16 FOR A MINIMUM OF THREE TIMES.,The time between checks is at least two minutes. | Do steps 13 thru 16 at least three times.,2-1-L3
leave,v,Non-STE (not approved),,,KEEP (v) | LET .... STAY (v) | GO (v),KEEP (v) LET .... STAY (v) GO (v),,"KEEP THE VENT VALVES OPEN. | LET THE VENT VALVES STAY OPEN. | IF FUEL SPILLS ON THE GROUND, IMMEDIATELY GO TO A SAFE AREA.","Leave the vent valves open. | Leave the vent valves open. | If fuel spills on the ground, immediately leave the contaminated area.",2-1-L3
LEFT,adj,STE (approved),,On the west side when you look north,,On the west side when you look north,,INSTALL THE CONTROL PANEL IN THE LEFT CONSOLE.,,2-1-L3
left-hand,adj,Non-STE (not approved),,,LEFT (adj),LEFT (adj),,SET THE LEFT SWITCH TO “ON.”,Set the left-hand switch to ON.,2-1-L3
legible,adj,Non-STE (not approved),,,READ (v),READ (v),,MAKE SURE THAT YOU CAN READ THE IDENTIFICATION PLATES.,Make certain that the identification plates are legible.,2-1-L3
LENGTH,n,STE (approved),,1. The distance from one end to the other end 2. The longer or longest of the three dimensions of an object,,1. The distance from one end to the other end 2. The longer or longest of the three dimensions of an object,,MEASURE THE LENGTH OF THE JACK RAM. | THE DIMENSIONS OF THE UNIT ARE: - LENGTH 300 mm - WIDTH 90 mm - THICKNESS 60 mm.,,2-1-L3
lengthen,v,Non-STE (not approved),,,INCREASE (v),INCREASE (v),,DO NOT TRY TO INCREASE THE LENGTH OF THIS ROD.,Do not try to lengthen this rod.,2-1-L4
LESS,adj,STE (approved),,"Of smaller dimension, value, quantity, volume, or number",,"Of smaller dimension, value, quantity, volume, or number",No other forms of this adjective.,THE FLOW RATE MUST NOT BE LESS THAN 4.0 GPM.,,2-1-L4
LET,v,STE (approved),"LETS, LET",To give opportunity,,To give opportunity,No other verb forms.,LET THE ADHESIVE BECOME TACKY.,,2-1-L4
lethal,adj,Non-STE (not approved),,,KILL (v),KILL (v),,THE ELECTRICAL DISCHARGE FROM THESE POWER UNITS CAN KILL YOU.,The electrical discharge from these power units can be lethal.,2-1-L4
LEVEL,adj,STE (approved),,Horizontal to a known datum,,Horizontal to a known datum,,PARK THE VEHICLE ON LEVEL GROUND.,,2-1-L4
LEVEL,n,STE (approved),,"A horizontal line, plane, surface, or condition",,"A horizontal line, plane, surface, or condition",,FILL THE TANK TO THE CORRECT LEVEL (REFER TO FIG. | 105).,,2-1-L4
level,v,Non-STE (not approved),,,LEVEL (adj),LEVEL (adj),,MAKE THE AIRCRAFT LEVEL.,Level the aircraft.,2-1-L4
liberal,adj,Non-STE (not approved),,,LARGE (adj) | THICK (adj),LARGE (adj) THICK (adj),,CLEAN THE WINDOW WITH LARGE QUANTITIES OF WATER AND SOAP. | APPLY A THICK LAYER OF THE COMPOUND.,Clean the window with liberal quantities of water and soap. | Apply a liberal amount of the compound.,2-1-L4
liberally,adv,Non-STE (not approved),,,LARGE (adj) | THICK (adj),LARGE (adj) THICK (adj),,APPLY A LARGE QUANTITY OF THE SOLUTION. | APPLY A THICK LAYER OF THE COMPOUND.,Apply the solution liberally. | Apply the compound liberally.,2-1-L4
lie,v,Non-STE (not approved),,,BE (v),BE (v),,THE OTHER PART OF THE CLIP IS ALONG THE BARREL.,The other part of the clip lies along the barrel.,2-1-L4
LIFE,n,STE (approved),,The time during which you can use an item or object,,The time during which you can use an item or object,,THE LIFE OF THE CARTRIDGE IN THE FIRE EXTINGUISHER IS 3 YEARS.,,2-1-L5
LIFT,v,STE (approved),"LIFTS, LIFTED, LIFTED",To move something up,,To move something up,,LIFT THE COVER CAREFULLY.,,2-1-L5
LIGHT,adj,STE (approved),"LIGHTER, LIGHTEST","That has a small mass, weight, or force",THIN (adj) | SMALL (adj),"That has a small mass, weight, or force THIN (adj) SMALL (adj)","For other meanings, use:",APPLY A LIGHT FORCE ON THE RUDDER PEDALS. | APPLY A THIN LAYER OF SEALANT ON THE SEALING SURFACES OF THE CONTAINER. | APPLY A SMALL QUANTITY OF LUBRICANT ON THE MOVING PARTS.,Apply a light layer of sealant on the sealing surfaces of the container. | Apply a light quantity of lubricant on the moving parts.,2-1-L5
light,v,Non-STE (not approved),,,COME ON,COME ON,,MAKE SURE THAT THE FLUID INDICATOR LIGHT COMES ON.,Ensure that the fluid indicator light lights.,2-1-L5
LIGHTING,n,STE (approved),,That which gives light to,,That which gives light to,,A DIMMER UNIT CONTROLS THE PANEL LIGHTING.,,2-1-L5
LIGHTLY,adv,STE (approved),,In a light manner,,In a light manner,,LIGHTLY RUB THE DEFECTIVE AREA WITH WET ABRASIVE PAPER.,,2-1-L5
LIMIT,n,STE (approved),,"A specified maximum or minimum quantity, number, time, or distance",,"A specified maximum or minimum quantity, number, time, or distance",,"IF THE CLEARANCES ARE NOT IN THE LIMITS GIVEN IN FIG. | 4, REFER TO REPAIR SCHEME No. | 2.",,2-1-L5
limitation,n,Non-STE (not approved),,,LIMIT (n),LIMIT (n),,"WHEN YOU LIFT THE AIRCRAFT ON JACKS, KEEP THE CENTER OF GRAVITY BETWEEN THESE LIMITS:","When you lift the aircraft on jacks, observe these center of gravity limitations:",2-1-L6
limited,adj,Non-STE (not approved),,,SMALL (adj),SMALL (adj),,THERE IS ONLY A SMALL NUMBER OF REPAIRS THAT YOU CAN DO.,There is only a limited number of repairs that you can do.,2-1-L6
LINEAR,adj,STE (approved),,In a straight line,,In a straight line,,MAKE SURE THAT THE RESULTS ARE LINEAR.,,2-1-L6
LINEARLY,adv,STE (approved),,In a straight line,,In a straight line,,INCREASE THE PRESSURE LINEARLY.,,2-1-L6
link,v,Non-STE (not approved),,,CONNECT (v) | ATTACH (v),CONNECT (v) ATTACH (v),,CONNECT THE CABLES. | ATTACH THE HOIST TO THE POWER UNIT.,Link the cables. | Link the hoist to the power unit.,2-1-L6
LIQUID,adj,STE (approved),,That has the properties of a liquid,,That has the properties of a liquid,,"DURING SERVICING, LIQUID OXYGEN FLOWS THROUGH THE STABILIZING CONTAINER.",,2-1-L6
LIQUID,n,STE (approved),,A material that is not a gas or a solid,,A material that is not a gas or a solid,,THE CONVERTER CHANGES THE LIQUID INTO A GAS.,,2-1-L6
list,v,Non-STE (not approved),,,RECORD (v) | SHOW (v) | LIST (TN),RECORD (v) SHOW (v) LIST (TN),,RECORD THE TEST RESULTS. | TABLE 1 SHOWS ALTERNATIVE ADHESIVES THAT YOU CAN USE. | MAKE A LIST OF THE PART NUMBERS IN NUMERICAL SEQUENCE.,List the test results. | Table 1 lists alternative adhesives that you can use. | List the part numbers in numerical sequence.,2-1-L6
LISTEN,v,STE (approved),"LISTENS, LISTENED, LISTENED",To use your ears to hear or find,,To use your ears to hear or find,,LISTEN FOR THE SIGNAL.,,2-1-L6
little,adj,Non-STE (not approved),,,SMALL (adj) | SHORT (adj) | NOT SUFFICIENT,SMALL (adj) SHORT (adj) NOT SUFFICIENT,,"THE DIAMETER OF THE TUBE IS TOO SMALL. | INSTALL A SHORT LENGTH OF NEW TUBE. | IF THE PRESSURE IS NOT SUFFICIENT, THE TEST WILL STOP.","The diameter of the tube is too little. | Install a little length of new tube. | If the pressure is too little, the test will stop.",2-1-L7
little (a little),adj,Non-STE (not approved),,,SMALL QUANTITY,SMALL QUANTITY,,ADD A SMALL QUANTITY OF DISINFECTANT TO THE SOLUTION.,Add a little disinfectant to the solution.,2-1-L7
little (a little),adv,Non-STE (not approved),,,SMALL (adj),SMALL (adj),,"AFTER YOU REMOVE THE NUT, THE RIB CAN MOVE DOWN A SMALL DISTANCE.","After you remove the nut, the rib can move down a little.",2-1-L7
LIVE,adj,STE (approved),,That includes explosive material,ENERGIZE (v),That includes explosive material ENERGIZE (v),"For electrical systems, use:",SOME MAINTENANCE TASKS ARE NOT PERMITTED ON AIRCRAFT THAT HAVE LIVE AMMUNITION. | THE SYSTEM IS ENERGIZED.,The system has live electrical power.,2-1-L7
load,v,Non-STE (not approved),,,INSTALL (v) | LOAD (TN),INSTALL (v) LOAD (TN),,INSTALL THE SPRING IN THE CARTRIDGE. | PUT THE LOAD ON THE SPRING BALANCE.,Load the spring in the cartridge. | Load the spring balance.,2-1-L7
LOCAL,adj,STE (approved),,Applicable to a given location or position,,Applicable to a given location or position,,SET THE “LAT” KNOB TO THE LOCAL LATITUDE.,,2-1-L7
LOCALLY,adv,STE (approved),,Applicable to a given location or position,,Applicable to a given location or position,,YOU CAN ALSO DO THIS TEST WITH A LOCALLY MADE TOOL.,,2-1-L7
locate,v,Non-STE (not approved),,,FIND (v) | ENGAGE (v) | PUT (v),FIND (v) ENGAGE (v) PUT (v),,USE TALCUM POWDER TO FIND EXTERNAL LEAKS. | ENGAGE THE GEAR WHEEL ON THE SHAFT. | PUT THE CLAMP IN ITS CORRECT POSITION.,Use talcum powder to locate external leaks. | Locate the gear wheel on the shaft. | Locate the clamp in its correct position.,2-1-L8
LOCATION,n,STE (approved),,A place or site that you can find,,A place or site that you can find,,FIGURES 1 THRU 4 SHOW THE LOCATIONS OF THE WALKWAYS.,,2-1-L8
LOCK,v,STE (approved),"LOCKS, LOCKED, LOCKED","To attach something, or hold it in position with a locking device",,"To attach something, or hold it in position with a locking device",,"LOCK THE SWITCH. | AND REMOVE THE KEY. | BEFORE YOU CONTINUE, MAKE SURE THAT THE SWITCH LOCKS.",,2-1-L8
log,v,Non-STE (not approved),,,RECORD (v),RECORD (v),,RECORD THE COMPASS CORRECTIONS ON THE CARD.,Log the compass corrections on the card.,2-1-L8
LONG,adj,STE (approved),"LONGER, LONGEST","That has a specified or large length, or a specified or large duration",,"That has a specified or large length, or a specified or large duration",,"USE A TUBE WHICH IS 3.3 FEET LONG. | IF THE TUBE IS TOO SHORT, USE A LONGER ONE. | MAKE SURE THAT THE TEST SIGNAL IS NOT LONGER THAN 3 TONES.",,2-1-L8
long (as long as),conj,Non-STE (not approved),,,WHILE (conj),WHILE (conj),,"WHILE THE DC SUPPLY IS ON, THE FAN MUST OPERATE.","As long as the DC supply is ON, the fan must operate.",2-1-L8
long (no longer),adv,Non-STE (not approved),,,NOT... AT THIS TIME UNTIL...NOT,NOT... AT THIS TIME UNTIL...NOT,,THIS PROCEDURE IS NOT APPLICABLE AT THIS TIME. | ADJUST THE POTENTIOMETER UNTIL YOU DO NOT HEAR A HUM FROM THE LOUDSPEAKER.,This procedure is no longer applicable. | Adjust the potentiometer until the loudspeaker no longer hums.,2-1-L9
LONGITUDINAL,adj,STE (approved),,Related to the longitudinal axis,,Related to the longitudinal axis,,ADJUST THE LONGITUDINAL TRIM SYSTEM.,,2-1-L9
LONGITUDINALLY,adv,STE (approved),,In a longitudinal direction,,In a longitudinal direction,,MOVE THE STAND LONGITUDINALLY.,,2-1-L9
LOOK,v,STE (approved),"LOOKS, LOOKED, LOOKED",To use your eyes to see or find,,To use your eyes to see or find,,LOOK THROUGH THE INSPECTION WINDOW.,,2-1-L9
LOOP,n,STE (approved),,A circular shape made in a flexible material,,A circular shape made in a flexible material,,MAKE A LOOP OF WIRE AROUND THE UNIT.,,2-1-L9
loop,v,Non-STE (not approved),,,LOOP (n),LOOP (n),,MAKE A LOOP OF WIRE AROUND THE UNIT.,Loop the wire around the unit.,2-1-L9
LOOSE,adj,STE (approved),,"1. On, in, but not attached 2. Not tight",TENSION (TN),"1. On, in, but not attached 2. Not tight TENSION (TN)","For other meanings, use:","MAKE SURE THAT YOU REMOVE ALL TOOLS, EQUIPMENT, AND LOOSE OBJECTS FROM THE AIR INTAKE. | DO A CHECK FOR LOOSE FASTENERS. | MAKE SURE THAT THERE IS TENSION IN THE CABLES.",Make sure that the cables are not loose.,2-1-L9
LOOSELY,adv,STE (approved),,Not tightly,,Not tightly,,MAKE SURE THAT THE PARTS ARE LOOSELY ASSEMBLED.,,2-1-L10
LOOSEN,v,STE (approved),"LOOSENS, LOOSENED, LOOSENED",To cause to be not tight,,To cause to be not tight,,LOOSEN THE SCREWS THAT ATTACH THE CLAMP TO THE SUPPORT.,,2-1-L10
lose,v,Non-STE (not approved),,,DECREASE (v),DECREASE (v),,THE EFFECT OF THE SOLVENT DECREASES QUICKLY.,The solvent loses its effectiveness quickly.,2-1-L10
lost,adj,Non-STE (not approved),,,DECREASE (v) | NOT FIND,DECREASE (v) NOT FIND,,"IF THE PRESSURE DECREASES QUICKLY, THE SHEAR PINS IN THE LATCH WILL BREAK. | IT IS POSSIBLE THAT YOU CANNOT FIND THE RUBBER BUSHINGS.","If the pressure is lost rapidly, the shear pins in the latch will break. | The rubber bushings may be lost.",2-1-L10
LOW,adj,STE (approved),"LOWER, LOWEST",That is of small value,,That is of small value,,THE SWITCH SENSES LOW PRESSURE IN THE DISTRIBUTION CIRCUIT.,,2-1-L10
LOWER,v,STE (approved),"LOWERS, LOWERED, LOWERED",To move something down,,To move something down,,LOWER THE ANTENNA TO GET ACCESS TO THE CABLE CONNECTOR.,,2-1-L10
lowermost,adj,Non-STE (not approved),,,BOTTOM (adj),BOTTOM (adj),,THE BOTTOM MARK ON THE BOARD IS RED.,The lowermost mark on the board is red.,2-1-L10
LUBRICATE,v,STE (approved),"LUBRICATES, LUBRICATED, LUBRICATED",To apply lubricant,,To apply lubricant,,LUBRICATE THE O-RINGS WITH HYDRAULIC FLUID.,,2-1-L10
lukewarm,adj,Non-STE (not approved),,,WARM (adj),WARM (adj),,SOAK THE AREA WITH WARM WATER.,Soak the area with lukewarm water.,2-1-L10
MAGNETIC,adj,STE (approved),,Related to the properties of a magnet,,Related to the properties of a magnet,,REMOVE THE MAGNETIC DRAIN PLUG FROM THE OIL RESERVOIR.,,2-1-M1
MAGNETICALLY,adv,STE (approved),,In a magnetic manner,,In a magnetic manner,,THE DOOR CLOSES MAGNETICALLY AND LOCKS.,,2-1-M1
main,adj,Non-STE (not approved),,,PRIMARY (adj),PRIMARY (adj),,THE PRIMARY CAUSE OF VALVE FAILURE IS CONTAMINATION OF THE FLUID.,The main cause of valve failure is contamination of the fluid.,2-1-M1
maintain,v,Non-STE (not approved),,,KEEP (v) | HOLD (v) | MAINTENANCE (n),KEEP (v) HOLD (v) MAINTENANCE (n),,"KEEP THE FLUID TEMPERATURE AT 70 °F. | TURN THE ROTATING TUBE 75 DEGREES. | THEN, HOLD THE TUBE IN THIS POSITION. | DO MAINTENANCE ON THE WATER SUPPLY SYSTEM.",Maintain the fluid temperature at 70 °F. | Turn the rotating tube 75 degrees. | Then maintain the tube in this position. | Maintain the water supply system.,2-1-M1
MAINTENANCE,n,STE (approved),,The servicing and/or the repair of something to keep it in the correct condition,,The servicing and/or the repair of something to keep it in the correct condition,,"DURING MAINTENANCE, OBEY ALL SAFETY PROCEDURES.",,2-1-M1
major,adj,Non-STE (not approved),,,PRIMARY (adj),PRIMARY (adj),,THE PRIMARY FUNCTION OF THE POWER UNIT IS TO SUPPLY ELECTRICAL POWER.,The major function of the power unit is to supply electrical power.,2-1-M1
MAKE,v,STE (approved),"MAKES, MADE, MADE","To manufacture, to cause to occur or to become",,"To manufacture, to cause to occur or to become",,MAKE A RECESS FOR THE STUDS OF 5 mm. | MAKE THE CLOTH MOIST WITH WATER. | TILT THE FITTING TO MAKE THE BARREL NUT FALL OUT OF IT.,,2-1-M2
make certain,v,Non-STE (not approved),,,MAKE SURE (v),MAKE SURE (v),,MAKE SURE THAT THE VALVE IS OPEN.,Make certain that the valve is open.,2-1-M2
MAKE SURE,v,STE (approved),"MAKES SURE, MADE SURE, MADE SURE",To verify and/or do the necessary steps,,To verify and/or do the necessary steps,,MAKE SURE THAT NO LEAK DETECTION FLUID GOES INTO THE OXYGEN SYSTEM.,,2-1-M2
maladjusted,adj,Non-STE (not approved),,,INCORRECTLY ADJUSTED,INCORRECTLY ADJUSTED,,"IF THE WARNING LIGHT IS ON WHEN THE DOOR IS CLOSED, THE MICROSWITCH IS INCORRECTLY ADJUSTED.","If the warning light is on when the door is closed, the microswitch is maladjusted.",2-1-M2
MALFUNCTION,n,STE (approved),,Incorrect operation,,Incorrect operation,,REFER TO TABLE 104 TO CORRECT THE MALFUNCTION.,,2-1-M2
MANDATORY,adj,STE (approved),,"That which you must do, use, or obey",,"That which you must do, use, or obey","If you want to use this word in procedures, think about a necessary safety instruction.","THIS SERVICE BULLETIN IS MANDATORY. | BEFORE YOU GO INTO THE LABORATORY, PUT ON PROTECTIVE CLOTHING.",It is mandatory to wear protective clothing in the laboratory.,2-1-M2
manipulate,v,Non-STE (not approved),,,MOVE (v) | ADJUST (v),MOVE (v) ADJUST (v),,MOVE THE FLEXIBLE PIPE TO GET ACCESS TO THE BOTTOM BOLTS. | ADJUST THE FLEXIBLE PIPE TO GET ACCESS TO THE BOTTOM BOLTS.,Manipulate the flexible pipe to get access to the bottom bolts. | Manipulate the flexible pipe to get access to the bottom bolts.,2-1-M2
MANUAL,adj,STE (approved),,Operated with the hands,,Operated with the hands,,"IF THE AUTOMATIC CONTROLS DO NOT OPERATE, USE THE MANUAL PROCEDURE.",,2-1-M3
MANUAL,n,STE (approved),,A publication that gives data related to a special subject,,A publication that gives data related to a special subject,,THIS MANUAL GIVES PERFORMANCE DATA.,,2-1-M3
MANUALLY,adv,STE (approved),,With your hands,,With your hands,,MOVE THE LEVER MANUALLY.,,2-1-M3
manufacture,v,Non-STE (not approved),,,MAKE (v),MAKE (v),,YOU CAN MAKE THE CLEARING TOOL LOCALLY.,The clearing tool can be manufactured locally.,2-1-M3
MANY,adj,STE (approved),"MORE, MOST",Of a large number,,Of a large number,"If it is possible, give the range, number, or quantity.",CORROSION CAN HAVE MANY CAUSES.,,2-1-M3
MARK,n,STE (approved),,"Something that you make or is made to show an identification, location, or direction",,"Something that you make or is made to show an identification, location, or direction",,THE RED MARKS SHOW A MAXIMUM STEERING ANGLE OF 35 DEGREES.,,2-1-M3
mark,v,Non-STE (not approved),,,IDENTIFY (v) | MARK (n),IDENTIFY (v) MARK (n),,IDENTIFY THE COMPONENT WITH A CODE TO HELP YOU INSTALL IT AGAIN CORRECTLY. | PUT MARKS ON THE OUTER TUBE TO SHOW THE CLAMP LOCATIONS.,Mark the component with a code to help you install it again correctly. | Mark the clamp locations on the outer tube.,2-1-M3
mask,v,Non-STE (not approved),,,APPLY (v),APPLY (v),,APPLY MASKING TAPE TO THE TRANSPARENT PANEL.,Mask the transparent panel with masking tape.,2-1-M3
MASS,n,STE (approved),,The quantity of matter that is in an object and relates to its weight. The equivalent of inertia,,The quantity of matter that is in an object and relates to its weight. The equivalent of inertia,,STRUCTURAL OR EQUIPMENT MODIFICATIONS CAN CHANGE THE BASIC MASS AND THE CENTER-OF-GRAVITY COORDINATES.,,2-1-M3
match,v,Non-STE (not approved),,,ALIGN (v) | AGREE (v),ALIGN (v) AGREE (v),,FOLD THE GIRT ONTO THE CONTAINER UNTIL IT IS ALIGNED WITH THE VELCRO TAPE. | MAKE SURE THAT THE SEAL AGREES WITH THE SHAPE OF THE PANEL.,Fold the girt over the container so that the Velcro tape matches. | Ensure the seal matches the panel shape.,2-1-M4
mate,v,Non-STE (not approved),,,CONNECT (v) | ENGAGE (v) | TOGETHER (adv),CONNECT (v) ENGAGE (v) TOGETHER (adv),,CONNECT THE PLUG TO THE RECEPTACLE. | ENGAGE THE SPLINES ON THE SHAFT WITH THOSE IN THE GEARBOX. | PUT THE SMOOTH SURFACES TOGETHER.,Mate the plug to the receptacle. | Mate the splines on the shaft with those in the gearbox. | Mate the smooth surfaces.,2-1-M4
MATERIAL,n,STE (approved),,"A substance from which an item is made, or an item that is necessary to do a task.",,"A substance from which an item is made, or an item that is necessary to do a task.",,"BEFORE YOU INSTALL THE SEAL, REMOVE THE UNWANTED MATERIAL. | YOU CAN USE EQUIVALENT ALTERNATIVES FOR THESE MATERIALS.",,2-1-M4
MATING,adj,STE (approved),,Made to touch,,Made to touch,,APPLY GREASE ON THE MATING SURFACES OF THE STARTER GENERATOR.,,2-1-M4
MATT (or MATTE),adj,Non-STE (not approved),,,Not glossy,Not glossy,,APPLY MATT PAINT ON THE PANEL.,,2-1-M4
matter,n,Non-STE (not approved),,,MATERIAL (n),MATERIAL (n),,REMOVE THE GLOSSY MATERIAL FROM THE SURFACE OF THE BLADE.,Remove the glossy matter from the surface of the blade.,2-1-M4
MAXIMUM,adj,STE (approved),,"Related to the largest dimension, quantity, number, or value",,"Related to the largest dimension, quantity, number, or value",,THE MAXIMUM VALUE THAT THE VOLTMETER SHOWS IS 199.9 V.,,2-1-M4
MAXIMUM,n,STE (approved),,"The largest dimension, quantity, number, or value",,"The largest dimension, quantity, number, or value",,MOVE THE LEVER A MAXIMUM OF 45 DEG.,,2-1-M4
may,v,Non-STE (not approved),,,CAN (v) | POSSIBLY (adv),CAN (v) POSSIBLY (adv),,"IF YOU USE INCORRECT EQUIPMENT, YOU CAN CAUSE DAMAGE TO THE VANES. | IF YOU CANNOT ENGAGE THE ROD AND THE PISTON, THE LENGTH OF THE NEW ROD IS POSSIBLY INCORRECT.","The vanes may be damaged by using incorrect equipment. | If you cannot engage the rod and the piston, the length of the new rod may be incorrect.",2-1-M5
MEASURE,v,STE (approved),"MEASURES, MEASURED, MEASURED","To find the dimensions, capacity, or quantity of something",,"To find the dimensions, capacity, or quantity of something",,MEASURE THE LOAD.,,2-1-M5
MECHANICAL,adj,STE (approved),,Related to or operated with a mechanism,,Related to or operated with a mechanism,,THE STANDBY SYSTEM IS MECHANICAL.,,2-1-M5
MECHANICALLY,adv,STE (approved),,In a mechanical manner,,In a mechanical manner,,OPERATE THE HORIZONTAL STABILIZER MECHANICALLY.,,2-1-M5
MECHANISM,n,STE (approved),,An assembly of mechanical parts that are made to operate together,,An assembly of mechanical parts that are made to operate together,,USE WHITE SPIRIT TO CLEAN A HINGE MECHANISM THAT HAS A GREASE NIPPLE.,,2-1-M5
MEDICAL,adj,STE (approved),,Related to medicine,,Related to medicine,,"IF YOU GET HYDRAULIC FLUID IN YOUR EYES, FLUSH THEM WITH WATER AND GET MEDICAL AID.",,2-1-M5
medium,adj,Non-STE (not approved),,,MODERATE (adj),MODERATE (adj),,APPLY MODERATE PRESSURE.,A medium amount of pressure must be applied.,2-1-M5
meet,v,Non-STE (not approved),,,ENGAGE (v) | TOUCH (v),ENGAGE (v) TOUCH (v),,PUSH THE PIN IN UNTIL IT ENGAGES IN THE RETAINING CLIP. | THE ROD MUST TOUCH THE CENTER OF THE STRIP.,Push the pin in until it meets with the retaining clip. | The rod should meet the center of the strip.,2-1-M5
MELT,v,STE (approved),"MELTS, MELTED, MELTED",To change or to cause something to change from solid to liquid because of heat,,To change or to cause something to change from solid to liquid because of heat,,THE FUSIBLE PLUGS MUST MELT IN 20 SECONDS OR LESS. | DO NOT USE A FLAME TO MELT THE ICE.,,2-1-M6
mention,v,Non-STE (not approved),,,GIVE (v),GIVE (v),,THE REPAIR LIMITS ARE NOT GIVEN BECAUSE SPECIAL EQUIPMENT IS NECESSARY.,The repair limits are not mentioned as special equipment is required.,2-1-M6
mesh,v,Non-STE (not approved),,,ENGAGE (v),ENGAGE (v),,"IF THE GEARS DO NOT ENGAGE CORRECTLY, ADD A SHIM.","If the gears do not mesh correctly, add a shim.",2-1-M6
meteorological,adj,Non-STE (not approved),,,WEATHER (n),WEATHER (n),,DO THE TEST IN GOOD WEATHER.,Carry out the test in good meteorological conditions.,2-1-M6
METHOD,n,STE (approved),,A special type of procedure used to get a specified result,,A special type of procedure used to get a specified result,,THIS PROCEDURE GIVES TWO METHODS FOR THE TEMPORARY REPAIR OF THE WATER TUBES.,,2-1-M6
mid,adj,Non-STE (not approved),,,MIDDLE (adj),MIDDLE (adj),,PUT THE THROTTLE LEVER IN THE MIDDLE POSITION.,Place the throttle lever in mid position.,2-1-M6
MIDDLE,adj,STE (approved),,At a point that is between two other points,,At a point that is between two other points,,REMOVE THE MIDDLE BELLCRANK UNIT.,,2-1-M6
MIDDLE,n,STE (approved),,A point that is at or near the center,,A point that is at or near the center,,LIFT THE SEAT TO THE MIDDLE OF THE TRAVEL.,,2-1-M6
mild,adj,Non-STE (not approved),,,WEAK (adj),WEAK (adj),,USE A WEAK SOAP SOLUTION TO CLEAN THE SIDEWALL PANEL.,Use a mild soap solution to clean the sidewall panel.,2-1-M6
minimize,v,Non-STE (not approved),,,MINIMUM (n),MINIMUM (n),,USE A TRESTLE TO KEEP THE LOADS ON THE WING TO A MINIMUM.,Use a trestle to minimize the loads on the wing.,2-1-M6
MINIMUM,adj,STE (approved),,"Related to the smallest dimension, quantity, number, or value",,"Related to the smallest dimension, quantity, number, or value",,MAKE SURE THAT THE FLUID IN THE RESERVOIR IS ABOVE THE MINIMUM LEVEL.,,2-1-M7
MINIMUM,n,STE (approved),,"The smallest dimension, quantity, number, or value",,"The smallest dimension, quantity, number, or value",,LET THE PAINT DRY FOR A MINIMUM OF 1 HOUR.,,2-1-M7
minor,adj,Non-STE (not approved),,,SMALL (adj),SMALL (adj),,YOU CAN IGNORE SMALL DIFFERENCES IN TEMPERATURE.,Minor differences in temperature can be ignored.,2-1-M7
MINUS,prep,STE (approved),,With the subtraction of,,With the subtraction of,,"INCREASE THE PRESSURE IN THE SHOCK ABSORBER TO 85.5 bar, PLUS OR MINUS 2.7 bar.",,2-1-M7
miscellaneous,adj,Non-STE (not approved),,,OTHER (adj) | ALL (adj),OTHER (adj) ALL (adj),,REMOVE THE TOOLS AND THE OTHER RELATED ITEMS. | REMOVE ALL EQUIPMENT.,Remove the tools and the related miscellaneous items. | Remove miscellaneous equipment.,2-1-M7
misrigged,adj,Non-STE (not approved),,,INCORRECTLY ADJUSTED,INCORRECTLY ADJUSTED,,"IF THE MARKS ARE NOT ALIGNED, THE LINKAGE IS INCORRECTLY ADJUSTED.","If the marks are not aligned, the linkage is misrigged.",2-1-M7
MISSING,adj,STE (approved),,That is not there,,That is not there,,"IF SEALS ARE MISSING, INSTALL NEW SEALS.",,2-1-M7
mix,n,Non-STE (not approved),,,MIXTURE (n),MIXTURE (n),,THE POTLIFE OF THE MIXTURE IS APPROXIMATELY 4 HOURS.,The potlife of the mix is approximately 4 hours.,2-1-M7
MIX,v,STE (approved),"MIXES, MIXED, MIXED",1. To put together two or more materials to become one 2. To become combined,,1. To put together two or more materials to become one 2. To become combined,,"MIX THE COMPOUND. | IF FUEL AND WATER MIX, CONTAMINATION CAN OCCUR.",,2-1-M7
MIXTURE,n,STE (approved),,The result that you get when you mix materials,,The result that you get when you mix materials,,DO NOT USE THIS MIXTURE WHEN THE TEMPERATURE IS LESS THAN 15 °C.,,2-1-M7
MOBILE,adj,STE (approved),,That is made to move easily,,That is made to move easily,,CONNECT THE MOBILE GROUND POWER UNIT.,,2-1-M8
MODE,n,STE (approved),,A special condition of operation,,A special condition of operation,,MAKE SURE THAT THE “HEADING SELECT” MODE OPERATES.,,2-1-M8
MODERATE,adj,STE (approved),,Between low and high values,,Between low and high values,,APPLY A MODERATE LOAD ON THE BRAKE PEDALS.,,2-1-M8
MODERATELY,adv,STE (approved),,In a moderate manner,,In a moderate manner,,YOU CAN APPLY A SECOND LAYER WHEN THE SURFACE IS MODERATELY DRY.,,2-1-M8
modify,v,Non-STE (not approved),,,CHANGE (v) | MODIFICATION (TN),CHANGE (v) MODIFICATION (TN),,SERVICE BULLETIN No. | 105 CHANGES THE BOLTS THAT ATTACH THE POWER CONTROL UNIT. | THIS SERVICE BULLETIN GIVES INSTRUCTIONS TO DO A MODIFICATION OF THE OIL PUMP.,Service Bulletin No. | 105 modifies the power control unit attachment bolts. | This Service Bulletin gives instructions to modify the oil pump.,2-1-M8
MOIST,adj,STE (approved),,Moderately wet,,Moderately wet,,CLEAN THE PANEL WITH A MOIST CLOTH.,,2-1-M8
moisten,v,Non-STE (not approved),,,MOIST (adj),MOIST (adj),,MAKE THE CLOTH MOIST WITH SOLVENT.,Moisten the cloth with solvent.,2-1-M8
MOMENTARILY,adv,STE (approved),,For a short time,,For a short time,,STOP THE PUMP MOMENTARILY. | THEN START IT AGAIN.,,2-1-M8
momentary,adj,Non-STE (not approved),,,MOMENTARILY (adv),MOMENTARILY (adv),,MAKE SURE THAT THE SPEED INCREASES MOMENTARILY.,Check for momentary increase in speed.,2-1-M8
MONITOR,v,STE (approved),"MONITORS, MONITORED, MONITORED",To do a check at something for a period of time to find if there is a change,,To do a check at something for a period of time to find if there is a change,,MONITOR THE INDICATORS ON THE OVERHEAD PANEL. | HEAT SENSORS MONITOR THE AMBIENT TEMPERATURE.,,2-1-M8
MOOR,v,STE (approved),"MOORS, MOORED, MOORED",To hold something in position with ropes and cables,,To hold something in position with ropes and cables,,"IN BAD WEATHER CONDITIONS, MOOR THE BOAT.",,2-1-M9
MORE,adj,STE (approved),,A large quantity of,,A large quantity of,,ADD MORE SHIMS UNTIL YOU GET THE SPECIFIED CLEARANCE.,,2-1-M9
MORE,adv,STE (approved),,To a larger degree,,To a larger degree,,CORROSION CAN OCCUR MORE EASILY IN THIS AREA THAN IN OTHER AREAS.,,2-1-M9
MOST,adj,STE (approved),,To the largest quantity of,,To the largest quantity of,,MOST MANUFACTURERS RECOMMEND SYNTHETIC LUBRICANTS.,,2-1-M9
MOST,adv,STE (approved),,To the largest degree,,To the largest degree,,FAULT MESSAGES THAT SHOW IN RED ARE THE MOST IMPORTANT.,,2-1-M9
motion,n,Non-STE (not approved),,,MOVEMENT (n),MOVEMENT (n),,MAKE SURE THAT THE STABILIZER MOVEMENT CONTINUES.,Check that the stabilizer motion continues.,2-1-M9
motor,v,Non-STE (not approved),,,DRY-MOTOR (TV) WET-MOTOR (TV) | MOTORING (TN),DRY-MOTOR (TV) WET-MOTOR (TV) MOTORING (TN),,DRY-MOTOR THE ENGINE. | WET-MOTOR THE ENGINE. | DO A MOTORING PROCEDURE.,Motor the engine without fuel. | Motor the engine without ignition. | Motor the engine.,2-1-M9
mount,v,Non-STE (not approved),,,INSTALL (v) | ATTACH (v) | PUT (v),INSTALL (v) ATTACH (v) PUT (v),,INSTALL THE MANIFOLD. | ATTACH THE SEATS TO THE SEAT TRACKS. | PUT THE WHEEL ON THE AXLE.,Mount the manifold. | Mount the seats on the seat tracks. | Mount the wheel on the axle.,2-1-M9
MOVABLE,adj,STE (approved),,That can move if necessary,,That can move if necessary,,TURN THE MOVABLE HALF-COLLAR OF THE SUPPORT.,,2-1-M9
MOVE,v,STE (approved),"MOVES, MOVED, MOVED",To change or cause to change position or location,,To change or cause to change position or location,,MAKE SURE THAT THE POINTER MOVES FREELY. | MOVE THE VALVE UNTIL IT ALIGNS WITH THE ACTUATOR SHAFT.,,2-1-M10
MOVEMENT,n,STE (approved),,A change of position or location,,A change of position or location,,SUDDEN OPERATION OF THE GYRO CAN CAUSE UNWANTED MOVEMENT OF THE HORIZONTAL STABILIZER.,,2-1-M10
MUCH,adj,STE (approved),"MORE, MOST","Of relatively large dimension, value, quantity, or volume",,"Of relatively large dimension, value, quantity, or volume",,DO NOT APPLY TOO MUCH PRESSURE.,,2-1-M10
MUCH,adv,STE (approved),,To a great degree or extent,,To a great degree or extent,,BE CAREFUL THAT YOU DO NOT TURN THE INNER RACES TOO MUCH.,,2-1-M10
MULTIPLY,v,STE (approved),"MULTIPLIES, MULTIPLIED, MULTIPLIED",To use multiplication to get a result,INCREASE (v),To use multiplication to get a result INCREASE (v),"For other meanings, use:",MULTIPLY THE INDICATOR VALUE BY THE SCALE VALUE. | THE NUMBER OF CRACKS CAN INCREASE.,Cracks can multiply.,2-1-M10
MUST,v,STE (approved),,Auxiliary modal verb that shows obligation,,Auxiliary modal verb that shows obligation,,THE BAT 1 SWITCH MUST BE IN THE ON POSITION.,,2-1-M10
NAME,n,STE (approved),,The identification you give to a person or an object,,The identification you give to a person or an object,,PUSH THE BUTTON ADJACENT TO THE NAME OF THE SYSTEM. | WRITE YOUR NAME ON THE REGISTRATION FORM.,,2-1-N1
NEAR,adj,STE (approved),"NEARER, NEAREST",At or to a relatively short distance,,At or to a relatively short distance,,PUT THE SYRINGE ON THE NEAREST SURFACE OF THE EXAMINATION TABLE.,,2-1-N1
NEAR,prep,STE (approved),,Approaching in space or condition,,Approaching in space or condition,,BALANCE THE ELEVATOR NEAR ITS MAXIMUM LIMIT. | MAKE SURE THAT THE COMPUTER SCREEN IS NOT NEAR THE WINDOW.,,2-1-N1
nearly,adv,Non-STE (not approved),,,ALMOST (adv),ALMOST (adv),,MOVE THE POINTER UNTIL IT IS ALMOST IN THE GREEN BAND.,Move the pointer until nearly in the green band.,2-1-N1
NECESSARY,adj,STE (approved),,That must be,,That must be,,TWO HOURS ARE NECESSARY TO COMPLETE THE EXAM.,,2-1-N1
need,v,Non-STE (not approved),,,NECESSARY (adj),NECESSARY (adj),,"DURING THIS PROCEDURE, IT IS NOT NECESSARY TO REPLACE THE BACKING RINGS.",The backing rings do not need to be replaced during this procedure.,2-1-N1
neither,adj,Non-STE (not approved),,,TWO (TN) ... NOT,TWO (TN) ... NOT,,THE TWO UNITS MUST NOT OPERATE.,Neither unit must operate.,2-1-N1
neither,pron,Non-STE (not approved),,,TWO (TN) ... NOT,TWO (TN) ... NOT,,THE TWO UNITS MUST NOT OPERATE.,Neither of the units must operate.,2-1-N1
NEUTRAL,adj,STE (approved),,1. That has no effect 2. That is not acid or alkaline,,1. That has no effect 2. That is not acid or alkaline,,MAKE SURE THAT THE CONTROLS ARE IN THE NEUTRAL POSITION. | CLEAN THE SCREEN WITH A NEUTRAL SOLUTION.,,2-1-N1
neutralize,v,Non-STE (not approved),,,NEUTRAL (adj),NEUTRAL (adj),,MAKE THE BASIC ELECTROLYTE NEUTRAL WITH VINEGAR OR BORIC ACID.,Neutralize the basic electrolyte with vinegar or boric acid.,2-1-N2
never,adv,Non-STE (not approved),,,DO NOT,DO NOT,,DO NOT LET THE LEVEL IN THE TANK DECREASE TO LESS THAN HALF.,Never allow the level in the tank to drop below half.,2-1-N2
NEW,adj,STE (approved),"NEWER, NEWEST",Not used before,,Not used before,,INSTALL A NEW GASKET ON THE FLANGE.,,2-1-N2
NEXT,adj,STE (approved),,The first occurrence that follows immediately after in time or sequence.,,The first occurrence that follows immediately after in time or sequence.,,REMOVE THE UNIT BEFORE THE NEXT OPERATING CYCLE.,,2-1-N2
next,adv,Non-STE (not approved),,,THEN (adv),THEN (adv),,"HOLD THE FLANGE IN ITS POSITION. | THEN, INSTALL THE BOLT.","Hold the flange in its position. | Next, install the bolt.",2-1-N2
next to,prep,Non-STE (not approved),,,ADJACENT TO (prep),ADJACENT TO (prep),,THE PUMP IS ADJACENT TO THE CENTRAL RIB.,The pump is next to the central rib.,2-1-N2
NO,adj,STE (approved),,Not any,,Not any,,MAKE SURE THAT THERE IS NO FUEL LEAKAGE.,,2-1-N2
NO,adv,STE (approved),,Function word that shows the negative answer to a question,,Function word that shows the negative answer to a question,,DOES THE LIGHT COME ON? | YES OR NO?,,2-1-N2
NOISE,n,STE (approved),,An unwanted sound,,An unwanted sound,,"WHILE THE ENGINE CONTINUES TO TURN, LISTEN FOR UNUSUAL NOISES.",,2-1-N2
noisy,adj,Non-STE (not approved),,,NOISE (n),NOISE (n),,"IF THERE IS NOISE WHEN THE PUMP OPERATES, EXAMINE THE FILTER FOR UNWANTED PARTICLES.","If pump operation is noisy, check the pump filter for unwanted particles.",2-1-N2
NONE,pron,STE (approved),,"Not one, not anyone",,"Not one, not anyone",,"IF NONE OF THE BRACKETS ARE DAMAGED, CONTINUE THE INSPECTION.",,2-1-N2
nor,conj,Non-STE (not approved),,,NOT (adv),NOT (adv),,"IN THESE CONDITIONS, THE MECHANICAL AND ELECTRICAL PITCH TRIM SYSTEMS WILL NOT OPERATE.","In these conditions, neither the mechanical nor the electrical pitch trim systems will operate.",2-1-N3
normal,adj,Non-STE (not approved),,,USUAL (adj) | CORRECT (adj),USUAL (adj) CORRECT (adj),,THE “ARMED” POSITION IS THE USUAL POSITION OF THE SWITCH. | THE CORRECT PRESSURE FOR OPERATION IS 3000 psi.,The ARMED position is the normal position of the switch. | Normal operating pressure is 3000 psi.,2-1-N3
normally,adv,Non-STE (not approved),,,USUALLY (adv) | CORRECTLY (adv),USUALLY (adv) CORRECTLY (adv),,"THE SWITCH IS USUALLY IN THE “STANDBY” POSITION. | IF THE SYSTEM DOES NOT OPERATE CORRECTLY, REFER TO THE FAULT ISOLATION PROCEDURE.","The switch is normally in the STANDBY position. | If the system does not operate normally, refer to the fault isolation procedure.",2-1-N3
NOSE,n,STE (approved),,"The front end or part, a part that protrudes",,"The front end or part, a part that protrudes",,PULL THE TRANSPARENT PLASTIC COLLAR AWAY FROM THE NOSE OF THE ELECTRICAL LATCH.,,2-1-N3
NOT,adv,STE (approved),,Adverb of negation,,Adverb of negation,,DO NOT LET THE PRESSURE INCREASE TO MORE THAN 3000 psi.,,2-1-N3
NOTCH,n,STE (approved),,An area in the shape of a “V”,,An area in the shape of a “V”,,MAKE SURE THAT THE BOGIE ROLLERS ARE ALIGNED WITH THE NOTCHES IN THE TRACK.,,2-1-N3
note,v,Non-STE (not approved),,,RECORD (v),RECORD (v),,RECORD DIMENSION “A.”,Note dimension A.,2-1-N4
notify,v,Non-STE (not approved),,,TELL (v) | CONTACT (v) | WRITE (v),TELL (v) CONTACT (v) WRITE (v),,"IF YOU FIND CRACKS, TELL THE CHIEF INSPECTOR. | IF YOU FIND CRACKS, CONTACT THE CHIEF INSPECTOR. | IF THE UNIT DOES NOT OPERATE CORRECTLY, WRITE TO THE MANUFACTURER.","If cracks are found, notify the chief inspector. | If cracks are found, notify the chief inspector. | If the unit does not operate correctly, notify the manufacturer.",2-1-N4
now,adv,Non-STE (not approved),,,AT THIS TIME,AT THIS TIME,,DO NOT TIGHTEN THE NUTS AT THIS TIME.,Do not tighten the nuts now.,2-1-N4
NUMBER,n,STE (approved),,1. A symbol or word that identifies an integer and/or decimal 2. An amount that you can count or calculate,,1. A symbol or word that identifies an integer and/or decimal 2. An amount that you can count or calculate,,"NEGATIVE NUMBERS SHOW THAT THE PRESSURE DECREASES. | IF THE NUMBER OF FAILURES IS MORE THAN THREE, REPLACE THE UNIT.",,2-1-N4
OBEY,v,STE (approved),"OBEYS, OBEYED, OBEYED",To do that which the procedures or instructions tell you,,To do that which the procedures or instructions tell you,,OBEY THE PRECAUTIONS THAT FOLLOW.,,2-1-O1
OBJECT,n,STE (approved),,Something that you can see or touch,,Something that you can see or touch,,MAKE SURE THAT THERE ARE NO LOOSE OBJECTS IN THE AIR INTAKE.,,2-1-O1
observe,v,Non-STE (not approved),,,MONITOR (v) | SEE (v) | OBEY (v),MONITOR (v) SEE (v) OBEY (v),,"MONITOR THE RADIO ALTIMETER INDICATOR. | IF YOU SEE OIL IN THE DRAIN, STOP THE TEST. | OBEY ALL SAFETY PRECAUTIONS.","Observe the radio altimeter indicator. | If you observe oil in the drain, stop the test. | Observe all safety precautions.",2-1-O1
obstruct,v,Non-STE (not approved),,,CATCH (v) | PREVENT (v) | BLOCKAGE (n),CATCH (v) PREVENT (v) BLOCKAGE (n),,MAKE SURE THAT THE DRAG STRUTS DO NOT CATCH ON THE LANDING GEAR. | ADJUST THE LEVER ARMS IF THEY PREVENT MOVEMENT. | REMOVE THE DIRT THAT CAUSES THE BLOCKAGE IN THE TUBE.,Make sure that the drag struts do not obstruct the landing gear. | Adjust the lever arms if they obstruct movement. | Remove the dirt obstructing the tube.,2-1-O1
obstructed,adj,Non-STE (not approved),,,BLOCKED (adj) | CLOGGED (adj),BLOCKED (adj) CLOGGED (adj),,"IF THE DRAIN HOLE IS BLOCKED, REMOVE THE UNWANTED MATERIAL. | IF THE DRAIN HOLE IS CLOGGED, CLEAN IT.","If the drain hole is obstructed, remove the unwanted material. | If the drain hole is obstructed, clean it.",2-1-O1
obstruction,n,Non-STE (not approved),,,BLOCKAGE (n),BLOCKAGE (n),,EXAMINE THE DRAIN HOLES FOR BLOCKAGE.,Examine the drain holes for obstruction.,2-1-O1
obtain,v,Non-STE (not approved),,,GET (v),GET (v),,ADD 0.05 mm TO GET THE CORRECT CLEARANCE FOR A STANDARD SPHERICAL COUPLING.,Add 0.05 mm to obtain the correct clearance for a standard spherical coupling.,2-1-O1
OCCUR,v,STE (approved),OCCURS OCCURRED,"To be found or to take place, to come to be",,"To be found or to take place, to come to be",,"A SUDDEN MOVEMENT OF THE CONTROL SURFACES CAN OCCUR. | IF THE SYMPTOMS OCCUR AGAIN, DO A SYSTEM TEST.",,2-1-O2
OF,prep,STE (approved),,"Function word that shows: from, belonging to, having, or containing",,"Function word that shows: from, belonging to, having, or containing",,REMOVE THE SPLIT PINS FROM THE BOLTS IN THE BOTTOM ENDS OF THE CONTROL RODS.,,2-1-O2
OFF,adj,STE (approved),,Not in operation,,Not in operation,,MAKE SURE THAT THE BATTERIES ARE OFF.,,2-1-O2
OFF,adv,STE (approved),,1. Not in operation 2. Not in contact,,1. Not in operation 2. Not in contact,,MAKE SURE THAT THE WARNING LIGHT GOES OFF. | THE HANDLE MUST COME OFF EASILY.,,2-1-O2
OFF,prep,STE (approved),,Not in contact with,,Not in contact with,,MAKE SURE THAT THE TIRE IS FULLY OFF THE GROUND.,,2-1-O2
often,adv,Non-STE (not approved),,,FREQUENTLY (adv),FREQUENTLY (adv),,"IF A FAILURE OCCURS FREQUENTLY, DO THE SYSTEM TEST.","If a failure occurs often, do the system test.",2-1-O2
oil,v,Non-STE (not approved),,,LUBRICATE (v) | OIL (TN),LUBRICATE (v) OIL (TN),,LUBRICATE THE LINKAGE WITH OIL. | PUT OIL ON THE LINKAGE.,Oil the linkage. | Oil the linkage.,2-1-O2
oil-free,adj,Non-STE (not approved),,,OIL (TN),OIL (TN),,USE A SOLUTION THAT CONTAINS NO OIL.,Use an oil-free solution.,2-1-O2
old,adj,Non-STE (not approved),,,REMAINING (adj) | USED (adj) | EXPIRED (adj),REMAINING (adj) USED (adj) EXPIRED (adj),,REMOVE THE REMAINING SEALANT. | DRAIN THE USED OIL INTO A CONTAINER. | MAKE SURE THAT THE SHELF LIFE OF THE MATERIAL IS NOT EXPIRED.,Remove the old sealant. | Drain the old oil into a container. | Make sure that the material is not too old.,2-1-O2
omit,v,Non-STE (not approved),,,DO NOT DO | IGNORE (v),DO NOT DO IGNORE (v),,DO NOT DO STEPS 3 THRU 5. | IGNORE STEPS 3 THRU 5.,Omit steps 3 to 5. | Omit steps 3 to 5.,2-1-O3
ON,adj,STE (approved),,In operation,,In operation,,MAKE SURE THAT THE BATTERIES ARE ON.,,2-1-O3
ON,adv,STE (approved),,1. In operation 2. In contact,,1. In operation 2. In contact,,MAKE SURE THAT THE WARNING LIGHT STAYS ON. | MAKE SURE THAT THE LID GOES ON EASILY.,,2-1-O3
ON,prep,STE (approved),,"Function word that shows contact, support, direction",,"Function word that shows contact, support, direction",,PUT THE ASSEMBLED PARTS ON THE SUPPORT FITTING.,,2-1-O3
once,adv,Non-STE (not approved),,,ONE (TN) TIME,ONE (TN) TIME,,PUSH THE SWITCH ONE TIME.,Press the switch once.,2-1-O3
once,conj,Non-STE (not approved),,,WHEN (conj),WHEN (conj),,"WHEN THE UNIT IS ON ITS MOUNTING, LOCK IT.","Once the unit is on its mounting, lock it.",2-1-O3
ONE,pron,STE (approved),,That refers to a single person or object,,That refers to a single person or object,You can also use this word as a technical noun.,"IF THE LABEL IS NOT THERE, ATTACH A NEW ONE.",,2-1-O3
ONLY,adj,STE (approved),,Nothing more or different,,Nothing more or different,,THIS IS THE ONLY APPROVED CONFIGURATION.,,2-1-O3
ONLY,adv,STE (approved),,Exclusively,,Exclusively,,"TO TIGHTEN THE NUTS, USE ONLY A TORQUE WRENCH.",,2-1-O3
ONTO,prep,STE (approved),,To a position on or upon,,To a position on or upon,,"WHEN YOU LOWER THE PUMP, MOVE IT ONTO THE MOUNTING BRACKETS.",,2-1-O3
opaque,adj,Non-STE (not approved),,,NOT TRANSPARENT,NOT TRANSPARENT,,CLEAN THE PLASTIC SURFACES THAT ARE NOT TRANSPARENT.,Clean the opaque plastic surfaces.,2-1-O3
OPEN,adj,STE (approved),,That lets something go in or out,,That lets something go in or out,,PUT A PLUG ON THE OPEN END OF EACH PIPE.,,2-1-O3
OPEN,v,STE (approved),"OPENS, OPENED, OPENED",1. To move or cause to move from the closed position 2. To operate a circuit breaker to interrupt an electrical circuit,,1. To move or cause to move from the closed position 2. To operate a circuit breaker to interrupt an electrical circuit,,"OPEN THE PRESSURE VALVE. | WHEN THE RELIEF VALVE OPENS, THE PRESSURE DECREASES. | OPEN THE CIRCUIT BREAKER.",,2-1-O4
OPENING,n,STE (approved),,An aperture or hole in a surface,,An aperture or hole in a surface,,MAKE SURE THAT THE OPENING IS CLEAR.,,2-1-O4
operable,adj,Non-STE (not approved),,,OPERATE (v),OPERATE (v),,MAKE SURE THAT THE VALVE CAN OPERATE. | MAKE SURE THAT YOU CAN OPERATE THE VALVE.,Make sure that the valve is operable. | Check that the valve is operable.,2-1-O4
OPERATE,v,STE (approved),"OPERATES, OPERATED, OPERATED","To put, keep, or be in action",,"To put, keep, or be in action",,OPERATE THE PLUNGER TO DRAIN THE SYSTEM. | DO NOT GO NEAR THE ENGINE WHEN IT OPERATES.,,2-1-O4
OPERATION,n,STE (approved),,That which occurs when something operates or is operated,,That which occurs when something operates or is operated,,THIS PROCEDURE IS IMPORTANT FOR THE CORRECT OPERATION OF THE VALVE.,,2-1-O4
operational,adj,Non-STE (not approved),,,SERVICEABLE (adj) | OPERATE (v),SERVICEABLE (adj) OPERATE (v),This word can be part of a technical noun.,MAKE SURE THAT THE OTHER MICROSWITCH IS SERVICEABLE. | MAKE SURE THAT THE GROUND-PROXIMITY WARNING SYSTEM CAN OPERATE. | DO AN OPERATIONAL TEST OF THE UNIT.,Check that the other microswitch is operational. | Check that the ground-proximity warning system is operational.,2-1-O4
opportunity,n,Non-STE (not approved),,,,,"If it is possible, be accurate.",REPLACE THE UNIT AT THE NEXT CHECK.,Replace the unit at the first opportunity.,2-1-O4
OPPOSITE,adj,STE (approved),,1. In the other direction 2. Across from,,1. In the other direction 2. Across from,,THE RESET DEVICE OPERATES IN THE OPPOSITE DIRECTION. | THE BOLTS ARE ON THE OPPOSITE SIDE OF THE FLANGE.,,2-1-O5
OPPOSITE,prep,STE (approved),,Across from,,Across from,,THE UNIT IS IN THE WHEEL BAY OPPOSITE THE LANDING GEAR.,,2-1-O5
option,n,Non-STE (not approved),,,ALTERNATIVE (n) | POSSIBLE (adj) | CAN (v),ALTERNATIVE (n) POSSIBLE (adj) CAN (v),,"FOR THIS TASK, YOU HAVE THESE ALTERNATIVES: IF IT IS POSSIBLE, DO THE INSPECTION IN DAYLIGHT. | IF YOU CAN, DO THE INSPECTION IN DAYLIGHT.","For this task, you have these options: If you have the option, do the inspection in daylight. | If you have the option, do the inspection in daylight.",2-1-O5
OPTIONAL,adj,STE (approved),,Not mandatory,,Not mandatory,,THIS TOOL IS OPTIONAL.,,2-1-O5
OR,conj,STE (approved),,Function word that shows a choice,,Function word that shows a choice,Do not use this word with the meaning of otherwise. Use a different construction.,"DO NOT TOUCH THE HIGH TENSION LEADS OR THE IGNITER PLUGS. | MAKE SURE THAT THE L-SHAPED SEAL STAYS BONDED. | IF THE SEAL DOES NOT STAY BONDED, A LEAK CAN OCCUR.","Make sure that the L-shaped seal stays bonded, or a leak can occur.",2-1-O5
order,n,Non-STE (not approved),,,SEQUENCE (n),SEQUENCE (n),,DO THE WEIGHING PROCEDURE IN THIS SEQUENCE:,Do the weighing procedure in the following order:,2-1-O5
order,v,Non-STE (not approved),,,TELL (v) | ORDER (TN),TELL (v) ORDER (TN),,TELL ALL PERSONNEL TO GO OUT OF THE MAINTENANCE AREA. | SEND AN ORDER FOR THE SPECIFIED PAINT DIRECTLY TO THE MANUFACTURER.,Order all personnel out of the maintenance area. | Order the required paint directly from the manufacturer.,2-1-O5
orient,v,Non-STE (not approved),,,POINT (v),POINT (v),,MAKE SURE THAT THE BOLT HEADS POINT TO THE REAR.,The bolt heads must be oriented toward the rear.,2-1-O6
origin,n,Non-STE (not approved),,,SOURCE (n),SOURCE (n),,THE SOURCE OF THE PROBLEM IS IN THE FUEL SYSTEM.,The origin of the problem is in the fuel system.,2-1-O6
original,adj,Non-STE (not approved),,,INITIAL (adj),INITIAL (adj),,THE SLIDE GOES BACK TO ITS INITIAL POSITION.,The slide returns to the original position.,2-1-O6
originate,v,Non-STE (not approved),,,SOURCE (n),SOURCE (n),,"IF THE VALVE IS THE SOURCE OF THE FUEL LEAK, REPLACE THE VALVE SEALS.","If the fuel leak originates at the valve, replace the valve seals.",2-1-O6
OTHER,adj,STE (approved),,Not the same as that given before,,Not the same as that given before,,CONNECT ONE OF THE STUDS TO THE GROUND AND THE OTHER STUDS TO THE PINS.,,2-1-O6
OTHER,pron,STE (approved),,That which is not the same as that given before,,That which is not the same as that given before,,"CONNECT ONE PLUG, THEN CONNECT THE OTHER.",,2-1-O6
otherwise,adv,Non-STE (not approved),,,IF ...NOT | DIFFERENTLY (adv),IF ...NOT DIFFERENTLY (adv),,"MAKE SURE THAT THE RODS ARE ADJUSTED CORRECTLY. | IF THE ADJUSTMENT IS NOT CORRECT, ADJUST THEM AS FOLLOWS: UNLESS THE INSTRUCTIONS TELL YOU DIFFERENTLY, DO REPAIR SCHEME No. | 4.","Check that the rods are adjusted correctly, otherwise adjust them as follows: Unless the instructions tell you otherwise, do repair scheme No. | 4.",2-1-O6
OUT,adj,STE (approved),,"Away from, or not in, a location or position",,"Away from, or not in, a location or position",,"IF THE INDICATOR BUTTON IS OUT, REPLACE THE FILTER.",,2-1-O6
OUT,adv,STE (approved),,To a position away from the inside,,To a position away from the inside,,"WHEN THE INDICATOR BUTTON COMES OUT, REPLACE THE FILTER.",,2-1-O6
OUT OF,prep,STE (approved),,1. Through or from the inside to the outside 2. Not in,,1. Through or from the inside to the outside 2. Not in,,TILT THE FITTING TO MAKE THE BARREL NUT FALL OUT OF IT. | KEEP THE COMPOUND OUT OF THE SUNLIGHT.,,2-1-O6
OUTBOARD,adj,STE (approved),,Farther from the longitudinal axis of something,,Farther from the longitudinal axis of something,,MEASURE THE MOVEMENT OF THE INBOARD AND OUTBOARD FLAPS.,,2-1-O7
OUTBOARD,adv,STE (approved),,"In, or to, a position farther from the longitudinal axis of something",,"In, or to, a position farther from the longitudinal axis of something",,MOVE THE JACK OUTBOARD TO DISENGAGE IT FROM THE JACKING POINT.,,2-1-O7
OUTBOARD OF,prep,STE (approved),,At a position farther from the longitudinal axis,,At a position farther from the longitudinal axis,,PUT THE ACCESS PLATFORM IN A POSITION THAT IS OUTBOARD OF THE FLAP TRACK.,,2-1-O7
OUTDOORS,adv,STE (approved),,Not in a building,,Not in a building,,DO THIS WORK OUTDOORS.,,2-1-O7
OUTER,adj,STE (approved),,Located on the outside or farther from the center of an object,,Located on the outside or farther from the center of an object,,APPLY SEALANT ON THE OUTER SURFACE.,,2-1-O7
outline,v,Non-STE (not approved),,,GIVE (v),GIVE (v),,THIS SECTION GIVES YOU THE PROCEDURES THAT ARE NECESSARY TO FIND THE FAULTS.,This section outlines the procedures needed to find the faults.,2-1-O7
OUTPUT,n,STE (approved),,"The data, power, energy that comes out of equipment or a system",,"The data, power, energy that comes out of equipment or a system",,THE IMPEDANCE MATCHING TRANSFORMERS SUPPLY 60 W OUTPUT TO THE LOUDSPEAKERS.,,2-1-O7
outside,adj,Non-STE (not approved),,,EXTERNAL (adj) | OUTER (adj),EXTERNAL (adj) OUTER (adj),,THE EXTERNAL TEMPERATURE IS SHOWN ON THE CENTRAL DISPLAY UNIT. | CLEAN THE OUTER SURFACE WITH WARM WATER.,The outside temperature is indicated on the central display unit. | Clean the outside surface with warm water.,2-1-O7
outside,adv,Non-STE (not approved),,,OUTDOORS (adv),OUTDOORS (adv),,DO THIS PROCEDURE OUTDOORS.,Do this procedure outside.,2-1-O8
outside,n,Non-STE (not approved),,,EXTERNAL (adj) | OUTER (adj),EXTERNAL (adj) OUTER (adj),,FOLD THE EDGING AGAINST THE EXTERNAL SIDE OF THE INSULATION BLANKET. | FOLD THE EDGING AGAINST THE OUTER SIDE OF THE INSULATION BLANKET.,Fold the edging against the outside of the insulation blankets. | Fold the edging against the outside of the insulation blankets.,2-1-O8
outside,prep,Non-STE (not approved),,,NEAR (prep),NEAR (prep),,"WHEN YOU DO WORK IN A FUEL TANK, A SECOND PERSON MUST BE NEAR THE TANK AT ALL TIMES.","When you do work in a fuel tank, a second person must be outside the tank at all times.",2-1-O8
outwards,adv,Non-STE (not approved),,,OUT (adv),OUT (adv),,MOVE THE DOOR OUT AND FORWARD.,Move the door outwards and forwards.,2-1-O8
over,prep,Non-STE (not approved),,,ABOVE (prep) | ALONG (prep) | ON (prep) | MORE THAN,ABOVE (prep) ALONG (prep) ON (prep) MORE THAN,"For movement above land or water, use a technical noun.","MAKE SURE THAT THE HYDRAULIC FLUID LEVEL IS NOT ABOVE THE “FULL” MARK. | APPLY THE WEIGHT EQUALLY ALONG THE STABILIZER SPAN. | INSTALL THE STOP SLEEVE ON THE SLIDING MEMBER. | DO NOT INSTALL SHIMS WITH A THICKNESS OF MORE THAN 0.1 mm. | BEFORE OVER- A WATER OPER TION AT LOW ALTITUDES, APPLY CORROSION- PREVENTIVE FLUID TO THE DOOR HINGES OF THE LANDING GEAR.",Make sure the hydraulic fluid level is not over the FULL mark. | The weight must be evenly spread over the stabilizer span. | Install the stop sleeve over the sliding member. | Do not install shims over 0.1 mm thick.,2-1-O8
OVERBOARD,adv,STE (approved),,Out of a vessel,,Out of a vessel,,RELEASE THE AIR OVERBOARD.,,2-1-O9
overfill,v,Non-STE (not approved),,,TOO MUCH,TOO MUCH,,DO NOT PUT TOO MUCH FLUID IN THE LUBRICATION HOLE.,Do not overfill the lubrication hole.,2-1-O9
overfull,adj,Non-STE (not approved),,,TOO FULL,TOO FULL,,"IF THE TANK IS TOO FULL, YOU CANNOT PRESSURIZE IT CORRECTLY.","If the tank is overfull, you cannot pressurize it correctly.",2-1-O9
overhaul,v,Non-STE (not approved),,,OVERHAUL (TN),OVERHAUL (TN),,DO AN OVERHAUL OF THE No. | 2 ENGINE.,Overhaul the No. | 2 engine.,2-1-O9
overheat,v,Non-STE (not approved),,,TOO HOT,TOO HOT,,"IF YOU PRESSURIZE THE OXYGEN BOTTLE QUICKLY, IT WILL BECOME TOO HOT.",Rapid charging overheats the oxygen bottle.,2-1-O9
OVERLAP,n,STE (approved),,The area in which a part of one surface is on a part of a second surface,,The area in which a part of one surface is on a part of a second surface,,"IF THE OVERLAP IS MORE THAN 0,01 mm, REPLACE THE PART.",,2-1-O9
overlap,v,Non-STE (not approved),,,OVERLAP (n),OVERLAP (n),,MAKE AN OVERLAP OF 10 mm.,Overlap the surfaces by 10 mm.,2-1-O9
OVERRIDE,v,STE (approved),"OVERRIDES, OVERRODE, OVERRIDDEN",To prevent the automatic operation of a part or system,,To prevent the automatic operation of a part or system,,MANUALLY OVERRIDE THE START SEQUENCE.,,2-1-O9
overtighten,v,Non-STE (not approved),,,TIGHTEN TOO MUCH TOO TIGHT TOO TIGHTLY,TIGHTEN TOO MUCH TOO TIGHT TOO TIGHTLY,,DO NOT TIGHTEN THE FITTINGS TOO MUCH. | DO NOT MAKE THE FITTINGS TOO TIGHT. | DO NOT INSTALL THE FITTINGS TOO TIGHTLY. | Blank Page,Do not overtighten the fittings. | Do not overtighten the fittings. | Do not overtighten the fittings.,2-1-O9
pack,v,Non-STE (not approved),,,PUT (v) | FILL (v),PUT (v) FILL (v),,PUT THE ASSEMBLY INTO THE BOX. | FILL THE GROOVE WITH GREASE.,Pack the assembly into the box. | Pack grease into the groove.,2-1-P1
PAINT,v,STE (approved),"PAINTS, PAINTED, PAINTED",To apply paint to something,,To apply paint to something,,PAINT ALL THE SURFACES.,,2-1-P1
PAIR,n,STE (approved),,"Two objects that are the same or almost the same, and/or that you use together",,"Two objects that are the same or almost the same, and/or that you use together",,MEASURE THE DISTANCE BETWEEN EACH PAIR OF AXLES.,,2-1-P1
PARALLEL,adj,STE (approved),,Along lines that stay a constant distance apart at all points,,Along lines that stay a constant distance apart at all points,,MAKE SURE THAT THE SURFACE IS PARALLEL TO THE AXIS OF THE SHAFT.,,2-1-P1
PARK,v,STE (approved),"PARKS, PARKED, PARKED",To stop a vehicle and to let it stay in one position on the ground,,To stop a vehicle and to let it stay in one position on the ground,,PARK THE CAR IN THE PERMITTED AREA.,,2-1-P1
PART,n,STE (approved),,"1. A constituent of an object, machine, component, assembly, or equipment 2. A piece or section of a whole",,"1. A constituent of an object, machine, component, assembly, or equipment 2. A piece or section of a whole",,REPLACE THE DEFECTIVE PARTS. | REFER TO PART 2 FOR THE APPLICABLE PROCEDURE.,,2-1-P1
part,v,Non-STE (not approved),,,DISCONNECT (v),DISCONNECT (v),,DISCONNECT THE PIPES.,Part the pipes.,2-1-P1
partial,adj,Non-STE (not approved),,,NOT FULLY,NOT FULLY,,"IF THE RODS DO NOT FULLY EXTEND, ADJUST THEM AGAIN.","If only partial extension of the rods occurs, do the adjustment again.",2-1-P1
partially,adv,Non-STE (not approved),,,NOT FULLY,NOT FULLY,,"IF THE FLAPS DO NOT FULLY EXTEND, DO THE TEST AGAIN.","If the flaps only partially extend, do the test again.",2-1-P1
PARTICLE,n,STE (approved),,A very small piece of material,,A very small piece of material,,"IF THERE ARE METAL PARTICLES IN THE DISASSEMBLED PUMP, FIND THE SOURCE OF CONTAMINATION.",,2-1-P1
particular,adj,Non-STE (not approved),,,ONLY APPLICABLE | VERY (adv),ONLY APPLICABLE VERY (adv),,THIS PROCEDURE IS ONLY APPLICABLE TO TYPE A PARTS. | THIS STEP IS VERY IMPORTANT.,This procedure is particular to type A parts. | This step is of particular importance.,2-1-P2
particularly,adv,Non-STE (not approved),,,VERY (adv),VERY (adv),,THIS PRECAUTION IS VERY IMPORTANT.,This precaution is particularly important.,2-1-P2
partly,adv,Non-STE (not approved),,,NOT FULLY,NOT FULLY,,"IF THE VALVE DOES NOT FULLY OPEN, EXAMINE THE POSITIONS OF THE END STOPS ON THE ACTUATOR.","If the valve opens only partly, examine the positions of the end stops on the actuator.",2-1-P2
pass,v,Non-STE (not approved),,,GO (v) | THROUGH (prep) | GIVE (v),GO (v) THROUGH (prep) GIVE (v),,MAKE SURE THAT THE CABLE GOES ONTO THE PULLEY. | PUT THE ANTENNA CABLE THROUGH THE TOP SLOTS. | GIVE ONE END OF THE CABLE TO A SECOND PERSON.,Make sure that the cable passes over the pulley. | Pass the antenna cable through the top slots. | Pass one end of the cable to another person.,2-1-P2
passage,n,Non-STE (not approved),,,FLOW (n) | HOLE (n) | OPENING (n),FLOW (n) HOLE (n) OPENING (n),,THE FLOW OF FLUID THROUGH THE VALVE MUST BE CONTINUOUS. | CAREFULLY PUT THE TUBE THROUGH THE HOLE. | CAREFULLY PUT THE TUBE THROUGH THE OPENING.,The passage of fluid through the valve must be continuous. | Carefully put the tube through the passage. | Carefully put the tube through the passage.,2-1-P2
past,prep,Non-STE (not approved),,,AROUND (prep) | THROUGH (prep),AROUND (prep) THROUGH (prep),,"IF YOU INSTALL THE SEAL INCORRECTLY, LEAKS CAN OCCUR AROUND THE VALVE. | IF YOU INSTALL THE SEAL INCORRECTLY, THE FLUID WILL GO THROUGH IT.","If you install the seal incorrectly, leaks can occur past the valve. | An incorrect installation of the seal will let fluid go past it.",2-1-P2
PASTE,n,STE (approved),,"A wet, flexible mixture or compound",,"A wet, flexible mixture or compound",,MIX THE MATERIALS UNTIL THEY MAKE A SOLID PASTE.,,2-1-P2
PATCH,n,STE (approved),,A piece of material that you use to repair a surface or hole,,A piece of material that you use to repair a surface or hole,,BOND THE PATCH TO THE TUBE WITH ADHESIVE.,,2-1-P3
penetrate,v,Non-STE (not approved),,,GO THROUGH GO INTO,GO THROUGH GO INTO,,"IF THE SCRATCH DOES NOT GO THROUGH THE PROTECTIVE LAYER, THE UNIT IS SERVICEABLE. | MAKE SURE THAT THE HYDRAULIC FLUID DOES NOT GO INTO THE RECEPTACLES.","If the scratch does not penetrate the protective layer, the unit is serviceable. | Make sure that the hydraulic fluid does not penetrate the receptacles.",2-1-P3
people,n,Non-STE (not approved),,,PERSON (n) | PERSONNEL (n),PERSON (n) PERSONNEL (n),"To select the correct alternative, refer to the approved meanings of PERSON (n) and PERSONNEL (n).",KEEP ALL PERSONS OUT OF THE WORK AREA. | TELL YOUR PERSONNEL ABOUT THESE NEW REGULATIONS.,Keep all people out of the work area. | Tell your people about these new regulations.,2-1-P3
per,prep,Non-STE (not approved),,,FOR EACH | REFER (v),FOR EACH REFER (v),,DO NOT USE MORE THAN TWO WASHERS FOR EACH BOLT. | DO THE LEAK TEST: REFER TO PARAGRAPH 7.0.,Do not use more than two washers per bolt. | Do the leak test as per paragraph 7.0.,2-1-P3
perforated,adj,Non-STE (not approved),,,HOLE (n),HOLE (n),,MAKE SURE THAT THERE ARE NO HOLES IN THE MEMBRANE.,Make sure that the membrane is not perforated.,2-1-P3
perform,v,Non-STE (not approved),,,DO (v) | MEASURE (v),DO (v) MEASURE (v),You can use a more accurate verb.,DO THE LEAK TEST. | MEASURE THE VOLTAGE BETWEEN PINS A AND B.,Perform the leak test. | Perform the voltage measurement between pins A and B.,2-1-P3
PERFORMANCE,n,STE (approved),,"The ability of a part, a mechanism, or system to do its necessary function when you compare it with a standard or specification",DO (v),"The ability of a part, a mechanism, or system to do its necessary function when you compare it with a standard or specification DO (v)","For other meanings, use:","THESE ADJUSTMENTS WILL INCREASE THE PERFORMANCE OF THE ENGINE. | DO THE TEST. | THEN, GO TO PARAGRAPH C.","After performance of the test, go to paragraph C.",2-1-P4
PERIOD,n,STE (approved),,A quantity of time,,A quantity of time,,THE EMERGENCY LOCATOR TRANSMITTER HAS A STANDBY PERIOD OF 30 SECONDS.,,2-1-P4
periodically,adv,Non-STE (not approved),,,INTERVAL (n),INTERVAL (n),Give the value.,EXAMINE THE CONDITION OF THE HOSES AND SEALS AT INTERVALS OF TWO YEARS.,Examine the condition of hoses and seals periodically.,2-1-P4
PERMANENT,adj,STE (approved),,Without a limit in time,,Without a limit in time,,MAKE SURE THAT THE PERMANENT INSTALLATION OF THE SYSTEM IS SAFE.,,2-1-P4
PERMANENTLY,adv,STE (approved),,In a permanent manner,,In a permanent manner,,THE “NO SMOKING” SIGNS WILL STAY ON PERMANENTLY.,,2-1-P4
permissible,adj,Non-STE (not approved),,,PERMITTED (adj),PERMITTED (adj),,EQUIVALENT MATERIALS ARE ALSO PERMITTED.,Equivalent materials are also permissible.,2-1-P4
permit,v,Non-STE (not approved),,,LET (v),LET (v),,DO NOT LET THE FLUID TOUCH YOU.,Do not permit the fluid to touch you.,2-1-P4
PERMITTED,adj,STE (approved),,Allowed,,Allowed,,A MAXIMUM OF TWO WASHERS IS PERMITTED FOR EACH BOLT.,,2-1-P4
PERPENDICULAR,adj,STE (approved),,At a 90 degree angle to a given line or plane,,At a 90 degree angle to a given line or plane,,MAKE SURE THAT THE TOOL AND FASTENER ARE PERPENDICULAR TO THE WORK SURFACE.,,2-1-P4
persist,v,Non-STE (not approved),,,CONTINUE (v),CONTINUE (v),,"IF THE FAULT MESSAGE CONTINUES, PUSH THE AUDIO CANCEL SWITCH ON THE TEST PANEL.","If the fault message persists, push the AUDIO CANCEL switch on the test panel.",2-1-P5
persistent,adj,Non-STE (not approved),,,CONTINUOUS (adj),CONTINUOUS (adj),,"IF YOU HEAR CONTINUOUS BACKGROUND NOISE, FIND THE CAUSE.","If you hear persistent background noise, find the cause.",2-1-P5
PERSON,n,STE (approved),,A human being,,A human being,,"WHEN YOU DO WORK IN ISOLATED LOCATIONS, MAKE SURE THAT THERE IS ALWAYS A PERSON NEAR YOU.",,2-1-P5
PERSONNEL,n,STE (approved),,Persons employed in a group or organization,,Persons employed in a group or organization,,TELL YOUR PERSONNEL ABOUT THESE NEW REGULATIONS.,,2-1-P5
pertinent,adj,Non-STE (not approved),,,APPLICABLE (adj),APPLICABLE (adj),,MAKE SURE THAT YOU HAVE ALL THE APPLICABLE DOCUMENTS.,Make sure that you have all the pertinent documents.,2-1-P5
picket,v,Non-STE (not approved),,,MOOR (v),MOOR (v),,"IF STRONG WINDS OCCUR, MOOR THE VEHICLE.",Picket the vehicle in strong winds.,2-1-P5
PIECE,n,STE (approved),,"A quantity or segment of a whole that you can use on its own, or that can operate as an individual item",,"A quantity or segment of a whole that you can use on its own, or that can operate as an individual item",,REMOVE ALL PIECES OF THE BROKEN SEAL.,,2-1-P5
pierced,adj,Non-STE (not approved),,,HOLE (n),HOLE (n),,MAKE SURE THAT THERE ARE NO HOLES IN THE MEMBRANE.,Make sure that the membrane is not pierced.,2-1-P5
placard,v,Non-STE (not approved),,,PUT (v) (A PLACARD [TN]),PUT (v) (A PLACARD [TN]),,"BEFORE YOU START THE TEST, PUT A PLACARD ON THE CONTROLS.",Placard the controls before you start the test.,2-1-P5
place,n,Non-STE (not approved),,,POSITION (n) | AREA (n),POSITION (n) AREA (n),,MAKE SURE THAT ALL COVERS ARE IN THEIR POSITION. | REPAIR THE DAMAGED AREAS.,Ensure that covers are in place. | Repair the damaged places.,2-1-P5
place,v,Non-STE (not approved),,,PUT (v),PUT (v),,PUT THE MANIFOLD IN POSITION.,Place the manifold in position.,2-1-P6
PLAY,n,STE (approved),,"Free movement, the length or dimension of this movement",,"Free movement, the length or dimension of this movement",,THE AXIAL PLAY BETWEEN THE TWO GEARS MUST BE LESS THAN 0.05 mm.,,2-1-P6
plot,v,Non-STE (not approved),,,MAKE (v) (A PLOT [TN]),MAKE (v) (A PLOT [TN]),,MAKE A PLOT OF THESE POINTS.,Plot these points.,2-1-P6
plug,v,Non-STE (not approved),,,CONNECT (v) | SEAL (v) (WITH A PLUG [TN] OR | PLUGS [TN]),CONNECT (v) SEAL (v) (WITH A PLUG [TN] OR PLUGS [TN]),,CONNECT THE MICROPHONE TO THE JACK. | SEAL THE TUBE WITH A PLUG.,Plug the microphone into the jack. | Plug the tube.,2-1-P6
PLUS,prep,STE (approved),,With the addition of,,With the addition of,,"INCREASE THE PRESSURE IN THE SHOCK ABSORBER TO 85.5 bar, PLUS OR MINUS 2.7 bar.",,2-1-P6
PNEUMATIC,adj,STE (approved),,"Related to, or operated by gas pressure",,"Related to, or operated by gas pressure",,INSTALL THE PNEUMATIC CONTROLLER.,,2-1-P6
PNEUMATICALLY,adv,STE (approved),,With pneumatic power,,With pneumatic power,,SOME VALVES IN THE SYSTEM OPERATE PNEUMATICALLY.,,2-1-P6
POINT,n,STE (approved),,1. A sharp or tapered end 2. An accurate location,,1. A sharp or tapered end 2. An accurate location,,"PUT THE POINT OF THE TOOL IN THE SLOT. | ON THE FLANGE, MEASURE THE DISTANCE BETWEEN POINTS “A” AND “B.”",,2-1-P6
POINT,v,STE (approved),"POINTS, POINTED, POINTED",1. To show the position or direction of 2. To turn something in a specified direction,,1. To show the position or direction of 2. To turn something in a specified direction,,MAKE SURE THAT THE ARROW ON THE CHECK VALVE POINTS AWAY FROM THE GROUND SUPPLY DUCT. | DO NOT POINT THE COMPRESSED AIR NOZZLE AT YOUR SKIN.,,2-1-P6
POISONOUS,adj,STE (approved),,That contains poison,,That contains poison,,DO NOT SWALLOW LUBRICATING OIL. | IT IS POISONOUS.,,2-1-P7
POLISH,v,STE (approved),"POLISHES, POLISHED, POLISHED",To make smooth or shiny,,To make smooth or shiny,,POLISH THE WINDOW PANE WITH A SOFT CLOTH.,,2-1-P7
poor,adj,Non-STE (not approved),,,UNSATISFACTORY (adj) | DEFECTIVE (adj) | UNSERVICEABLE (adj),UNSATISFACTORY (adj) DEFECTIVE (adj) UNSERVICEABLE (adj),,"IF SYSTEM PERFORMANCE IS UNSATISFACTORY, EXAMINE CIRCUIT A. | DEFECTIVE CONTACTS CAN CAUSE A FAILURE OF THE UNIT. | IF THE PART IS UNSERVICEABLE, REPLACE IT.","If system performance is poor, examine circuit A. | Poor contacts can cause a failure of the unit. | If the condition of the part is poor, replace it.",2-1-P7
pop,v,Non-STE (not approved),,,OPEN (v) | PROTRUDE (v) | OUT (adv),OPEN (v) PROTRUDE (v) OUT (adv),,"IF THE CIRCUIT BREAKER OPENS, DE-ENERGIZE THE CIRCUIT. | IF THE POP-OUT INDICATOR PROTRUDES, REPLACE THE FILTER ELEMENT. | IF THE INDICATOR BUTTON CAME OUT, REPLACE THE FILTER.","If the circuit breaker pops, de-energize the circuit. | If the pop-out indicator pops out, replace the filter element. | If the indicator button popped out, replace the filter.",2-1-P7
port,adj,Non-STE (not approved),,,LEFT (adj),LEFT (adj),,REMOVE THE WING TIP BRAKE FROM THE LEFT WING.,Remove the wing tip brake from the port wing.,2-1-P7
portion,n,Non-STE (not approved),,,PIECE (n) | PART (n),PIECE (n) PART (n),,REMOVE ALL THE PIECES OF THE DAMAGED INSULATION. | ISOLATE THE DEFECTIVE PART OF THE CIRCUIT.,Remove all portions of the damaged insulation. | Isolate the defective portion of the circuit.,2-1-P7
POSITION,n,STE (approved),,"The attitude or setting of something that you can adjust, or the place or site where you put something",,"The attitude or setting of something that you can adjust, or the place or site where you put something",,"SET THE SWITCH TO THE CORRECT POSITION. | ON THE CENTER PEDESTAL, MAKE SURE THAT THE WARNING NOTICES ARE IN POSITION.",,2-1-P8
position,v,Non-STE (not approved),,,PUT (v) | SET (v),PUT (v) SET (v),,PUT THE BRACKET ON THE FRAME. | SET THE SWITCH TO “ON.”,Position the bracket on the frame. | Position the switch to ON.,2-1-P8
POSSIBLE,adj,STE (approved),,That can occur,,That can occur,,"IF YOU DO NOT USE A PROTECTIVE COVER, DAMAGE TO THE SURFACE IS POSSIBLE.",,2-1-P8
POSSIBLY,adv,STE (approved),,That can occur,,That can occur,,"IF YOU CANNOT ENGAGE THE ROD AND THE PISTON, THE LENGTH OF THE NEW ROD IS POSSIBLY INCORRECT.",,2-1-P8
potential,adj,Non-STE (not approved),,,POSSIBLE (adj),POSSIBLE (adj),,PUT BARRIERS AROUND ALL THE POSSIBLE DANGER AREAS.,Put barriers around all the potential danger areas.,2-1-P8
pour,v,Non-STE (not approved),,,PUT (v),PUT (v),,PUT THE MIXTURE INTO THE CYLINDER.,Pour the mixture into the cylinder.,2-1-P8
power,v,Non-STE (not approved),,,SUPPLY (v),SUPPLY (v),,THE BATTERY SUPPLIES POWER TO THE CIRCUITS.,The battery powers the circuits.,2-1-P8
PRECAUTION,n,STE (approved),,That which you do to prevent injury and/or damage,,That which you do to prevent injury and/or damage,,OBEY THESE PRECAUTIONS.,,2-1-P8
precautionary,adj,Non-STE (not approved),,,PRECAUTION (n),PRECAUTION (n),,OBEY THESE PRECAUTIONS.,Take these precautionary measures.,2-1-P8
precede,v,Non-STE (not approved),,,BEFORE (conj),BEFORE (conj),,"BEFORE YOU APPLY THE TAPE, CLEAN THE SURFACE.",Application of the tape must be preceded by cleaning of the surface.,2-1-P8
precise,adj,Non-STE (not approved),,,ACCURATE (adj),ACCURATE (adj),,THE GYRO ADJUSTMENT MUST BE ACCURATE.,The gyro requires precise adjustment.,2-1-P9
precisely,adv,Non-STE (not approved),,,ACCURATELY (adv),ACCURATELY (adv),,ADJUST THE ANGLE OF THE CAMERA ACCURATELY.,The angle of the camera must be adjusted precisely.,2-1-P9
PRECISION,n,STE (approved),,The quality of being accurate,,The quality of being accurate,,THE TEMPERATURE OF THE OIL HAS AN EFFECT ON THE PRECISION OF THE OIL LEVEL INDICATOR.,,2-1-P9
preferable,adj,Non-STE (not approved),,,RECOMMEND (v),RECOMMEND (v),,IT IS POSSIBLE TO MIX APPROVED ENGINE OILS OF THE SAME TYPE. | BUT THE STANDARD PRACTICES MANUAL RECOMMENDS THAT YOU ALWAYS USE THE SAME TYPE OF ENGINE OIL.,"It is possible to mix approved engine oils of the same type, but. according to the Standard Practices Manual. it is always preferable to use the same type of engine oil.",2-1-P9
preferably,adv,Non-STE (not approved),,,IF IT IS POSSIBLE,IF IT IS POSSIBLE,,"IF IT IS POSSIBLE, APPLY THIS ADHESIVE OUTDOORS.","Preferably, apply this adhesive outdoors.",2-1-P9
preheat,v,Non-STE (not approved),,,HEAT (n),HEAT (n),,"BEFORE YOU START THIS PROCEDURE, APPLY HEAT TO THE AREA WITH A HEAT LAMP.",Preheat the area with a heat lamp.,2-1-P9
preload,v,Non-STE (not approved),,,LOAD (TN),LOAD (TN),,"BEFORE YOU START THIS PROCEDURE, APPLY A LOAD OF 10 lb TO THE SPRING.",Preload the spring to 10 lb.,2-1-P9
premature,adj,Non-STE (not approved),,,BEFORE (conj),BEFORE (conj),,"IF THE VALVE OPENS BEFORE THE SET PRESSURE, STOP THE TEST.","If the valve opening is premature, stop the test.",2-1-P9
prematurely,adv,Non-STE (not approved),,,BEFORE (conj),BEFORE (conj),,"IF THE VALVE OPENS BEFORE THE SET PRESSURE, STOP THE TEST.","If the valve opens prematurely, stop the test.",2-1-P9
preparation,n,Non-STE (not approved),,,PREPARE (v),PREPARE (v),,PREPARE THE MIXTURE 20 MINUTES BEFORE YOU USE IT.,Mixture preparation must be accomplished 20 minutes before use.,2-1-P9
PREPARE,v,STE (approved),"PREPARES, PREPARED, PREPARED",To make or become ready,,To make or become ready,,PREPARE THE TUBE FOR THE LEAK TEST. | PREPARE FOR THE ELECTRICAL BONDING PROCEDURE.,,2-1-P10
prescribed,adj,Non-STE (not approved),,,SPECIFIED (adj),SPECIFIED (adj),,FILL THE CONTAINER WITH THE SPECIFIED COOLANT FLUID.,Fill the container with the prescribed coolant fluid.,2-1-P10
presence,n,Non-STE (not approved),,,BE (v),BE (v),,THIS INSPECTION IS NECESSARY WHEN THERE ARE DEFECTS.,This inspection is necessary in the presence of defects.,2-1-P10
present,adj,Non-STE (not approved),,,BE (v),BE (v),,"IF THERE IS A VOLTAGE AT PIN C OF CONNECTOR F7, THE UNIT IS UNSERVICEABLE.","If a voltage is present at pin C of connector F7, the unit is faulty.",2-1-P10
present,v,Non-STE (not approved),,,GIVE (v) | SHOW (v),GIVE (v) SHOW (v),,THIS SECTION GIVES THE APPLICABLE TORQUE VALUES. | THE TABLE THAT FOLLOWS SHOWS THE RESULTS OF THE SURVEY.,The applicable torque values are presented in this section. | The results of the survey are presented in the following table.,2-1-P10
preserve,v,Non-STE (not approved),,,PRESERVATION (TN),PRESERVATION (TN),,THIS PROCEDURE IS FOR THE PRESERVATION OF STEEL CABLES.,This procedure will preserve the steel cables.,2-1-P10
preset,v,Non-STE (not approved),,,SET (v),SET (v),,SET THE TENSION INDICATOR TO ZERO.,Preset the tension indicator to zero.,2-1-P10
press,v,Non-STE (not approved),,,PUSH (v),PUSH (v),,PUSH AND HOLD THE TEST BUTTON.,Press and hold the TEST button.,2-1-P10
PRESSURIZATION,n,STE (approved),,The procedure that supplies or increases the pressure,,The procedure that supplies or increases the pressure,,CONTINUE THE PRESSURIZATION FOR 10 MINUTES.,,2-1-P10
PRESSURIZE,v,STE (approved),"PRESSURIZES, PRESSURIZED, PRESSURIZED",To supply pressure,,To supply pressure,,PRESSURIZE THE CHAMBER TO 150 psi.,,2-1-P10
PREVENT,v,STE (approved),"PREVENTS, PREVENTED, PREVENTED",To make sure that something does not occur,,To make sure that something does not occur,,"TO PREVENT DAMAGE TO THE ENGINE, IMMEDIATELY INSTALL PROTECTIVE COVERS ON ALL OPENINGS.",,2-1-P11
prevent (from),v,Non-STE (not approved),,,LET (v),LET (v),,DO NOT LET THE DOOR OPEN.,Prevent the door from opening.,2-1-P11
preventive,adj,Non-STE (not approved),,,PREVENT (v),PREVENT (v),,THIS COATING PREVENTS CORROSION.,This coating is a preventive measure for corrosion.,2-1-P11
PREVIOUS,adj,STE (approved),,That goes before in an unspecified time or sequence,,That goes before in an unspecified time or sequence,Be accurate. Use LAST (adj) for the event that occurs immediately before in time or sequence.,"IF YOU SELECTED “YES” IN A PREVIOUS STEP, GO TO PARAGRAPH 7.5. | DO THE LAST INSPECTION AGAIN.",Do the previous inspection again.,2-1-P11
PREVIOUSLY,adv,STE (approved),,"Before, earlier, in the past",,"Before, earlier, in the past",,THIS SOFTWARE FINDS TERMS FROM PREVIOUSLY TRANSLATED FILES.,,2-1-P11
primarily,adv,Non-STE (not approved),,,PRIMARY (adj),PRIMARY (adj),,THE PRIMARY FUNCTION OF THE HYDRAULIC SYSTEM IS TO SUPPLY THE PRESSURE TO OPERATE THE FLIGHT CONTROLS.,The hydraulic system primarily supplies the pressure to operate the flight controls.,2-1-P11
PRIMARY,adj,STE (approved),,First in importance,,First in importance,,THE PRIMARY FUNCTION OF THE POWER UNIT IS TO SUPPLY ELECTRICAL POWER.,,2-1-P11
prime,v,Non-STE (not approved),,,FILL (v) | PUT (v),FILL (v) PUT (v),,FILL THE FILLER HOSE WITH WATER. | PUT FUEL IN THE FUEL PUMP.,Prime the filler hose with water. | Prime the fuel pump.,2-1-P11
principal,adj,Non-STE (not approved),,,PRIMARY (adj),PRIMARY (adj),,THE PRIMARY FUNCTION OF THE SYSTEM IS TO SUPPLY ELECTRICAL POWER TO THE CONTROL PANEL.,The principal function of the system is to supply electrical power to the control panel .,2-1-P12
prior to,prep,Non-STE (not approved),,,BEFORE (conj),BEFORE (conj),,"BEFORE YOU DISCONNECT THE HOSES, DRAIN THE SYSTEM.",Drain the system prior to disconnecting the hoses.,2-1-P12
priority,n,Non-STE (not approved),,,IMPORTANT (adj) | BEFORE (prep) | FIRST (adv),IMPORTANT (adj) BEFORE (prep) FIRST (adv),,"THIS PROCEDURE IS VERY IMPORTANT. | BEFORE YOU FILL THE OUTER TANK, FILL THE INNER TANK. | DURING THE PROCEDURE THAT FOLLOWS, REPAIR THE UPPER FLANGE FIRST.","This procedure has high priority. | The inner tank filling procedure has priority over the outer tank filling procedure. | During the following repair procedure, the upper flange has priority.",2-1-P12
probability,n,Non-STE (not approved),,,RISK (n),RISK (n),,"TO DECREASE THE RISK OF FIRE, OBEY THE SAFETY PRECAUTIONS.",Obey the safety precautions to decrease the probability of fire.,2-1-P12
probable,adj,Non-STE (not approved),,,VERY POSSIBLE | RISK (n),VERY POSSIBLE RISK (n),,"IF YOU DO NOT SAFETY THE DOOR, IT IS VERY POSSIBLE THAT STRONG WINDS WILL CAUSE DAMAGE TO THE STRUCTURE. | IF YOU DO NOT SAFETY THE DOOR, THERE IS A RISK THAT STRONG WINDS WILL CAUSE DAMAGE TO THE STRUCTURE.","If you do not safety the door, damage to the structure due to strong winds is probable. | If you do not safety the door, damage to the structure due to strong winds is probable.",2-1-P12
probe,v,Non-STE (not approved),,,FIND (v) (WITH A PROBE [TN]),FIND (v) (WITH A PROBE [TN]),,FIND THE BLOCKAGE IN THE TUBE WITH AN APPLICABLE PROBE.,Probe the tube to find the blockage.,2-1-P12
PROBLEM,n,STE (approved),,Something that is difficult and for which you must find the correct answer,,Something that is difficult and for which you must find the correct answer,,"IF YOU FIND A PROBLEM DURING THE TEST, REFER TO THE FAULT ISOLATION TABLE.",,2-1-P12
PROCEDURE,n,STE (approved),,Steps that are in a sequence,,Steps that are in a sequence,,THIS SECTION GIVES THE PROCEDURE TO DISASSEMBLE THE COMPONENT FULLY.,,2-1-P13
proceed,v,Non-STE (not approved),,,CONTINUE (v),CONTINUE (v),,CONTINUE WITH THE ELECTRICAL TEST.,Proceed with the electrical test.,2-1-P13
process (in the process of ),prep,Non-STE (not approved),,,DURING (prep) | WHILE (conj),DURING (prep) WHILE (conj),,"DURING THIS REPAIR, APPLY SUFFICIENT HEAT TO THE UNIT. | WHILE YOU DO THIS REPAIR, APPLY SUFFICIENT HEAT TO THE UNIT.",Apply sufficient heat to the unit in the process of doing this repair. | Apply sufficient heat to the unit in the process of doing this repair.,2-1-P13
process,n,Non-STE (not approved),,,PROCEDURE (n),PROCEDURE (n),This word is a technical noun when it means a sequence of changes that occur and cause a result.,THESE TWO ASSEMBLY PROCEDURES ARE ALMOST THE SAME. | CORROSION IS AN ELECTROLYTIC PROCESS.,These two assembly processes are almost the same.,2-1-P13
process,v,Non-STE (not approved),,,DO (v) THE ... | PROCEDURE (n),DO (v) THE ... PROCEDURE (n),,"PUT THE PARTS IN AN ELECTROLYTIC BATH. | THEN, DO THE ELECTROPLATING PROCEDURE.",Process the parts in an electrolytic bath.,2-1-P13
produce,v,Non-STE (not approved),,,CAUSE (v) | GIVE (v) | MAKE (v) | SUPPLY (v),CAUSE (v) GIVE (v) MAKE (v) SUPPLY (v),,"ELECTRICAL EQUIPMENT CAN CAUSE INTERFERENCE IN COMMUNICATION. | A DILUTED SOLUTION WILL NOT GIVE YOU THE CORRECT RESULTS. | WHEN THE LEVER ENGAGES, IT MAKES A CLICK THE POWER UNIT SUPPLIES THE SYSTEM WITH A VOLTAGE OF 28 V DC.",Electrical equipment can produce interference in communication. | A diluted solution does not produce the correct results. | The lever produces a click when engaged. | The power unit produces a voltage of 28 V DC.,2-1-P13
product,n,Non-STE (not approved),,,,,"Be accurate. If it is possible, use the name of the product.","WHEN YOU CLEAN THIS UNIT, USE THE CORRECT SOLVENT. | TRICHLOROETHANE IS A DANGEROUS MATERIAL.","When you clean this unit, use the correct product. | This product is dangerous.",2-1-P14
profile,n,Non-STE (not approved),,,CONTOUR (n),CONTOUR (n),,MAKE SURE THAT THE CONTOUR OF THE TEMPLATE IS THE SAME.,Make sure that the profile of the template is the same.,2-1-P14
program,n,Non-STE (not approved),,,SEQUENCE (n),SEQUENCE (n),,DISASSEMBLE THE ROTOR IN THIS SEQUENCE:,Disassemble the rotor according to the following program:,2-1-P14
progress,n,Non-STE (not approved),,,CONTINUE (v),CONTINUE (v),Also refer to IN PROGRESS (adv).,MAKE SURE THAT THE TEST CONTINUES SATISFACTORILY.,Monitor the progress of the test.,2-1-P14
progress,v,Non-STE (not approved),,,CONTINUE (v),CONTINUE (v),,YOU CAN CONTINUE THE TEST.,You can progress with the test.,2-1-P14
progressive,adj,Non-STE (not approved),,,GRADUALLY (adv),GRADUALLY (adv),,GRADUALLY TORQUE THE NUT.,Apply progressive torque to the nut.,2-1-P14
progressively,adv,Non-STE (not approved),,,GRADUALLY (adv),GRADUALLY (adv),,TORQUE THE BOLTS GRADUALLY.,Torque the bolts progressively.,2-1-P14
prohibit,v,Non-STE (not approved),,,PREVENT (v) | TELL (NOT TO) (v),PREVENT (v) TELL (NOT TO) (v),,PUT A WARNING NOTICE ON THE PANEL TO PREVENT OPERATION OF THE CONTROLS. | TELL THE PERSONNEL NOT TO USE ASBESTOS PARTS.,Display a warning notice on the panel prohibiting the operation of the controls. | Prohibit the use of asbestos parts.,2-1-P14
prolonged,adj,Non-STE (not approved),,,LONG (adj),LONG (adj),,OPERATION OF THE MOTOR FOR LONG PERIODS CAN CAUSE DAMAGE TO IT.,Prolonged motor operation can cause damage.,2-1-P14
prompt,adj,Non-STE (not approved),,,IMMEDIATELY (adv),IMMEDIATELY (adv),,"IF YOU SWALLOW SOLVENT, DO NOT CAUSE VOMITING. | GET MEDICAL AID IMMEDIATELY.",Prompt action is required if you swallow solvent.,2-1-P14
propagation,n,Non-STE (not approved),,,INCREASE (v),INCREASE (v),"If it is possible, give the dimensions or limits.","IF THE DIMENSION OF A CRACK INCREASES, THE PART CAN BREAK. | IF THE DEPTH OF A CRACK IS MORE THAN 0.2 mm, REJECT THE PART. | IF A CRACK IS LARGER THAN 0.2 mm, REJECT THE PART.",Crack propagation can cause the part to break. | Crack propagation can cause the rejection of the part. | Crack propagation can cause the rejection of the part.,2-1-P15
proper,adj,Non-STE (not approved),,,CORRECT (adj),CORRECT (adj),,DO A CHECK FOR THE CORRECT OPERATION OF THE UNIT.,Check the unit for proper operation.,2-1-P15
properly,adv,Non-STE (not approved),,,CORRECTLY (adv),CORRECTLY (adv),,CLOSE THE DOORS CORRECTLY.,Close the doors properly.,2-1-P15
PROPERTY,n,STE (approved),,A characteristic or attribute of an object,,A characteristic or attribute of an object,,THE MAGNETIC PROPERTIES OF THIS METAL DECREASE AT HIGH TEMPERATURES.,,2-1-P15
PROPORTION,n,STE (approved),,The ratio of something to something else,RELATION (n),The ratio of something to something else RELATION (n),"For other meanings, use:",ALWAYS MIX CLEANING AGENTS WITH COLD WATER IN THE CORRECT PROPORTIONS. | THE TEMPERATURE DECREASES IN RELATION TO THE ALTITUDE.,The temperature decreases in proportion to the altitude.,2-1-P15
proportional,adj,Non-STE (not approved),,,RELATION (n) | PROPORTION (n),RELATION (n) PROPORTION (n),,THE CENTER OF GRAVITY MOVES IN RELATION TO THE LOADS ON THE WINGS. | MIX THE PIGMENT AND SOLVENT IN THE CORRECT PROPORTIONS.,Movement of the center of gravity is proportional to the loads on the wings. | Mix the correct quantity of pigment proportional to the quantity of solvent.,2-1-P15
proportionally,adv,Non-STE (not approved),,,RELATION (n),RELATION (n),,THE CABLE TENSION CHANGES IN RELATION TO THE TEMPERATURE.,The cable tension changes proportionally with temperature.,2-1-P16
protect,v,Non-STE (not approved),,,PREVENT (v) | PROTECTION (n),PREVENT (v) PROTECTION (n),,USE CELLOPHANE TO PREVENT DAMAGE TO THE SURFACE. | MAKE SURE THAT ALL SHARP EDGES HAVE VINYL TAPE PROTECTION.,Use cellophane to protect the surface from damage. | Make sure that all sharp edges are protected with vinyl tape.,2-1-P16
PROTECTION,n,STE (approved),,"Something to prevent injury, damage, or failure",,"Something to prevent injury, damage, or failure",,APPLY TWO LAYERS OF SEALING COMPOUND ON THE SURFACES THAT HAVE NO PROTECTION.,,2-1-P16
PROTECTIVE,adj,STE (approved),,That gives protection,,That gives protection,,REMOVE THE PROTECTIVE LAYER.,,2-1-P16
PROTRUDE,v,STE (approved),PROTRUDES PROTRUDED PROTRUDED,To be farther forward or out from an adjacent surface,,To be farther forward or out from an adjacent surface,,"IF THE POP-OUT INDICATOR PROTRUDES, REPLACE THE FILTER ELEMENT.",,2-1-P16
provide,v,Non-STE (not approved),,,GIVE (v) | SUPPLY (v),GIVE (v) SUPPLY (v),,THIS SECTION GIVES THE PROCEDURES FOR THE STORAGE FO THE COMPONENT. | THE HYDRAULIC SYSTEM SUPPLIES PRESSURE FOR THE OPERATION OF THE FLIGHT CONTROLS.,This section provides the procedures for the storage of the component. | The hydraulic system provides pressure for operating the flight controls.,2-1-P16
provided (that),conj,Non-STE (not approved),,,IF (conj),IF (conj),,"IF A REPLACEMENT PART IS AVAILABLE, REPLACE THE DAMAGED SHIELD.","Provided that a replacement part is available, replace the damaged shield.",2-1-P16
providing (that),conj,Non-STE (not approved),,,IF (conj),IF (conj),,"IF A NEW PART IS INSTALLED, YOU CAN CONTINUE THE OPERATION OF THE MACHINE.","Providing that a new part is installed, you can continue the operation of the machine.",2-1-P17
proximity,n,Non-STE (not approved),,,NEAR (prep),NEAR (prep),,DO NOT DO MAINTENANCE WORK NEAR AN ENGINE THAT IS IN OPERATION.,Do not do maintenance work in proximity to a running engine.,2-1-P17
PULL,v,STE (approved),"PULLS, PULLED, PULLED",To use a force on something to move it toward the source of the force,,To use a force on something to move it toward the source of the force,Use this word together with a preposition or an adverb to show direction.,PULL THE CABLE DOWN AND AWAY FROM THE BRACKET.,,2-1-P17
pump,v,Non-STE (not approved),,,REMOVE (v) (WITH A PUMP [TN]) | MOVE (v) (WITH A PUMP [TN]),REMOVE (v) (WITH A PUMP [TN]) MOVE (v) (WITH A PUMP [TN]),,"OPEN THE VALVE. | THEN, REMOVE THE OIL FROM THE TANK AN APPLICABLE PUMP. | WHEN THE VALVE IS OPEN, MOVE OIL FROM THE TANK TO THE CIRCUIT LINE WITH AN APPLICABLE PUMP.","Open the valve and then pump oil from the tank. | When the valve is open, pump oil from the tank to the circuit lines.",2-1-P17
puncture,v,Non-STE (not approved),,,HOLE (n),HOLE (n),,MAKE SURE THAT YOU DO NOT MAKE A HOLE IN THE BLADDER.,Take care not to puncture the bladder.,2-1-P17
purge,v,Non-STE (not approved),,,REMOVE (v),REMOVE (v),,REMOVE UNWANTED MATERIAL FROM THE SYSTEM.,Purge the system.,2-1-P17
purify,v,Non-STE (not approved),,,CLEAN (v),CLEAN (v),,CLEAN THE WATER.,Purify the water.,2-1-P17
PUSH,v,STE (approved),"PUSHES, PUSHED, PUSHED",1. To apply a force to something to move it away from the source of the force 2. To move with a force against something,,1. To apply a force to something to move it away from the source of the force 2. To move with a force against something,Use this word together with a preposition or an adverb to show direction.,PUSH THE INSERT DOWN UNTIL IT TOUCHES THE BOTTOM OF THE HOLE. | THE SPRING UNIT PUSHES AGAINST THE BRAKE PEDAL.,,2-1-P18
PUT,v,STE (approved),"PUTS, PUT",To cause something to move or to be in a specified position or condition,,To cause something to move or to be in a specified position or condition,No other verb forms.,PUT THE ADAPTER IN POSITION AGAINST ITS SUPPORT. | PUT THE LEVER BACK TO ITS INITIAL POSITION.,,2-1-P18
PUT ON,v,STE (approved),"PUTS ON, PUT ON","To cover your skin or face with clothing, or other items that give protection",,"To cover your skin or face with clothing, or other items that give protection",No other verb forms.,PUT ON SAFETY GOGGLES AND PROTECTIVE CLOTHING.,,2-1-P18
qualified,adj,Non-STE (not approved),,,APPROVED (adj),APPROVED (adj),,AN APPROVED PERSON MUST DO THE IMPORTANT CHECKS.,A qualified person must do the important checks.,2-1-Q1
QUALITY,n,STE (approved),,"Condition, property, or type",,"Condition, property, or type",,THIS MEDICAL EQUIPMENT MUST BE OF GOOD QUALITY.,,2-1-Q1
QUANTITY,n,STE (approved),,A specified amount or number,,A specified amount or number,"For an amount that you can count, use NUMBER (n).",APPLY A SMALL QUANTITY OF LUBRICATING OIL ON THE THREADS OF THE BOLTS. | MAKE SURE THAT YOU HAVE THE CORRECT NUMBER OF SHIMS AVAILABLE.,,2-1-Q1
quarterly,adv,Non-STE (not approved),,,INTERVAL (n),INTERVAL (n),,SEND REPORTS TO THE AUTHORITIES AT INTERVALS OF THREE MONTHS.,Send reports to the authorities quarterly.,2-1-Q1
questionable,adj,Non-STE (not approved),,,NOT SURE,NOT SURE,,"IF YOU ARE NOT SURE OF THEIR CONDITION, REJECT THE PARTS.",Reject the parts that are in a questionable condition.,2-1-Q1
quick,adj,Non-STE (not approved),,,QUICKLY (adv),QUICKLY (adv),,MAKE SURE THAT THE ROD DOES NOT MOVE QUICKLY.,Make sure that there is no quick movement of the rod.,2-1-Q1
QUICKLY,adv,STE (approved),,In a fast manner,,In a fast manner,,MAKE SURE THAT THE PRESSURE DECREASES QUICKLY.,,2-1-Q1
quit,v,Non-STE (not approved),,,GO (v) | STOP (v),GO (v) STOP (v),,"BEFORE YOU START THE ENGINE, MAKE SURE THAT ALL PERSONS GO AWAY FROM THE DANGER AREA. | IF THE RED LIGHT COMES ON, STOP THE REFUEL PROCEDURE.","Before you start the engine, make sure that all persons quit the danger area. | If the red light comes on, quit the refuel procedure.",2-1-Q1
quote,v,Non-STE (not approved),,,GIVE (v),GIVE (v),,THE TABLE GIVES THE MAXIMUM TOLERANCE FOR THE HOLE. | Blank Page,The table quotes the maximum tolerance for the hole.,2-1-Q1
RADIAL,adj,STE (approved),,Along a radius,,Along a radius,,"DO A CHECK FOR RADIAL CUTS, CRACKS, OR SPLITS.",,2-1-R1
RADIALLY,adv,STE (approved),,Along a radius,,Along a radius,,THE FAN BLADES ARE INSTALLED RADIALLY.,,2-1-R1
RADIOACTIVE,adj,STE (approved),,Related to radioactivity,,Related to radioactivity,,DO A CHECK FOR RADIOACTIVE CONTAMINATION.,,2-1-R1
raise,v,Non-STE (not approved),,,LIFT (v) | INCREASE (v) | RETRACT (v),LIFT (v) INCREASE (v) RETRACT (v),,DO NOT LIFT THE COVER MORE THAN THE SPECIFIED CLEARANCE. | INCREASE THE TEMPERATURE BY 10 DEG. | RETRACT THE LANDING GEAR.,Do not raise the cover more than the specified clearance. | Raise the temperature 10 deg. | Raise the landing gear.,2-1-R1
RANDOM,adj,STE (approved),,Not regular,,Not regular,,"DURING THIS PROCEDURE, DO RANDOM CHECKS OF THE TIRE PRESSURE.",,2-1-R1
RANDOMLY,adv,STE (approved),,Not regularly,,Not regularly,,DO THESE CHECKS RANDOMLY.,,2-1-R1
RANGE,n,STE (approved),,The limits within which something operates,,The limits within which something operates,,THE AUDIO SPECTRUM IS THE FREQUENCY RANGE AT WHICH HUMANS CAN HEAR.,,2-1-R1
rapid,adj,Non-STE (not approved),,,FAST (adj),FAST (adj),,CHEMICAL AGENTS CAUSE FAST DETERIORATION OF PAINTED SURFACES.,Chemical agents cause rapid deterioration of painted surfaces.,2-1-R1
rapidly,adv,Non-STE (not approved),,,QUICKLY (adv),QUICKLY (adv),,QUICKLY TURN THE HANDLE CLOCKWISE.,Rapidly turn the handle clockwise.,2-1-R1
RATE,n,STE (approved),,A measurement of how frequently or how quickly something occurs,,A measurement of how frequently or how quickly something occurs,,MAKE SURE THAT THE FLOW RATE IS CORRECT.,,2-1-R1
re-,prefix,Non-STE (not approved),,,,,"In general, use the word AGAIN (adv) or BACK (adv) with the basic word to replace words that have “re-” as a prefix.",,,2-1-R2
reach,v,Non-STE (not approved),,,GET (v) | TOUCH (v) | BE (v),GET (v) TOUCH (v) BE (v),,"WHEN YOU GET THE CORRECT PRESSURE, CLOSE THE VALVE. | MAKE SURE THAT THE EXTENSION BAR TOUCHES THE TARGET PLATE. | WHEN THE FLAPS ARE AT THE 30 DEGREE POSITION, INSTALL THE RIGGING PIN.","When the correct pressure is reached, close the valve. | Make sure that the extension bar reaches the target plate. | When the flaps reach the 30 degree position, install the rigging pin.",2-1-R2
reactivate,v,Non-STE (not approved),,,ACTIVATE (v),ACTIVATE (v),,ACTIVATE THE MODE AGAIN.,Reactivate the mode.,2-1-R2
READ,v,STE (approved),"READS, READ, READ",To come to know information with the eyes or electronically,,To come to know information with the eyes or electronically,,READ THE INDICATORS ON THE CONTROL PANEL.,,2-1-R2
reading,n,Non-STE (not approved),,,INDICATION (n),INDICATION (n),,MAKE SURE THAT THE EXHAUST FROM THE GROUND CART DOES NOT CAUSE AN INCORRECT INDICATION.,Avoid an erroneous reading caused by exhaust from ground cart.,2-1-R2
readjust,v,Non-STE (not approved),,,ADJUST (v),ADJUST (v),,"AFTER THE INSPECTION, ADJUST THE LINKAGE AGAIN.",Readjust the linkage after the inspection.,2-1-R2
ready,adj,Non-STE (not approved),,,PREPARE (v),PREPARE (v),,MAKE SURE THAT THE CONTROL SYSTEM IS PREPARED FOR OPERATION.,Make sure that the control system is in an operational ready state.,2-1-R2
ready,v,Non-STE (not approved),,,PREPARE (v),PREPARE (v),,PREPARE THE REMOVAL KIT FOR THE REMOVAL OF THE STRUT.,Ready the removal kit for the removal of the strut.,2-1-R2
real,adj,Non-STE (not approved),,,AGREE (v),AGREE (v),,MAKE SURE THAT THE INDICATION ON THE GAUGE AGREES WITH THE QUANTITY OF FUEL THAT IS IN THE TANK.,Make sure that the gauge shows the real quantity of fuel that is in the tank.,2-1-R3
REAR,adj,STE (approved),,Away from the person who looks or from a reference point,,Away from the person who looks or from a reference point,,INSTALL THE TWO BOLTS IN THE REAR FITTINGS.,,2-1-R3
REAR,n,STE (approved),,The rear part or rear surface,,The rear part or rear surface,,THE CIRCUIT BREAKERS ARE INSTALLED ON THE REAR OF THE UNIT.,,2-1-R3
rear of,prep,Non-STE (not approved),,,AFT OF | BEHIND (prep),AFT OF BEHIND (prep),,"THE PUMP IS INSTALLED ON RIB 3, AFT OF THE FRONT SPAR. | THE PUMP IS INSTALLED ON RIB 3, BEHIND THE FRONT SPAR.","The pump is located on rib 3, rear of the front spar. | The pump is located on rib 3, rear of the front spar.",2-1-R3
rearmost,adj,Non-STE (not approved),,,REAR (n),REAR (n),,YOU CANNOT REMOVE THE HALF CLAMP NEAREST TO THE REAR.,The rearmost half clamp is not removable.,2-1-R3
REARWARD,adv,STE (approved),,In the direction of the rear,,In the direction of the rear,,PULL THE LEVER REARWARD.,,2-1-R3
reason,n,Non-STE (not approved),,,CAUSE (n) | BECAUSE OF (prep),CAUSE (n) BECAUSE OF (prep),,"FIND THE CAUSE OF THE INCORRECT INDICATION. | BECAUSE OF THE POSSIBLE EFFECTS ON YOUR HEALTH, USE ONLY POTABLE WATER.","Find the reason for the wrong indication. | For health reasons, only use potable water.",2-1-R3
reassemble,v,Non-STE (not approved),,,ASSEMBLE (v),ASSEMBLE (v),,ASSEMBLE THE ACTUATOR AGAIN.,Reassemble the actuator.,2-1-R3
rebuild,v,Non-STE (not approved),,,ASSEMBLE (v),ASSEMBLE (v),,ASSEMBLE THE UNIT AGAIN.,Rebuild the unit.,2-1-R3
RECEIVE,v,STE (approved),"RECEIVES, RECEIVED, RECEIVED","To get energy, material, or a signal from a different source",,"To get energy, material, or a signal from a different source",,MAKE SURE THAT THE CAPTAIN'S BOOMSET RECEIVES THE SIGNALS CORRECTLY.,,2-1-R4
RECESS,n,STE (approved),,An indentation in a surface,,An indentation in a surface,,"WHEN YOU CLEAN THE SURFACES, REMOVE THE STAINS FROM THE RECESSES.",,2-1-R4
recess,v,Non-STE (not approved),,,RECESS (n),RECESS (n),,DO NOT MAKE A RECESS OF MORE THAN 5 mm FOR THE STUDS. | THE FLANGE IS IN A RECESS IN THE FUSELAGE.,Do not recess studs more than 5 mm. | The flange is recessed into the fuselage.,2-1-R4
recharge,v,Non-STE (not approved),,,CHARGE (v) | FILL (v) | PRESSURIZE (v),CHARGE (v) FILL (v) PRESSURIZE (v),,CHARGE THE BATTERY AGAIN. | FILL THE FLUID RESERVOIR. | PRESSURIZE THE ACCUMULATOR.,Recharge the battery. | Recharge the fluid reservoir. | Recharge the accumulator.,2-1-R4
recheck,v,Non-STE (not approved),,,MEASURE (v) | EXAMINE (v) | CHECK (n),MEASURE (v) EXAMINE (v) CHECK (n),,MEASURE THE DISTANCE BETWEEN THE FACES AGAIN. | EXAMINE THE CASTING FOR CORROSION AGAIN. | DO A LEAKAGE CHECK OF THE FILTER ASSEMBLY AGAIN.,Recheck the distance between the faces. | Recheck the casting for corrosion. | Recheck the filter assembly for leakage.,2-1-R4
reclaim,v,Non-STE (not approved),,,REPAIR (v),REPAIR (v),,REPAIR THE DAMAGED FABRIC AREA.,Reclaim the damaged fabric area.,2-1-R4
recleat,v,Non-STE (not approved),,,ATTACH (v) (TO A CLEAT [TN]),ATTACH (v) (TO A CLEAT [TN]),,ATTACH THE TIEDOWN CORD TO A CLEAT.,Recleat the tiedown cord.,2-1-R4
reclose,v,Non-STE (not approved),,,CLOSE (v),CLOSE (v),,"AFTER SERVICING, CLOSE THE COMPARTMENT AGAIN.",Reclose the compartment after servicing.,2-1-R4
recoil,v,Non-STE (not approved),,,MOVE BACK | WIND (v) | RECOIL (TN),MOVE BACK WIND (v) RECOIL (TN),,BE CAREFUL WHEN THE SLIDE MOVES BACK. | WIND THE PROBE WIRE BACK ON THE SPOOL. | THE GUN BARREL HAS A QUICK RECOIL.,Be careful when the slide recoils. | Recoil the probe wire back on the spool. | The gun barrel recoils quickly.,2-1-R5
RECOMMEND,v,STE (approved),"RECOMMENDS, RECOMMENDED, RECOMMENDED",To advise that which is best,,To advise that which is best,,THE MANUFACTURER RECOMMENDS THAT YOU KEEP THE UNIT IN A DEDICATED AREA.,,2-1-R5
recondition,v,Non-STE (not approved),,,REPAIR (v) | OVERHAUL (TN),REPAIR (v) OVERHAUL (TN),,REPAIR THE SEATS. | DO AN OVERHAUL OF THE ENGINE.,Recondition the seats. | Recondition the engine.,2-1-R5
reconstruction,n,Non-STE (not approved),,,REPAIR (n) | REPAIR (v),REPAIR (n) REPAIR (v),,RECORD ALL REPAIRS TO THE SKIN SURFACE. | THIS PROCEDURE TELLS YOU HOW TO REPAIR THE SURFACE.,Record all reconstruction of the skin surface. | This procedure is for the reconstruction of the surface.,2-1-R5
RECORD,v,STE (approved),"RECORDS, RECORDED, RECORDED",1. To make notes of and keep data to use subsequently 2. To put data on a storage medium,,1. To make notes of and keep data to use subsequently 2. To put data on a storage medium,,RECORD THE RESULTS. | THE COCKPIT VOICE RECORDER RECORDS SIGNALS FROM FOUR AUDIO INPUTS DURING THE FLIGHT.,,2-1-R5
recover,v,Non-STE (not approved),,,COLLECT (v),COLLECT (v),,"REMOVE THE NUT AND THE BOLT. | THEN, COLLECT THE WASHER.","Remove the nut and the bolt. | Then, recover the washer.",2-1-R5
rectify,v,Non-STE (not approved),,,CORRECT (v),CORRECT (v),,"BEFORE YOU START THE PROCEDURE AGAIN, CORRECT THE DEFECT.",Rectify the defect before you restart the procedure.,2-1-R5
recur,v,Non-STE (not approved),,,OCCUR (v),OCCUR (v),,"IF THE SYMPTOMS OCCUR AGAIN, DO A SYSTEM TEST.","If the symptoms recur, do a system test.",2-1-R5
RECYCLE,v,STE (approved),"RECYCLES, RECYCLED, RECYCLED",To put a used material through a process to make it possible to use it or its components again,CYCLE (n),To put a used material through a process to make it possible to use it or its components again CYCLE (n),"For other meanings, use:",MAKE SURE THAT YOU RECYCLE THE REMOVED INSULATION MATERIAL. | DO ONE MORE TEST CYCLE OF THE COMPONENT.,Recycle the component through a test.,2-1-R6
reduce,v,Non-STE (not approved),,,DECREASE (v),DECREASE (v),,SLOWLY DECREASE THE SPEED.,Slowly reduce the speed.,2-1-R6
REFER,v,STE (approved),"REFERS, REFERRED, REFERRED",1. To tell a person where to find information 2. To give information,,1. To tell a person where to find information 2. To give information,,"REFER TO CHAPTER 28 FOR THE INSTALLATION PROCEDURE. | BEFORE YOU DO THIS PROCEDURE, ENGAGE THE RAMP SERVICE DOOR SAFETY CONNECTOR PIN (THE PIN THAT HOLDS THE RAMP SERVICE DOOR, REFERRED TO IN THIS PROCEDURE AS THE “SAFETY CONNECTOR PIN”).",,2-1-R6
reference,n,Non-STE (not approved),,,REFER (v),REFER (v),,REFER TO CHAPTER 20 FOR THE STANDARD TORQUE VALUES.,Reference is made to Chapter 20 for the standard torque values.,2-1-R6
referenced,adj,Non-STE (not approved),,,SHOW (v),SHOW (v),,MAKE SURE THAT THE GRAPH SHOWS THIS POINT.,Make sure that this point is referenced on the graph.,2-1-R6
refill,v,Non-STE (not approved),,,FILL (v),FILL (v),,FILL THE CONTAINER AGAIN.,Refill the container.,2-1-R6
refit,v,Non-STE (not approved),,,INSTALL (v) | REPAIR (v),INSTALL (v) REPAIR (v),,"INSTALL THE LINKAGE AGAIN. | ON THE SUBMARINE, REPAIR ALL DAMAGE AND REPLACE ALL WORN PARTS.",Refit the linkage. | Refit the submarine.,2-1-R6
reflect,v,Non-STE (not approved),,,REFLECTION (n),REFLECTION (n),,THE RETICLE IMAGE MAKES A REFLECTION ON THE BOTTOM SURFACE OF THE GLASS.,The reticle image reflects on the bottom surface of the glass.,2-1-R7
REFLECTION,n,STE (approved),,Something that occurs when energy comes against a surface which sends it back,,Something that occurs when energy comes against a surface which sends it back,,A CLEAN SURFACE GIVES A BETTER REFLECTION.,,2-1-R7
REFUEL,v,STE (approved),"REFUELS, REFUELED, REFUELED",To supply with fuel,,To supply with fuel,,REFUEL THE VEHICLE.,,2-1-R7
register,v,Non-STE (not approved),,,SHOW (v),SHOW (v),,ADJUST THE “SET +40” CONTROL UNTIL THE POINTER SHOWS +40.,Adjust the “SET +40” control until the pointer registers +40.,2-1-R7
regrease,v,Non-STE (not approved),,,APPLY (v) | MORE (adj),APPLY (v) MORE (adj),,APPLY GREASE TO THE ROD AGAIN. | PUT MORE GREASE ON THE JOINT UNTIL YOU CAN MOVE IT.,Regrease the rod. | Regrease the joint until you can move it.,2-1-R7
REGULAR,adj,STE (approved),,At specified or equal intervals,,At specified or equal intervals,,THE COMPUTER GIVES REGULAR INPUTS TO THE CONTROL SYSTEM.,,2-1-R7
REGULARLY,adv,STE (approved),,In a regular manner,,In a regular manner,,"IF THE FAILURE OCCURS REGULARLY, DO A SYSTEM TEST.",,2-1-R7
regulate,v,Non-STE (not approved),,,CONTROL (v) | ADJUST (v),CONTROL (v) ADJUST (v),,CONTROL THE ELECTRICAL CURRENT. | ADJUST THE TIRE PRESSURE AS NECESSARY.,Regulate the electrical current. | Regulate the tire pressure as necessary.,2-1-R7
regulation,n,Non-STE (not approved),,,ADJUSTMENT (n) | CONTROL (n) | CONTROL (v),ADJUSTMENT (n) CONTROL (n) CONTROL (v),,THE TEMPERATURE ADJUSTMENT IS AUTOMATIC. | THE TEMPERATURE CONTROL IS AUTOMATIC. | A SENSOR CONTROLS THE TEMPERATURE IN THE COMPARTMENT.,The regulation of temperature is automatic. | The regulation of temperature is automatic. | The regulation of temperature in the compartment is effected by a sensor.,2-1-R8
reinflate,v,Non-STE (not approved),,,INFLATE (v),INFLATE (v),,INFLATE THE TIRE AGAIN.,Reinflate the tire.,2-1-R8
reinforce,v,Non-STE (not approved),,,MAKE ... STRONGER,MAKE ... STRONGER,,DOUBLERS MAKE THE JOINT STRONGER.,Doublers reinforce the joint.,2-1-R8
reinstall,v,Non-STE (not approved),,,INSTALL (v),INSTALL (v),,"AFTER YOU ADJUST THE UNIT, INSTALL THE COVER AGAIN.",Reinstall the cover after you adjust the unit.,2-1-R8
reinstallation,n,Non-STE (not approved),,,INSTALLATION (n),INSTALLATION (n),,ONLY APPROVED PERSONNEL CAN DO THE INSTALLATION PROCEDURE.,This reinstallation must be performed by qualified personnel.,2-1-R8
REJECT,v,STE (approved),"REJECTS, REJECTED, REJECTED",To make a decision that something is unsatisfactory,,To make a decision that something is unsatisfactory,,REJECT THE PARTS THAT ARE DAMAGED.,,2-1-R8
rejection,n,Non-STE (not approved),,,REJECT (v),REJECT (v),,"IF THE TEST IS NOT SATISFACTORY, REJECT THE COMPONENT.",Rejection is mandatory if the test proves the component to be defective.,2-1-R8
relate,v,Non-STE (not approved),,,RELATED (adj),RELATED (adj),,THE PROCEDURES ARE RELATED TO THE SYSTEM TEST.,The procedures relate to the system test.,2-1-R8
RELATED,adj,STE (approved),,That has a relation,,That has a relation,,CLEAN THE BALLS OF THE ELECTRICAL LATCH AND ITS RELATED SOCKETS.,,2-1-R8
RELATION,n,STE (approved),,"The connection between two or more things caused by their functions, values, or conditions",,"The connection between two or more things caused by their functions, values, or conditions",,THE RELATION BETWEEN THE TWO CONTROL SYSTEMS KEEPS THE AIRCRAFT STABLE.,,2-1-R8
relay,v,Non-STE (not approved),,,SEND (v),SEND (v),,SEND THE INFORMATION TO THE ENGINEERING DEPARTMENT.,Relay the information to the engineering department.,2-1-R9
RELEASE,v,STE (approved),"RELEASES, RELEASED, RELEASED","To make free, to let go",,"To make free, to let go",,RELEASE THE INSTRUMENT PANEL TO GET ACCESS TO THE CONNECTIONS.,,2-1-R9
relevant,adj,Non-STE (not approved),,,RELATED (adj) | THEIR (adj) | ITS (adj),RELATED (adj) THEIR (adj) ITS (adj),,REMOVE THE ROD END FROM THE RELATED PIVOT. | INSTALL THE BOLTS IN THEIR HOLES. | INSTALL THE COMPUTER IN ITS RACK.,Withdraw the rod end from the relevant pivot. | Install the bolts in the relevant holes. | Install the computer in the relevant rack.,2-1-R9
relieve,v,Non-STE (not approved),,,RELEASE (v),RELEASE (v),,RELEASE THE TENSION IN THE CABLE.,Relieve the tension in the cable.,2-1-R9
remain,v,Non-STE (not approved),,,STAY (v),STAY (v),,THE FLAGS MUST STAY OUT OF VIEW.,The flags must remain out of view.,2-1-R9
REMAINING,adj,STE (approved),,That continues to stay,,That continues to stay,,REMOVE THE REMAINING SEALANT WITH SOLVENT.,,2-1-R9
remnant,n,Non-STE (not approved),,,REMAINING (adj),REMAINING (adj),,REMOVE THE REMAINING SEALANT FROM THE FLOOR COVERING.,Remove sealant remnants from the floor covering.,2-1-R9
removable,adj,Non-STE (not approved),,,REMOVE (v),REMOVE (v),,FIND THE PART OF THE BARREL THAT YOU CAN REMOVE.,Find the removable part of the barrel.,2-1-R9
REMOVAL,n,STE (approved),,A procedure which removes an object,,A procedure which removes an object,,THE SUPERVISOR MUST GIVE THE APPLICABLE PROCEDURE FOR CORROSION REMOVAL.,,2-1-R9
REMOVE,v,STE (approved),"REMOVES, REMOVED, REMOVED",To take or move something away from its initial position,,To take or move something away from its initial position,,REMOVE THE INDICATOR FROM THE PANEL.,,2-1-R9
render,v,Non-STE (not approved),,,MAKE (v),MAKE (v),,MAKE THE SYSTEM ELECTRICALLY SAFE.,Render the system electrically safe.,2-1-R9
renew,v,Non-STE (not approved),,,NEW (adj),NEW (adj),,USE NEW ADHESIVE TAPE.,Renew the adhesive tape.,2-1-R10
renovate,v,Non-STE (not approved),,,REPAIR (v) | NEW (adj),REPAIR (v) NEW (adj),,"REPAIR ALL WORN SURFACES. | IF THE PAINT ON THE CONTROL BOX IS DAMAGED, APPLY NEW PAINT.",Renovate all worn surfaces. | Renovate any damaged paint on the control box.,2-1-R10
repack,v,Non-STE (not approved),,,PUT (v) | FILL (v),PUT (v) FILL (v),,PUT THE ASSEMBLY BACK IN THE BOX. | FILL THE HOLE WITH GREASE AGAIN.,Repack the assembly in the box. | Repack the hole with grease.,2-1-R10
repaint,v,Non-STE (not approved),,,PAINT (v),PAINT (v),,PAINT ALL THE SURFACES AGAIN.,Repaint all the surfaces.,2-1-R10
REPAIR,n,STE (approved),,The act of repairing or the result when something is repaired,,The act of repairing or the result when something is repaired,,"AFTER THE REPAIR, APPLY A PROTECTIVE LAYER OF GREASE TO ALL EXTERNAL SURFACES.",,2-1-R10
REPAIR,v,STE (approved),"REPAIRS, REPAIRED, REPAIRED",To make an item serviceable,,To make an item serviceable,,REPAIR THE DEFECTIVE WIRING.,,2-1-R10
repairable,adj,Non-STE (not approved),,,REPAIR (v),REPAIR (v),,IT IS POSSIBLE TO REPAIR THIS DAMAGE.,This damage is repairable.,2-1-R10
repeat,v,Non-STE (not approved),,,AGAIN (adv),AGAIN (adv),,DO STEPS (10) THRU (14) AGAIN.,Repeat steps (10) to (14).,2-1-R10
repeated,adj,Non-STE (not approved),,,AGAIN AND AGAIN,AGAIN AND AGAIN,,"IF YOU HEAR SIGNALS AGAIN AND AGAIN, DO A CHECK OF THE “AP ENGAGE” BUTTON ON THE FLIGHT MODE PANEL.","If repeated signals are heard, check the AP ENGAGE button on the flight mode panel.",2-1-R10
repeatedly,adv,Non-STE (not approved),,,AGAIN AND AGAIN,AGAIN AND AGAIN,,"IF THE VOLTAGE DECREASES AGAIN AND AGAIN, ADJUST THE VOLTAGE REGULATOR.","If voltage drops repeatedly, adjust the voltage regulator.",2-1-R10
REPLACE,v,STE (approved),"REPLACES, REPLACED, REPLACED",To remove an item and to install a new or serviceable item of the same type,,To remove an item and to install a new or serviceable item of the same type,,REPLACE THE RELAY.,,2-1-R11
REPLACEMENT,n,STE (approved),,The item you install when you replace an item,,The item you install when you replace an item,,MAKE SURE THAT THE REPLACEMENT HAS THE CORRECT DIMENSIONS.,,2-1-R11
replenish,v,Non-STE (not approved),,,FILL (v) | ADD (v) | REFUEL (v),FILL (v) ADD (v) REFUEL (v),,FILL THE ACCUMULATOR WITH OIL. | ADD OIL TO THE ACCUMULATOR. | REFUEL THE VEHICLE.,Replenish the accumulator with oil. | Replenish the oil in the accumulator. | Replenish the vehicle with fuel.,2-1-R11
REPORT,n,STE (approved),,The information that is recorded about a subject or occurrence,,The information that is recorded about a subject or occurrence,,"IF THERE IS A REPORT OF DAMAGE, DO AN ACCURATE INSPECTION.",,2-1-R11
reposition,v,Non-STE (not approved),,,MOVE (v) | PUT (v) | SET (v),MOVE (v) PUT (v) SET (v),,MOVE THE LEVER BACK TO ITS INITIAL POSITION. | PUT THE LEVER BACK TO ITS INITIAL POSITION. | SET THE SWITCH BACK TO THE OFF POSITION.,Reposition the lever. | Reposition the lever. | Reposition the switch to OFF.,2-1-R11
represent,v,Non-STE (not approved),,,SHOW (v),SHOW (v),,THE SUCTION SHOWS AS AN ALTIMETER INDICATION.,The suction is represented by an altimeter reading.,2-1-R11
repressurize,v,Non-STE (not approved),,,PRESSURIZE (v),PRESSURIZE (v),,PRESSURIZE THE TANK AGAIN.,Repressurize the tank.,2-1-R11
request,n,Non-STE (not approved),,,TELL (v) | WRITE (v),TELL (v) WRITE (v),,"TELL THE FIRE SERVICE TO HELP YOU. | IF AID IS NECESSARY, WRITE TO THE MANUFACTURER.",Make a request for external fire support. | Any request for assistance should be addressed to the manufacturer.,2-1-R11
request,v,Non-STE (not approved),,,TELL (v) | WRITE (v),TELL (v) WRITE (v),,TELL THE FIRE SERVICE TO HELP YOU. | WRITE TO THE MANUFACTURER FOR REPAIR INSTRUCTIONS.,Request external fire support. | Request repair instructions from the manufacturer.,2-1-R12
require,v,Non-STE (not approved),,,NECESSARY (adj),NECESSARY (adj),,"DURING THIS PROCEDURE, CLEAN FILTERS ARE NECESSARY.","During this procedure, clean filters are required.",2-1-R12
reseal,v,Non-STE (not approved),,,SEAL (v),SEAL (v),,SEAL THE CONTAINER AGAIN.,Reseal the container.,2-1-R12
reset,v,Non-STE (not approved),,,SET (v),SET (v),,SET THE INDICATOR TO A NEW POSITION.,Reset the indicator to a new position.,2-1-R12
residual,adj,Non-STE (not approved),,,REMAINING (adj),REMAINING (adj),,REMOVE ALL THE REMAINING GREASE.,Remove all residual grease.,2-1-R12
residue,n,Non-STE (not approved),,,REMAINING (adj),REMAINING (adj),,REMOVE THE REMAINING GREASE.,Remove the grease residues.,2-1-R12
RESISTANT,adj,STE (approved),,That will help to prevent something,,That will help to prevent something,,THE MATERIAL OF THE SEATS IS RESISTANT TO FIRE.,,2-1-R12
respective,adj,Non-STE (not approved),,,RELATED (adj) | CORRECT (adj),RELATED (adj) CORRECT (adj),,ATTACH THE CABLES TO THEIR RELATED SHACKLES. | INSTALL THE BOLTS IN THEIR CORRECT POSITIONS.,Attach the cables to their respective shackles. | Install the bolts in their respective positions.,2-1-R12
respectively,adv,Non-STE (not approved),,,RELATED (adj),RELATED (adj),,ENGINES 1 AND 2 SUPPLY HOT AIR TO THEIR RELATED WINGS.,Engines 1 and 2 supply the left and right wings respectively with hot air.,2-1-R12
respond,v,Non-STE (not approved),,,RESULT (n),RESULT (n),,"IF THE INSTRUMENT DOES NOT GIVE A RESULT, DO A TEST.","If the instrument fails to respond, do a test.",2-1-R12
rest,n,Non-STE (not approved),,,REMAINING (adj),REMAINING (adj),,THE REMAINING INSTRUCTIONS ARE APPLICABLE ONLY TO APPROVED PERSONNEL.,The rest of these instructions only apply to approved personnel.,2-1-R12
rest,v,Non-STE (not approved),,,BE (v) | PUT (v),BE (v) PUT (v),,THE VEHICLE MUST BE ON ITS WHEELS. | PUT THE REMOVED PART ON A CLEAN SURFACE.,The vehicle must rest on its wheels. | Rest the removed part on a clean surface.,2-1-R13
restart,v,Non-STE (not approved),,,START (v),START (v),,START THE UNIT AGAIN.,Restart the unit.,2-1-R13
restore,v,Non-STE (not approved),,,REPAIR (v) | PUT (v),REPAIR (v) PUT (v),,DO NOT REPAIR THE CHROMIC ACID ANODIZING ON THE SKIN PANEL. | PUT THE PINS BACK IN THEIR LOCATION.,Do not restore the chromic acid anodizing on the skin panel. | Restore the pins to their location.,2-1-R13
restrain,v,Non-STE (not approved),,,HOLD (v) | STOP (v) | PREVENT (v) | LIMIT (n),HOLD (v) STOP (v) PREVENT (v) LIMIT (n),,HOLD THE HOSES IN POSITION. | STOP THE FLUID FLOW. | THE STOP PREVENTS THE MOVEMENT OF THE ROD. | THE VALVE KEEPS THE AIRFLOW IN LIMITS.,Restrain the hoses in position. | Restrain all fluid flow. | The stop restrains the movement of the rod. | The valve restrains the airflow.,2-1-R13
restrict,v,Non-STE (not approved),,,DECREASE (v) | PREVENT (v) | ONLY (adv) | LIMIT (n),DECREASE (v) PREVENT (v) ONLY (adv) LIMIT (n),,THE METERING PLUG DECREASES THE FUEL FLOW. | THE STOP PREVENTS THE MOVEMENT OF THE ROD. | USE THESE NUTS ONLY FOR THE TEST. | THE VALVE KEEPS THE AIRFLOW IN LIMITS.,The metering plug restricts the fuel flow. | The stop restricts the movement of the rod. | Restrict the use of these nuts to test only. | The valve restricts the airflow.,2-1-R13
RESULT,n,STE (approved),,Something that occurs when you do something,,Something that occurs when you do something,,"IF THESE TESTS DO NOT GIVE THE CORRECT RESULTS, REPLACE THE UNIT.",,2-1-R13
result,v,Non-STE (not approved),,,CAUSE (v) | RESULT (n),CAUSE (v) RESULT (n),,AN INCORRECT CONNECTION WILL CAUSE DAMAGE. | REPAIR DAMAGE THAT IS THE RESULT OF CORROSION.,An incorrect connection will result in damage. | Repair any damage resulting from corrosion.,2-1-R14
resume,v,Non-STE (not approved),,,START (v) | CONTINUE (v),START (v) CONTINUE (v),,INCREASE THE PRESSURE UNTIL THE FLOW STARTS AGAIN. | CONTINUE THE TEST.,Increase the pressure until the flow resumes. | Resume the test.,2-1-R14
retain,v,Non-STE (not approved),,,KEEP (v),KEEP (v),,KEEP THE PLUG.,Retain the plug.,2-1-R14
retorque,v,Non-STE (not approved),,,TORQUE (v),TORQUE (v),,TORQUE THE FITTING AGAIN.,Retorque the fitting.,2-1-R14
retouch,v,Non-STE (not approved),,,APPLY (v) | PAINT (v),APPLY (v) PAINT (v),,APPLY ENAMEL ON THE AREAS WHERE IT IS MISSING. | PAINT THE DAMAGED LETTERS ON THE LABEL.,Retouch the missing enamel areas. | Retouch the damaged label letters.,2-1-R14
RETRACT,v,STE (approved),"RETRACTS, RETRACTED, RETRACTED",1. To pull in(to) 2. To move in(to),,1. To pull in(to) 2. To move in(to),,RETRACT THE LANDING GEAR. | THE NOSE LANDING GEAR RETRACTS INTO THE FUSELAGE.,,2-1-R14
retractable,adj,Non-STE (not approved),,,RETRACT (v),RETRACT (v),,THE AIRCRAFT HAS A LANDING GEAR THAT RETRACTS.,The aircraft has a retractable landing gear.,2-1-R14
RETRACTION,n,STE (approved),,The result when something retracts,,The result when something retracts,,"DURING THE RETRACTION SEQUENCE, MAKE SURE THAT THE LANDING GEAR DOORS CLOSE.",,2-1-R14
return,n,Non-STE (not approved),,,GO (v),GO (v),,"AFTER THE AILERONS GO BACK TO NEUTRAL, MAKE SURE THAT THEY ARE FLUSH WITH THE FLAPS.","After the return of the ailerons to neutral, check that they are flush with the flaps.",2-1-R14
return,v,Non-STE (not approved),,,GO (v),GO (v),,THE PLUNGERS MUST GO BACK TO THE CLOSED POSITION.,Plungers must return to the closed position.,2-1-R15
reusable,adj,Non-STE (not approved),,,USE (v),USE (v),,YOU CAN USE THE MIXTURE AGAIN.,The mixture is reusable.,2-1-R15
reuse,v,Non-STE (not approved),,,USE (v),USE (v),,"IF THE FABRIC IS NOT DAMAGED, USE IT AGAIN.",Reuse the fabric if it is not damaged.,2-1-R15
reveal,v,Non-STE (not approved),,,SHOW (v),SHOW (v),,"IF THE FUEL SAMPLE SHOWS FREE WATER, DRAIN THE SYSTEM.","If the fuel sample reveals free water, drain the system.",2-1-R15
reverse,adj,Non-STE (not approved),,,OPPOSITE (adj),OPPOSITE (adj),This word is part of a technical noun when it refers to rearward thrust.,MOVE THE CONTROL IN THE OPPOSITE DIRECTION. | MANUALLY TURN THE PROPELLER BLADES TO THE FULL REVERSE POSITION.,Move the control in the reverse direction.,2-1-R15
reverse,v,Non-STE (not approved),,,OPPOSITE (adj),OPPOSITE (adj),,MOVE THE ROD IN THE OPPOSITE DIRECTION.,Reverse the movement of the rod.,2-1-R15
review,n,Non-STE (not approved),,,INSPECTION (n) | EXAMINE (v),INSPECTION (n) EXAMINE (v),,DO AN INSPECTION OF THE DAMAGED AREA. | EXAMINE THE DAMAGED AREA.,Do a review of the damaged area. | Do a review of the damaged area.,2-1-R15
rewind,v,Non-STE (not approved),,,WIND (v),WIND (v),,WIND THE CABLE BACK ONTO ITS REEL.,Rewind the cable onto its reel.,2-1-R15
rework,v,Non-STE (not approved),,,,,"Refer to technical verbs, manufacturing processes.","EXAMINE FOR SCRATCHES. | THEN, LIGHTLY POLISH ALL DAMAGED AREAS.",Examine for scratches and rework all damaged areas.,2-1-R15
rig,v,Non-STE (not approved),,,ADJUST (v),ADJUST (v),,ADJUST THE SYSTEM.,Rig the system.,2-1-R15
RIGHT,adj,STE (approved),,On the east side when you look north,,On the east side when you look north,,DO A FLOW CHECK OF THE PUMP IN THE RIGHT WING TANK.,,2-1-R15
right-hand,adj,Non-STE (not approved),,,RIGHT (adj),RIGHT (adj),,THE FUEL CONNECTOR IS IN THE RIGHT WING.,The fuel connector is in the right-hand wing.,2-1-R15
RIGID,adj,STE (approved),,That cannot easily bend or change shape,,That cannot easily bend or change shape,,REMOVE THE SCREWS FROM THE RIGID COVER.,,2-1-R15
rinse,v,Non-STE (not approved),,,FLUSH (v) | REMOVE (v) | CLEAN (v),FLUSH (v) REMOVE (v) CLEAN (v),,FLUSH THE FILTER WITH HOT WATER. | REMOVE THE CLEANING AGENT FROM THE SURFACE. | CLEAN THE WINDOW PANE WITH A LARGE QUANTITY OF WATER.,Rinse the filter in hot running water. | Rinse the cleaning agent from the surface. | Rinse the window pane with a large quantity of water.,2-1-R16
ripped,adj,Non-STE (not approved),,,DAMAGED (adj),DAMAGED (adj),,"IF THE SEAT COVER IS DAMAGED, REPLACE IT.","If the seat cover is ripped, replace it.",2-1-R16
rise,n,Non-STE (not approved),,,INCREASE (v),INCREASE (v),,"WHEN A FIRE STARTS, THE TEMPERATURE INCREASES AND CAUSES THE DETECTOR TO OPERATE.","When a fire starts, the temperature rise causes the detector to operate.",2-1-R16
rise,v,Non-STE (not approved),,,INCREASE (v),INCREASE (v),,FILL THE STRUT WITH FLUID UNTIL THE PRESSURE INCREASES.,Fill the strut with fuel until the pressure rises.,2-1-R16
RISK,n,STE (approved),,The possibility that something that is dangerous occurs,,The possibility that something that is dangerous occurs,,OBEY THE PRECAUTIONS TO PREVENT THE RISK OF FIRE.,,2-1-R16
rope off,v,Non-STE (not approved),,,ROPE (TN),ROPE (TN),,PUT ROPES AROUND THE AREA.,Rope off the area.,2-1-R16
rotary,adj,Non-STE (not approved),,,TURN (v),TURN (v),,TURN THE GEARS TO ALIGN THEM.,Use a rotary movement to align the gears.,2-1-R16
rotate,v,Non-STE (not approved),,,TURN (v),TURN (v),,SLOWLY TURN THE VANE.,Slowly rotate the vane.,2-1-R16
rotation,n,Non-STE (not approved),,,TURN (v),TURN (v),,MAKE SURE THAT THE FAN TURNS FREELY.,Ensure the free rotation of the fan.,2-1-R16
rotational,adj,Non-STE (not approved),,,TURN (v),TURN (v),,TURN THE GEARS TO ALIGN THEM.,Use a rotational movement to align the gears.,2-1-R16
ROUGH,adj,STE (approved),"ROUGHER, ROUGHEST",Not smooth,,Not smooth,,CLEAN THE ROUGH SURFACES CAREFULLY.,,2-1-R16
roughen,v,Non-STE (not approved),,,ROUGH (adj),ROUGH (adj),,MAKE THE FAYING SURFACES ROUGH.,Roughen the faying surfaces.,2-1-R16
roughness,n,Non-STE (not approved),,,ROUGH (adj),ROUGH (adj),,MAKE SURE THAT THE AREA OF THE BOND IS SUFFICIENTLY ROUGH.,Make sure the area of the bond has sufficient roughness.,2-1-R17
round,adj,Non-STE (not approved),,,CIRCULAR (adj),CIRCULAR (adj),,REPAIR THE DAMAGE WITH A CIRCULAR PATCH.,Repair the damage with a round patch.,2-1-R17
ROUNDED,adj,STE (approved),,Not angular,,Not angular,,"WHEN YOU INSTALL THE PART, MAKE SURE THAT THE ROUNDED EDGE IS AGAINST THE STRUCTURE.",,2-1-R17
route,n,Non-STE (not approved),,,ROUTING (n),ROUTING (n),,MAKE SURE THAT YOU DO NOT CHANGE THE WIRE ROUTING.,Make sure you do not change the wire routes.,2-1-R17
route,v,Non-STE (not approved),,,PUT (v) | ROUTING (n),PUT (v) ROUTING (n),,PUT THE FUELING HOSE ALONG THE GROUND. | MAKE SURE THAT THE ROUTING OF THE WIRE IS CORRECT.,Route the fueling hose along the ground. | Make sure that the wiring is correctly routed.,2-1-R17
routine,adj,Non-STE (not approved),,,USUAL (adj),USUAL (adj),,"IF SUCH FAILURES BECOME USUAL, REPLACE THE UNIT.","If such failures become routine, replace the unit.",2-1-R17
ROUTING,n,STE (approved),,"The specified direction that cables, pipes, wires, and other parts of a system must go along",,"The specified direction that cables, pipes, wires, and other parts of a system must go along",,DO NOT CHANGE THE ROUTING OF THE PIPE.,,2-1-R17
ROW,n,STE (approved),,A number of objects in a line,,A number of objects in a line,,THE PANELS ARE INSTALLED IN ROWS.,,2-1-R17
RUB,v,STE (approved),"RUBS, RUBBED, RUBBED",To move or cause something to move with pressure and friction along a surface,,To move or cause something to move with pressure and friction along a surface,,RUB THE SURFACE WITH A CLEAN CLOTH. | MAKE SURE THAT THE COILS OF THE OXYGEN HOSE DO NOT RUB TOGETHER.,,2-1-R17
run,v,Non-STE (not approved),,,OPERATE (v),OPERATE (v),,OPERATE THE ENGINE AT 100% THRUST.,Run the engine at 100% thrust.,2-1-R17
running,adj,Non-STE (not approved),,,FLUSH (v),FLUSH (v),,FLUSH THE PIPES WITH WATER. | Blank Page,Clean the pipes with running water.,2-1-R17
SAFE,adj,STE (approved),"SAFER, SAFEST","Not dangerous, disarmed",,"Not dangerous, disarmed",,"BEFORE YOU CONTINUE THE WORK, MAKE THE AREA SAFE.",,2-1-S1
SAFELY,adv,STE (approved),,In a safe manner,,In a safe manner,,MAKE SURE THAT THE LADDER IS SAFELY ATTACHED.,,2-1-S1
SAFETY,n,STE (approved),,A condition that is safe,,A condition that is safe,,"FOR YOUR SAFETY, ALWAYS USE A PROTECTIVE MASK.",,2-1-S1
SAFETY,v,STE (approved),"SAFETIES, SAFETIED, SAFETIED",1. To prevent accidental operation 2. To make sure that something does not become loose,,1. To prevent accidental operation 2. To make sure that something does not become loose,,"OPEN AND TAG THE CIRCUIT BREAKERS. | THEN, SAFETY THEM. | SAFETY THE NUT WITH LOCKWIRE.",,2-1-S1
safety-clip,v,Non-STE (not approved),,,LOCK (v) (WITH A CLIP [TN] OR | CLIPS [TN]) | SAFETY (v) (WITH A CLIP [TN] OR | CLIPS [TN]),LOCK (v) (WITH A CLIP [TN] OR CLIPS [TN]) SAFETY (v) (WITH A CLIP [TN] OR CLIPS [TN]),,"LOCK THE TURNBUCKLE ON THE CONTROL ROD WITH A CLIP. | OPEN AND TAG THE CIRCUIT BREAKER. | THEN, SAFETY IT WITH A CLIP.","Safety-clip the turnbuckle on the control rod. | Open, tag, and safety-clip the circuit breaker.",2-1-S1
safety-wire,v,Non-STE (not approved),,,LOCK (v) (WITH LOCKWIRE [TN]) | SAFETY (v) (WITH SAFETY WIRE | [TN]),LOCK (v) (WITH LOCKWIRE [TN]) SAFETY (v) (WITH SAFETY WIRE [TN]),,LOCK THE COVER TO THE FIRE EXTINGUISHER SWITCH WITH LOCKWIRE. | SAFETY THE NUT WITH SAFETY WIRE.,Safety-wire the cover to the fire extinguisher switch. | Safety-wire the nut.,2-1-S1
SAME,adj,STE (approved),,Agrees in all details,,Agrees in all details,,THE SAME PROCEDURE IS APPLICABLE TO THE TWO UNITS.,,2-1-S1
SAME,pron,STE (approved),,Agrees in all details,,Agrees in all details,,THE ADJUSTMENT OF THE LEFT AND RIGHT ACTUATORS MUST BE THE SAME.,,2-1-S2
SAMPLE,n,STE (approved),,A piece or quantity of something that you use for an inspection or test procedure to show that it has specified qualities,,A piece or quantity of something that you use for an inspection or test procedure to show that it has specified qualities,,"GET A SAMPLE OF THE FUEL. | THEN, MEASURE ITS SPECIFIC GRAVITY.",,2-1-S2
sample,v,Non-STE (not approved),,,SAMPLE (n),SAMPLE (n),,"GET A SAMPLE OF FUEL. | THEN, DO A TEST FOR WATER CONTAMINATION.",Sample and test the fuel for water contamination.,2-1-S2
SATISFACTORILY,adv,STE (approved),,In a satisfactory manner,,In a satisfactory manner,,MAKE SURE THAT THE MICROSWITCHES OPERATE SATISFACTORILY.,,2-1-S2
SATISFACTORY,adj,STE (approved),,Agrees with all that is necessary,,Agrees with all that is necessary,,A CLEARANCE OF 3 mm IS SATISFACTORY.,,2-1-S2
saturate,v,Non-STE (not approved),,,SOAK (v),SOAK (v),,SOAK THE ELEMENT FOR FOUR HOURS.,Saturate the element for four hours.,2-1-S2
save,v,Non-STE (not approved),,,KEEP (v),KEEP (v),,KEEP THE O-RINGS FOR THE SUBSEQUENT PROCEDURES.,Save the O-rings for the subsequent procedures.,2-1-S2
scan,v,Non-STE (not approved),,,EXAMINE (v) | SCAN (TN),EXAMINE (v) SCAN (TN),,EXAMINE THE SURFACE ALONG THE TRAILING EDGE. | THE ANTENNA DOES A SCAN THROUGH 80 DEG.,Scan the surface along the trailing edge. | Antenna scans through 80 deg.,2-1-S2
SCHEDULE,v,STE (approved),"SCHEDULES, SCHEDULED, SCHEDULED",To plan something in a time or a sequence,,To plan something in a time or a sequence,,SCHEDULE THE CHECKS OF THE TIRES AT REGULAR INTERVALS.,,2-1-S2
scored,adj,Non-STE (not approved),,,SCORE (TN),SCORE (TN),,"IF THE BEARING RACE HAS SCORES, REPLACE IT.","If the bearing race is scored, replace it.",2-1-S2
scrap,v,Non-STE (not approved),,,DISCARD (v),DISCARD (v),,DISCARD THE REMOVED SEAL.,Scrap the removed seal.,2-1-S2
scrape,v,Non-STE (not approved),,,REMOVE (v) (WITH A SCRAPER | [TN]),REMOVE (v) (WITH A SCRAPER [TN]),,REMOVE THE REMAINING SEALANT WITH AN APPLICABLE SCRAPER.,Scrape off the old sealant.,2-1-S3
scratched,adj,Non-STE (not approved),,,SCRATCH (TN),SCRATCH (TN),,REPAIR THE SURFACES THAT HAVE SCRATCHES.,Repair the scratched surfaces.,2-1-S3
screw,v,Non-STE (not approved),,,TURN (v) | ATTACH (v) (WITH A SCREW [TN] | OR SCREWS [TN]),TURN (v) ATTACH (v) (WITH A SCREW [TN] OR SCREWS [TN]),,CONTINUE TO TURN THE END FITTING UNTIL IT IS IN THE CORRECT POSITION. | ATTACH THE STRAPS TO THE PANELS WITH SCREWS.,Continue screwing the end fitting until it is in the correct position. | Screw the straps to the panels.,2-1-S3
scrub,v,Non-STE (not approved),,,CLEAN (v) (WITH A BRUSH [TN]),CLEAN (v) (WITH A BRUSH [TN]),,CLEAN THE METAL PARTS WITH A BRUSH.,Scrub all metal parts.,2-1-S3
SEAL,n,STE (approved),,Something that prevents access or leaks,,Something that prevents access or leaks,,APPLY SEALANT TO THE FILLET SEALS.,,2-1-S3
SEAL,v,STE (approved),"SEALS, SEALED, SEALED",To prevent access or leaks,,To prevent access or leaks,,SEAL THE OPENINGS WITH POLYETHYLENE.,,2-1-S3
search,v,Non-STE (not approved),,,EXAMINE (v),EXAMINE (v),,EXAMINE THE SURFACE FOR CRACKS.,Search the surface for cracks.,2-1-S3
seat,v,Non-STE (not approved),,,INSTALL (v) | AGAINST (prep),INSTALL (v) AGAINST (prep),,INSTALL THE O-RING IN ITS GROOVE ON THE PISTON. | MAKE SURE THAT THE VALVE IS IN ITS CORRECT POSITION AGAINST THE FRAME.,Seat the O-ring in its groove on the piston. | Make sure that the valve is seated on the frame.,2-1-S3
SECONDARY,adj,STE (approved),,Second in importance,,Second in importance,,THE SECONDARY FILTER REMOVES THE REMAINING CONTAMINATION.,,2-1-S3
secure,adj,Non-STE (not approved),,,TIGHT (adj) | SAFE (adj) | CORRECTLY (adv),TIGHT (adj) SAFE (adj) CORRECTLY (adv),,"MAKE SURE THAT THE BOLTS ARE TIGHT. | BEFORE YOU LIFT THE PLATFORM, MAKE SURE THAT IT IS SAFE. | MAKE SURE THAT THE BRACKETS ARE CORRECTLY ATTACHED.",Make sure that the bolts are secure. | Make sure that the platform is secure before you lift it. | Check the brackets for secure attachment.,2-1-S4
secure,v,Non-STE (not approved),,,ATTACH (v) | SAFETY (v),ATTACH (v) SAFETY (v),,REMOVE THE BOLTS THAT ATTACH THE UNIT. | SAFETY THE PULLEY GUARD PINS WITH SPLIT PINS.,Remove the bolts that secure the unit. | Secure the pulley guard pins with split pins.,2-1-S4
securely,adv,Non-STE (not approved),,,CORRECTLY (adv) | SAFELY (adv) | TIGHT (adj),CORRECTLY (adv) SAFELY (adv) TIGHT (adj),,MAKE SURE THAT THE BRACKETS ARE CORRECTLY ATTACHED. | MAKE SURE THAT THE LADDER IS SAFELY ATTACHED. | MAKE SURE THAT THE BOLTS ARE TIGHT.,Make sure that the brackets are securely attached. | Make sure the ladder is securely attached. | Make sure that the bolts are securely installed.,2-1-S4
security,n,Non-STE (not approved),,,CORRECTLY (adv),CORRECTLY (adv),,MAKE SURE THAT THE COMPONENTS ARE CORRECTLY ATTACHED.,Check the security of the components.,2-1-S4
SEE,v,STE (approved),"SEES, SAW, SEEN",To know with the eyes,REFER (v) | EXAMINE (v) | MAKE SURE (v),To know with the eyes REFER (v) EXAMINE (v) MAKE SURE (v),"For other meanings, use:",MAKE SURE THAT YOU CAN SEE THE CABLE THROUGH THE INSPECTION HOLE. | REFER TO TABLE 8001 FOR THE APPLICABLE TORQUE VALUES. | EXAMINE THE MEMBRANE FOR HOLES. | MOVE THE TUBE TO MAKE SURE THAT ITS INNER CONNECTION IS TIGHT.,See Table 8001 for the applicable torque values. | Check the membrane to see if there are holes. | Move the tube to see if its inner connection is tight.,2-1-S5
seek,v,Non-STE (not approved),,,GET (v),GET (v),,GET MEDICAL AID IMMEDIATELY.,Seek medical attention immediately.,2-1-S5
seepage,n,Non-STE (not approved),,,LEAKAGE (n),LEAKAGE (n),,CLEAN THE AREAS WHERE THERE IS HYDRAULIC FLUID LEAKAGE.,Clean the areas where there is hydraulic fluid seepage.,2-1-S5
seized,adj,Non-STE (not approved),,,CATCH (v) | MOVE (v) | TURN (v),CATCH (v) MOVE (v) TURN (v),,"IF THE CONTROL CABLE IS CAUGHT IN THE PULLEY, RELEASE THE CABLE TENSION. | IF YOU CANNOT MOVE THE BOLTS, APPLY SOME PENETRATING OIL. | IF THE FLAP CONTROL MOTOR CANNOT TURN, USE THE ALTERNATIVE MODE.","If the control cable is seized in the pulley, release the cable tension. | If the bolts are seized, apply some penetrating oil. | If the flap control motor is seized, use the alternate mode.",2-1-S5
SELECT,v,STE (approved),"SELECTS, SELECTED, SELECTED",To make a choice,,To make a choice,Do not use this word as a synonym for SET (v).,SELECT THE HYDRAULIC SYSTEM THAT YOU WILL PRESSURIZE. | SELECT A LANGUAGE FROM THE MENU. | SET THE SWITCH TO “TEST.”,Select the switch to TEST.,2-1-S6
SELECTION,n,STE (approved),,The action or result of choosing,,The action or result of choosing,,THE OPERATION OF THE INDICATOR DOES NOT PREVENT THE SELECTION OF SYSTEM 1.,,2-1-S6
SEMICIRCULAR,adj,STE (approved),,That has the shape of half a circle,,That has the shape of half a circle,,THE VALVE FLAPS ARE SEMICIRCULAR.,,2-1-S6
SEND,v,STE (approved),"SENDS, SENT, SENT",To cause to go,,To cause to go,,SEND THE FILTER ELEMENT TO THE MAINTENANCE SHOP FOR THE NECESSARY INSPECTION.,,2-1-S6
SENSE,v,STE (approved),"SENSES, SENSED, SENSED",To get an input automatically,,To get an input automatically,,THE TEMPERATURE BULB SENSES THE EXTERNAL AIR TEMPERATURE.,,2-1-S6
SENSITIVE,adj,STE (approved),,That can sense small changes,,That can sense small changes,,THE CAPSULE IS SENSITIVE TO PRESSURE CHANGES.,,2-1-S6
separable,adj,Non-STE (not approved),,,DISASSEMBLE (v) | DISCONNECT (v),DISASSEMBLE (v) DISCONNECT (v),,YOU CAN DISASSEMBLE THIS UNIT INTO TWO PARTS. | YOU CAN DISCONNECT THESE LINE FITTINGS.,This unit is separable into two parts. | These line fittings are separable.,2-1-S6
separate,adj,Non-STE (not approved),,,ISOLATED (adj) | DIFFERENT (adj) | NOT CONNECTED NOT ATTACHED,ISOLATED (adj) DIFFERENT (adj) NOT CONNECTED NOT ATTACHED,,EACH HYDRAULIC SYSTEM IS FULLY ISOLATED. | PUT THE REMAINING PARTS IN A DIFFERENT CONTAINER. | THESE TWO TRACKS ARE NOT CONNECTED TO THE OTHER TWO. | THE CAP IS NOT ATTACHED TO THE COUPLING.,All hydraulic systems are completely separate. | Put the remaining parts in a separate container. | These two tracks are separate from the other two. | The cap is separate from the coupling.,2-1-S7
separate,v,Non-STE (not approved),,,DISCONNECT (v) | DIVIDE (v),DISCONNECT (v) DIVIDE (v),,DISCONNECT THE LINE FITTINGS. | YOU CAN DIVIDE THE DRAINS INTO THREE GROUPS.,Separate the line fittings. | You can separate the drains into three groups.,2-1-S7
separately,adv,Non-STE (not approved),,,INDEPENDENTLY (adv),INDEPENDENTLY (adv),,THE SYSTEM MONITORS THE CONDITION OF THE PARTS INDEPENDENTLY.,The system monitors the condition of the parts separately.,2-1-S7
SEPARATION,n,STE (approved),,The action or result of separating,,The action or result of separating,,SEPARATION OF THESE PARTS IS NOT EASY.,,2-1-S7
SEQUENCE,n,STE (approved),,The relation of items that follow one after the other in a list or the relation of steps or events that occur one after the other in time,,The relation of items that follow one after the other in a list or the relation of steps or events that occur one after the other in time,,TIGHTEN THE BOLTS IN THE SEQUENCE THAT IS GIVEN IN FIGURE 3.,,2-1-S7
serious,adj,Non-STE (not approved),,,IMPORTANT (adj) | DANGEROUS (adj),IMPORTANT (adj) DANGEROUS (adj),,VIRUS CONTAMINATION IS AN IMPORTANT PROBLEM. | HYDRAULIC FLUID IS DANGEROUS FOR YOUR EYES.,Virus contamination is a serious problem. | Hydraulic fluid can cause serious eye injury.,2-1-S7
serrated,adj,Non-STE (not approved),,,SERRATION (n),SERRATION (n),,USE GLOVES WHEN YOU TOUCH PARTS WITH EDGE SERRATIONS.,Use gloves when handling parts with serrated edges.,2-1-S8
SERRATION,n,STE (approved),,One or more notches or teeth as in a saw,,One or more notches or teeth as in a saw,,MAKE MARKS THAT SHOW THE LOCATION OF THE SERRATIONS.,,2-1-S8
serve,v,Non-STE (not approved),,,,,Use an accurate verb.,THE RADIO MASTER SWITCH CONTROLS THE BUS BAR.,The radio master switch serves to control the bus bar.,2-1-S8
service,v,Non-STE (not approved),,,SERVICING (n),SERVICING (n),,DO THE SERVICING OF THE FIRE EXTINGUISHERS.,Service the fire extinguishers.,2-1-S8
serviceability,n,Non-STE (not approved),,,SERVICEABLE (adj),SERVICEABLE (adj),,THE TIRE IS SERVICEABLE IF THE CUTS ARE SMALLER THAN 10 mm.,The serviceability of the tire is not affected by any cut smaller than 10 mm.,2-1-S8
SERVICEABLE,adj,STE (approved),,Correct or satisfactory,,Correct or satisfactory,,DO A VISUAL INSPECTION OF THE ADAPTER TO MAKE SURE THAT IT IS SERVICEABLE.,,2-1-S8
SERVICING,n,STE (approved),,The steps necessary to prepare something for operation,,The steps necessary to prepare something for operation,,"BEFORE YOU DO SERVICING OF THE HYDRAULIC SYSTEM, ISOLATE IT.",,2-1-S8
SET,n,STE (approved),,A group of related items that you (can) use for the same purpose,,A group of related items that you (can) use for the same purpose,,USE THE SET OF TOOLS THAT IS SUPPLIED WITH THE UNIT.,,2-1-S8
SET,v,STE (approved),"SETS, SET, SET","To put something into a given adjustment, condition, or mode",,"To put something into a given adjustment, condition, or mode",,SET THE ALTIMETER SCALE TO 1013 mbar.,,2-1-S8
setting,n,Non-STE (not approved),,,ADJUSTMENT (n) | POSITION (n) | SET (v),ADJUSTMENT (n) POSITION (n) SET (v),,DO NOT CHANGE THE ADJUSTMENT OF THE SWITCHES. | MAKE SURE THAT THE POSITION OF THE FLAPS IS EIGHT DEG. | THE MANUFACTURER SETS THE LENGTH OF THE ROD IN THE FACTORY.,Do not change the setting of the switches. | Check flaps for eight deg. setting. | Setting of the rod length is achieved in the factory.,2-1-S8
settle,v,Non-STE (not approved),,,COLLECT (v) | STABLE (adj),COLLECT (v) STABLE (adj),,LET THE SEDIMENT COLLECT AT THE BOTTOM OF THE CONTAINER. | LET THE INDICATIONS BECOME STABLE.,Let the sediment settle at the bottom of the container. | Let the indications settle.,2-1-S9
sever,v,Non-STE (not approved),,,CUT (v),CUT (v),,MAKE SURE THAT YOU DO NOT CUT THE CONTROL CABLE.,Make sure you do not sever the control cable.,2-1-S9
several,adj,Non-STE (not approved),,,SOME (adj),SOME (adj),"If this alternative is not sufficient, give the range, quantity, number, or minimum value.",SOME FUNCTIONS ARE NOT AVAILABLE. | SOAK THE FILLER CAPS IN DISTILLED WATER FOR A MINIMUM OF EIGHT HOURS.,Several functions are not available. | Soak the filler caps in distilled water for several hours.,2-1-S9
severe,adj,Non-STE (not approved),,,DANGEROUS (adj),DANGEROUS (adj),,THIS ANTISEPTIC CAN BE DANGEROUS FOR YOUR SKIN.,This antiseptic can cause severe skin problems.,2-1-S9
SHAKE,v,STE (approved),"SHAKES, SHOOK, SHAKEN",To move or cause to move quickly up and down or from side to side,,To move or cause to move quickly up and down or from side to side,,SHAKE THE CONTAINER. | THE CONTROL COLUMN STARTS TO SHAKE BEFORE A STALL OCCURS.,,2-1-S9
shall,v,Non-STE (not approved),,,MUST (v),MUST (v),,HOLES MUST NOT HAVE SHARP EDGES.,Holes shall not have sharp edges.,2-1-S9
SHAPE,n,STE (approved),,The contour of an object,,The contour of an object,,THE PATCH MUST BE THE SAME SHAPE AS THE CUTOUT.,,2-1-S9
shape,v,Non-STE (not approved),,,SHAPE (n),SHAPE (n),,MAKE THE PATCH THE SAME SHAPE AS THE CUTOUT.,Shape the patch to suit the cutout.,2-1-S9
SHARP,adj,STE (approved),"SHARPER, SHARPEST",That can cut or make a hole,,That can cut or make a hole,,MAKE A HOLE WITH A SHARP TOOL.,,2-1-S9
sharply,adv,Non-STE (not approved),,,QUICKLY (adv) | SUDDENLY (adv),QUICKLY (adv) SUDDENLY (adv),,QUICKLY PULL THE CABLES TO DISENGAGE THEM. | MOVE THE CONTROL COLUMN FORWARD SUDDENLY.,Sharply pull the cables to disengage them. | Move the control column forward sharply.,2-1-S10
shear,v,Non-STE (not approved),,,BREAK (v) | CUT (v),BREAK (v) CUT (v),,TIGHTEN THE NUT. | CONTINUE UNTIL THE NUT BREAKS. | DO NOT CUT THE WIRES.,Tighten the nut until it shears. | Do not shear the wires.,2-1-S10
SHEET,n,STE (approved),,A piece of material that is thin in relation to its length and width,,A piece of material that is thin in relation to its length and width,,"IF THE SHEETS HAVE DENTS WITH A DEPTH OF MORE THAN 0.5 mm, REMOVE THESE DENTS.",,2-1-S10
shield,v,Non-STE (not approved),,,PREVENT (v) | PROTECTION (n),PREVENT (v) PROTECTION (n),,PUT ON GOGGLES TO PREVENT INJURY TO YOUR EYES. | GIVE THE CONTROL UNIT PROTECTION FROM DAMAGE.,Shield your eyes. | Shield the control unit from damage.,2-1-S10
shift,v,Non-STE (not approved),,,MOVE (v),MOVE (v),,MOVE THE LEVER FORWARD.,Shift the lever forward.,2-1-S10
SHINY,adj,STE (approved),"SHINIER, SHINIEST",That can cause a reflection of light,,That can cause a reflection of light,,CLEAN THE SHINY AREA OF THE OLEO STRUT.,,2-1-S10
SHOCK,n,STE (approved),,The sudden effect of energy on a person or object,,The sudden effect of energy on a person or object,,SHOCKS CAN CAUSE DAMAGE TO THE GYROSCOPE.,,2-1-S10
SHORT,adj,STE (approved),"SHORTER, SHORTEST",That has small length or duration,,That has small length or duration,"If it is possible, be accurate.","ATTACH THE SHORT ARM OF THE BELLCRANK TO THE ROD. | AFTER YOU STOP THE POWER SUPPLY, THE TEMPERATURE DECREASES IN A SHORT TIME. | THIS TIME MUST NOT BE MORE THAN 30 SECONDS.",,2-1-S10
shorten,v,Non-STE (not approved),,,DECREASE (v),DECREASE (v),,DO NOT DECREASE THE STERILIZATION TIME.,Do not shorten the sterilization time.,2-1-S11
should,v,Non-STE (not approved),,,MUST (v) | IF (conj),MUST (v) IF (conj),,"PERSONNEL MUST USE PROTECTIVE CLOTHING. | IF A SYSTEM FAILURE OCCURS, STOP OPERATION IMMEDIATELY.","Personnel should wear protective clothing. | Should a system failure occur, stop operation immediately.",2-1-S11
SHOW,v,STE (approved),"SHOWS, SHOWED, SHOWN",1. To cause to be seen 2. To be in view or come into view,,1. To cause to be seen 2. To be in view or come into view,,THE INDICATOR SHOWS THE LEVEL OF BATTERY CHARGE. | THE SYMBOL SHOWS ON THE SCREEN.,,2-1-S11
shut down,v,Non-STE (not approved),,,STOP (v),STOP (v),,STOP THE ENGINE.,Shut down the engine.,2-1-S11
SIDE,n,STE (approved),,1. The specified surface or area of an object 2. A location or direction that has a relationship to a center or a line of division,,1. The specified surface or area of an object 2. A location or direction that has a relationship to a center or a line of division,,LUBRICATE ONE SIDE OF THE WASHER. | PUSH THE UNIT OUT AND THEN MOVE IT TO THE LEFT SIDE.,,2-1-S11
sideways,adv,Non-STE (not approved),,,SIDE (n),SIDE (n),,PUSH THE UNIT OUT AND THEN MOVE IT TO THE LEFT SIDE.,Push the unit out and then move it sideways.,2-1-S11
sight,n,Non-STE (not approved),,,VIEW (n),VIEW (n),,TURN THE KNOB TO MAKE THE DISPLAY GO OUT OF VIEW.,Turn the knob to make the display go out of sight.,2-1-S11
sight,v,Non-STE (not approved),,,LOOK (v),LOOK (v),,LOOK ALONG THE SKIN.,Sight along the skin.,2-1-S11
SIGN,n,STE (approved),,The indication of a possible condition,,The indication of a possible condition,,EXAMINE THE SURFACE FOR SIGNS OF INTERNAL DAMAGE.,,2-1-S11
significant,adj,Non-STE (not approved),,,IMPORTANT (adj),IMPORTANT (adj),,THIS PROCEDURE IS IMPORTANT FOR THE CORRECT OPERATION OF THE UNIT.,This procedure is significant for the correct operation of the unit.,2-1-S11
silence,v,Non-STE (not approved),,,STOP (v),STOP (v),,STOP THE ALARM BELL.,Silence the alarm bell.,2-1-S11
similar,adj,Non-STE (not approved),,,EQUIVALENT (adj) | ALMOST THE SAME,EQUIVALENT (adj) ALMOST THE SAME,,USE THE SPECIFIED MATERIAL OR AN EQUIVALENT ONE. | THE TWO ITEMS HAVE ALMOST THE SAME SHAPE.,Use the specified material or a similar one. | The two items are similar in shape.,2-1-S12
SIMULATE,v,STE (approved),"SIMULATES, SIMULATED, SIMULATED",To make a condition that is the same as one that can occur in operation,,To make a condition that is the same as one that can occur in operation,,SIMULATE A WHEEL SPEED OF 80 KNOTS.,,2-1-S12
simultaneous,adj,Non-STE (not approved),,,AT THE SAME TIME,AT THE SAME TIME,,REMOVE THE FILTER ELEMENT AND THE FILTER HOUSING AT THE SAME TIME.,Simultaneous removal of the filter element and the filter housing is obligatory.,2-1-S12
simultaneously,adv,Non-STE (not approved),,,AT THE SAME TIME,AT THE SAME TIME,,DO THESE TWO STEPS AT THE SAME TIME.,Do these two steps simultaneously.,2-1-S12
SINCE,conj,STE (approved),,Function word that shows: “from some time in the past until a later time or now”,BECAUSE (conj),Function word that shows: “from some time in the past until a later time or now” BECAUSE (conj),"For other meanings, use:","IF IT IS MORE THAN TWO HOURS SINCE YOU MIXED THE COMPOUND, DO NOT USE IT. | BE CAREFUL WHEN YOU USE ALODINE, BECAUSE IT IS A DANGEROUS MATERIAL.","Since Alodine is a dangerous material, be careful when you use it.",2-1-S12
situated,adj,Non-STE (not approved),,,INSTALL (v) | BE (v),INSTALL (v) BE (v),,THE TRIM CONTROL KNOB IS INSTALLED ON THE CONTROL PEDESTAL. | THE TRIM CONTROL KNOB IS ON THE CONTROL PEDESTAL.,The trim control knob is situated on the control pedestal. | The trim control knob is situated on the control pedestal.,2-1-S12
situation,n,Non-STE (not approved),,,CONDITION (n),CONDITION (n),Use the plural form.,THE ALGORITHM ADAPTS TO THE NEW CONDITIONS.,The algorithm adapts to the new situation.,2-1-S12
size,n,Non-STE (not approved),,,DIMENSION (n),DIMENSION (n),,THESE PARTS HAVE DIFFERENT DIMENSIONS.,These parts are of different sizes.,2-1-S13
skid,v,Non-STE (not approved),,,SKID (TN),SKID (TN),,THIS INDICATOR SHOWS THAT THE CAR IS IN A SKID.,This indicator indicates that the car is skidding.,2-1-S13
slack,adj,Non-STE (not approved),,,TENSION (TN),TENSION (TN),,MAKE SURE THAT THE TENSION IN THE CONTROL CABLES IS CORRECT.,Check for slack control cables.,2-1-S13
slack,n,Non-STE (not approved),,,TENSION (TN),TENSION (TN),,MAKE SURE THAT THE TENSION IN THE CONTROL CABLES IS CORRECT.,Check for slack in the control cables.,2-1-S13
slacken,v,Non-STE (not approved),,,TENSION (TN),TENSION (TN),,RELEASE THE TENSION IN THE CONTROL CABLES.,Slacken the control cables.,2-1-S13
slackness,n,Non-STE (not approved),,,TENSION (TN),TENSION (TN),,MAKE SURE THAT THE TENSION IN THE CABLES IS CORRECT.,Make sure there is no slackness in the cables.,2-1-S13
slave,v,Non-STE (not approved),,,CONTROL (v),CONTROL (v),,THE PILOT'S INDICATORS CONTROL THE COPILOT'S INDICATORS.,The copilot's indicators are slaved to the pilot's indicators.,2-1-S13
slide,v,Non-STE (not approved),,,MOVE (v),MOVE (v),,MOVE THE COMPUTER HORIZONTALLY TO PREVENT DAMAGE.,Slide the computer horizontally to avoid damage.,2-1-S13
slight,adj,Non-STE (not approved),,,SMALL (adj) | LIGHT (adj),SMALL (adj) LIGHT (adj),,"IF THE LEAKAGE IS SMALL, TORQUE THE CONNECTION TO 4.0 Nm. | THEN, DO THE TEST AGAIN. | APPLY A LIGHT FORCE TO COMPRESS THE SPRING.","If slight leakage is found, torque the connection to 4.0 Nm. | Then repeat the test. | Apply a slight force to compress the spring.",2-1-S13
slightly,adv,Non-STE (not approved),,,SMALL (adj),SMALL (adj),,MOVE THE ADAPTER A SMALL DISTANCE FORWARD.,Move the adapter slightly forward.,2-1-S13
slip,v,Non-STE (not approved),,,MOVE (v) | REMOVE (v) | CAUSE TO FALL MOVE ACCIDENTALLY,MOVE (v) REMOVE (v) CAUSE TO FALL MOVE ACCIDENTALLY,,"MOVE THE CARRIAGE ALONG THE TRACK. | REMOVE THE CLAMP FROM THE CABLE. | IF OIL SPILLS, CLEAN THE AREA IMMEDIATELY. | A WET SURFACE IS DANGEROUS AND CAN CAUSE YOU TO FALL. | MAKE SURE THAT THE CLUTCH DOES NOT MOVE ACCIDENTALLY.","Slip the carriage along the track. | Slip the clamp from the cable. | If oil spills, clean the area immediately. | You can slip and fall. | Make sure that the clutch does not slip.",2-1-S14
SLOPE,n,STE (approved),,A surface that is not level,,A surface that is not level,,"IF THE VEHICLE IS PARKED ON A SLOPE, MAKE SURE THAT WHEEL CHOCKS ARE IN POSITION.",,2-1-S14
SLOT,n,STE (approved),,A long opening that is not wide,,A long opening that is not wide,,PUSH THE CABLES THROUGH THE SLOT IN FRAME 8 AND ATTACH THEM TO THE CLIPS.,,2-1-S14
SLOW,adj,STE (approved),"SLOWER, SLOWEST",At low speed,,At low speed,,MAKE SURE THAT THE MOVEMENT OF THE ELEVATORS IS SLOW.,,2-1-S14
slow down,v,Non-STE (not approved),,,DECREASE (v),DECREASE (v),,DECREASE THE SPEED OF THE SCREWING MACHINE TO PREVENT DAMAGE TO FASTENERS.,Slow down the screwing machine to prevent damage to fasteners.,2-1-S14
SLOWLY,adv,STE (approved),,In a slow manner,,In a slow manner,,TURN THE KNOB SLOWLY.,,2-1-S14
sluggish,adj,Non-STE (not approved),,,SLOW (adj),SLOW (adj),,"IF THE MOVEMENT OF THE NEEDLE IS TOO SLOW, REPLACE THE SENSOR.","If the movement of the needle is sluggish, replace the sensor.",2-1-S14
SMALL,adj,STE (approved),"SMALLER, SMALLEST","Less than average in dimension, quantity, quality, or capacity",,"Less than average in dimension, quantity, quality, or capacity",,"IF THE TEMPERATURE INCREASES SUDDENLY, ADD A SMALL QUANTITY OF REAGENT TO GET A STABLE REACTION.",,2-1-S15
smear,v,Non-STE (not approved),,,APPLY (v),APPLY (v),,APPLY GREASE TO THE TAPER SLEEVE.,Smear grease on the taper sleeve.,2-1-S15
SMELL,v,STE (approved),"SMELLS, SMELLED, SMELLED",To sense with the nose,,To sense with the nose,,"IF YOU SMELL OIL IN THE COMPARTMENT, REPLACE THE RECIRCULATION FILTERS.",,2-1-S15
SMOKE,n,STE (approved),,A gas that has particles of burned material and that you can see,,A gas that has particles of burned material and that you can see,,"WHEN THE CONCENTRATION OF SMOKE IS MORE THAN THE LIMIT, AN ALARM OPERATES.",,2-1-S15
SMOKE,v,STE (approved),"SMOKES, SMOKED, SMOKED",To breathe the fumes of burning material and especially tobacco,,To breathe the fumes of burning material and especially tobacco,,DO NOT SMOKE IN THE WORK AREA.,,2-1-S15
SMOOTH,adj,STE (approved),"SMOOTHER, SMOOTHEST",1. That has a continuous uniform surface 2. That has a constant rate of movement,,1. That has a continuous uniform surface 2. That has a constant rate of movement,,MAKE SURE THAT THE PAINTED SURFACE IS SMOOTH. | EXAMINE THE LINKAGE FOR SMOOTH MOVEMENT.,,2-1-S15
smooth,v,Non-STE (not approved),,,SMOOTH (adj),SMOOTH (adj),,MAKE THE TAPE SMOOTH.,Smooth the tape out.,2-1-S15
SMOOTHLY,adv,STE (approved),,In a smooth manner,,In a smooth manner,,MAKE SURE THAT THE REDUCTION GEAR MOVES SMOOTHLY.,,2-1-S15
snag,v,Non-STE (not approved),,,CATCH (v),CATCH (v),,THE CLOTH WILL CATCH ON BROKEN WIRES.,The cloth will snag on broken wires.,2-1-S15
snap,n,Non-STE (not approved),,,CLICK (n),CLICK (n),,"WHEN YOU ATTACH THE SPRING CLIP, MAKE SURE THAT YOU HEAR A CLICK.",Ensure that there is a snap when you fit the spring clip.,2-1-S15
snap,v,Non-STE (not approved),,,MOVE QUICKLY | BREAK (v),MOVE QUICKLY BREAK (v),,"THE RETAINING CLIP MUST MOVE QUICKLY INTO ITS POSITION. | IF YOU BEND THIS PART TOO MUCH, IT WILL BREAK.","The retaining clip must snap into its position. | If you bend this part too much, it will snap.",2-1-S16
so (that),conj,Non-STE (not approved),,,UNTIL (prep) | PREVENT (v),UNTIL (prep) PREVENT (v),,ADJUST THE LENGTH OF THE ROD UNTIL YOU GET A MINIMUM CLEARANCE OF 0.1 in. | LOCK THE WHEEL TO PREVENT MOVEMENT.,Adjust the length of rod so that a minimum gap of 0.1 in. is obtained. | Lock the wheel so that it does not move.,2-1-S16
SOAK,v,STE (approved),"SOAKS, SOAKED, SOAKED",1. To put something into a liquid and keep it there until it is fully wet or soft 2. To stay in liquid until fully wet or soft.,,1. To put something into a liquid and keep it there until it is fully wet or soft 2. To stay in liquid until fully wet or soft.,,SOAK THE FILTER IN THE CLEANING SOLUTION FOR 4 HOURS. | THE COMPONENT MUST SOAK IN THE SOLUTION FOR A MINIMUM OF 2 HOURS.,,2-1-S16
soapy,adj,Non-STE (not approved),,,SOAP (TN),SOAP (TN),,CLEAN THE SURFACE WITH A SOLUTION OF SOAP AND WATER.,Clean the surface using soapy water.,2-1-S16
SOFT,adj,STE (approved),"SOFTER, SOFTEST","Flexible, not hard",,"Flexible, not hard",,"RUB THE SURFACE WITH A SOFT, DRY CLOTH.",,2-1-S16
soften,v,Non-STE (not approved),,,MAKE...SOFT,MAKE...SOFT,,PUT THE MATERIAL INTO THE SOLVENT TO MAKE THE COMPOUND SOFT.,Put the material into the solvent to soften the compound.,2-1-S16
soiled,adj,Non-STE (not approved),,,DIRTY (adj),DIRTY (adj),,DISCARD THE DIRTY RAGS.,Scrap the soiled rags.,2-1-S16
SOLID,adj,STE (approved),,That has the properties of a solid,,That has the properties of a solid,,THE RAILS ARE MADE FROM SOLID BARS.,,2-1-S16
SOLID,n,STE (approved),,Material that is not a gas or a liquid,,Material that is not a gas or a liquid,,APPLY HEAT SLOWLY TO THE SOLID TO MONITOR ITS MELTING POINT.,,2-1-S16
solidify,v,Non-STE (not approved),,,SOLID (adj),SOLID (adj),,DO NOT LET THE FOAM BECOME SOLID.,Do not allow the foam to solidify.,2-1-S16
SOLUTION,n,STE (approved),,1. A liquid that includes a dissolved material 2. The answer to a problem,,1. A liquid that includes a dissolved material 2. The answer to a problem,,PREPARE THE SOLUTION IN A CONTAINER MADE OF CERAMIC MATERIAL. | THE TEAM'S WORK WAS IMPORTANT FOR THE SOLUTION OF THE TECHNICAL PROBLEM.,,2-1-S17
solve,v,Non-STE (not approved),,,SOLUTION (n),SOLUTION (n),,"IF THE REMOVAL OF THE VALVE WAS NOT THE SOLUTION TO THE PROBLEM, REPLACE THE UNIT.","If the removal of the valve did not solve the problem, replace the unit.",2-1-S17
SOME,adj,STE (approved),,Related to a quantity not specified,,Related to a quantity not specified,,SOME MODELS DO NOT HAVE THIS FUNCTION.,,2-1-S17
SOME,pron,STE (approved),,Related to a quantity not specified,,Related to a quantity not specified,,"SOME MODELS HAVE THIS FUNCTION, BUT SOME DO NOT.",,2-1-S17
SOMETHING,pron,STE (approved),,A thing that is not determined or specified,,A thing that is not determined or specified,,"IF SOMETHING UNUSUAL OCCURS, DO THE NECESSARY CHECKS TO FIND THE CAUSE.",,2-1-S17
soon,adv,Non-STE (not approved),,,TIME (n),TIME (n),"If it is possible, give the time.","WHEN YOU STOP THE POWER SUPPLY, THE TEMPERATURE WILL DECREASE IN A SHORT TIME. | WHEN YOU STOP THE POWER SUPPLY, THE TEMPERATURE WILL DECREASE IN APPROXIMATELY 1 MINUTE.","When you stop the power supply, the temperature will decrease soon. | When you stop the power supply, the temperature will decrease soon.",2-1-S17
SOUND,n,STE (approved),,Something that you can hear,,Something that you can hear,,INCREASE THE VOLUME OF THE SOUND.,,2-1-S17
sound,v,Non-STE (not approved),,,OPERATE (v),OPERATE (v),,THE ALARM BELL OPERATES.,The alarm bell sounds.,2-1-S17
SOURCE,n,STE (approved),,1. Something that supplies energy or data 2. The point where something starts,,1. Something that supplies energy or data 2. The point where something starts,,THE SOLAR PANEL IS A SATISFACTORY SOURCE OF ENERGY. | FIND THE SOURCE OF THE LEAKAGE.,,2-1-S18
SPACE,n,STE (approved),,"A distance, area, or volume",,"A distance, area, or volume",,PUT THE SEALANT INTO THE SPACE BEHIND THE FLANGE OF THE WATER INJECTOR.,,2-1-S18
space,v,Non-STE (not approved),,,DISTANCE (n),DISTANCE (n),,MAKE SURE THAT THERE IS AN EQUAL DISTANCE BETWEEN THE HOLES.,Make sure you space the holes equally.,2-1-S18
spacing,n,Non-STE (not approved),,,DISTANCE (n),DISTANCE (n),,REFER TO FIG. | 401 FOR THE DISTANCE BETWEEN RIVETS.,The rivet spacing is given in Fig. | 401.,2-1-S18
spanwise,adj,Non-STE (not approved),,,SPAN (TN),SPAN (TN),,MAKE SURE THAT THERE ARE NO SIGNS OF MOVEMENT ALONG THE SPAN.,Check for signs of spanwise movement.,2-1-S18
sparingly,adv,Non-STE (not approved),,,QUANTITY (n),QUANTITY (n),,APPLY A SMALL QUANTITY OF GREASE.,Apply grease sparingly.,2-1-S18
SPARK,n,STE (approved),,"A hot, bright particle of a material that burns",,"A hot, bright particle of a material that burns",,DO NOT USE TEST EQUIPMENT THAT CAN CAUSE SPARKS.,,2-1-S18
spark,v,Non-STE (not approved),,,SPARK (n),SPARK (n),,"WHEN YOU USE ELECTRICAL EQUIPMENT THAT MAKES SPARKS, USE GOGGLES.",Wear goggles when using electrical equipment that sparks.,2-1-S18
SPEAK,v,STE (approved),"SPEAKS, SPOKE, SPOKEN",To use a voice to make words,,To use a voice to make words,,SPEAK INTO THE MICROPHONE.,,2-1-S18
SPECIAL,adj,STE (approved),,For a specified function,,For a specified function,,TIGHTEN THE SPECIAL NUT.,,2-1-S18
SPECIALLY,adv,STE (approved),,In a special manner,,In a special manner,,THIS EXTRACTOR IS SPECIALLY MADE TO REMOVE THESE PINS.,,2-1-S19
specific,adj,Non-STE (not approved),,,APPROVED (adj) | SPECIFIED (adj),APPROVED (adj) SPECIFIED (adj),,USE APPROVED TOOLS TO PREVENT POSSIBLE DAMAGE. | THESE AREAS HAVE SPECIFIED DAMAGE LIMITS.,Use specific tools to preclude the possibility of damage. | These areas have specific damage limits.,2-1-S19
specifically,adv,Non-STE (not approved),,,SPECIALLY (adv),SPECIALLY (adv),,THESE MATERIALS ARE SPECIALLY MADE FOR PLASTIC SURFACES.,These materials are specifically designed for plastic surfaces.,2-1-S19
SPECIFIED,adj,STE (approved),,"Given in, identified in, or related to a specification, regulation, or procedure",,"Given in, identified in, or related to a specification, regulation, or procedure",,INFLATE THE TIRE WITH NITROGEN TO THE SPECIFIED PRESSURE.,,2-1-S19
speck,n,Non-STE (not approved),,,PARTICLE (n),PARTICLE (n),,REMOVE ALL PARTICLES OF DUST FROM THE LENS.,Remove all specks of dust from the lens.,2-1-S19
speech,n,Non-STE (not approved),,,VOICE (n),VOICE (n),,"IF YOU CANNOT HEAR THE VOICE, REPLACE THE UNIT.","If the speech is not audible, replace the unit.",2-1-S19
SPEED,n,STE (approved),,The rate of movement,,The rate of movement,,"ON THIS ROAD, THE MAXIMUM PERMITTED SPEED IS 30 MPH.",,2-1-S19
SPHERICAL,adj,STE (approved),,That has the shape of a sphere,,That has the shape of a sphere,,THE ACCUMULATORS ARE SPHERICAL AND HAVE BLADDERS.,,2-1-S19
SPILL,v,STE (approved),"SPILLS, SPILLED, SPILLED","To accidentally flow, or cause to flow, out of a container",,"To accidentally flow, or cause to flow, out of a container",,"IF THE ELECTROLYTE SPILLS, REMOVE IT IMMEDIATELY. | IF YOU SPILL THE ELECTROLYTE, REMOVE IT IMMEDIATELY.",,2-1-S19
spillage,n,Non-STE (not approved),,,CONTAMINATION (n) | SPILL (v),CONTAMINATION (n) SPILL (v),,"FIND THE AREA OF MERCURY CONTAMINATION. | IF ACID SPILLS, CLEAN THE AREA.","Find the area of the mercury spillage. | After acid spillage, clean the area.",2-1-S20
spin,v,Non-STE (not approved),,,TURN ... QUICKLY,TURN ... QUICKLY,,TURN THE WHEEL QUICKLY WITH YOUR HAND.,Spin the wheel by hand.,2-1-S20
splash,v,Non-STE (not approved),,,GET (v),GET (v),,"IF YOU GET FLUID IN YOUR EYES, GET MEDICAL AID.","If fluid splashes into eyes, get medical aid.",2-1-S20
splined,adj,Non-STE (not approved),,,SPLINE (TN),SPLINE (TN),,THE DRIVE SHAFT HAS SPLINES.,The drive shaft is splined.,2-1-S20
split,adj,Non-STE (not approved),,,DAMAGED (adj),DAMAGED (adj),,REPLACE DAMAGED COVERS.,Split covers must be replaced.,2-1-S20
split,v,Non-STE (not approved),,,DIVIDE (v) | BREAK (v),DIVIDE (v) BREAK (v),,"DIVIDE THE ELECTRICAL LOAD BETWEEN THE TWO BUS BARS. | WHEN YOU APPLY THE MAXIMUM TEST PRESSURE, MAKE SURE THAT THE HOUSING DOES NOT BREAK",Split the electrical load between the two bus bars. | Make sure that the housing does not split when you apply the maximum test pressure.,2-1-S20
spot,n,Non-STE (not approved),,,MARK (n) | STAIN (TN),MARK (n) STAIN (TN),,A RED MARK ON THE PIN IDENTIFIES THE LUBRICATION POINT. | REMOVE ALL STAINS FROM THE CARPET WITH SOAP AND WARM WATER.,A red spot on the pin identifies the lubrication point. | Remove any spots from the carpet with soap and warm water.,2-1-S20
spot,v,Non-STE (not approved),,,FIND (v),FIND (v),,"IF YOU FIND CORROSION IN THIS AREA, USE REPAIR SCHEME No. | 3.","If you spot corrosion in this area, use repair scheme No. | 3.",2-1-S20
SPRAY,n,STE (approved),,A jet of very small drops of liquid,,A jet of very small drops of liquid,,THE SEALANT IS RESISTANT TO SALT SPRAY.,,2-1-S20
SPRAY,v,STE (approved),"SPRAYS, SPRAYED, SPRAYED",To apply as a spray,,To apply as a spray,,DO NOT SPRAY DISINFECTANTS DIRECTLY ONTO THE CARPETS OR INSTRUMENT PANELS.,,2-1-S21
spread,v,Non-STE (not approved),,,APPLY (v),APPLY (v),,APPLY THE COMPOUND EQUALLY.,Spread compound evenly.,2-1-S21
spring,v,Non-STE (not approved),,,MOVE (v),MOVE (v),,MAKE SURE THAT THE PINS DO NOT MOVE OUT OF THE NOTCH.,Make certain that the pins do not spring out of the notch.,2-1-S21
spurious,adj,Non-STE (not approved),,,UNWANTED (adj),UNWANTED (adj),,"IF THERE ARE UNWANTED INDICATIONS, DO A TEST.","In the event of spurious indications, do a test",2-1-S21
stability,n,Non-STE (not approved),,,STABLE (adj),STABLE (adj),,"BEFORE YOU LIFT THE VEHICLE WITH JACKS, MAKE SURE THAT IT IS STABLE.","Before jacking up the vehicle, make sure that its stability is ensured.",2-1-S21
stabilization,n,Non-STE (not approved),,,STABLE (adj),STABLE (adj),,"WHEN THE TEMPERATURE IS STABLE, MAKE SURE THAT THE OIL PRESSURE DECREASES.",Check that oil pressure drops after stabilization of temperature.,2-1-S21
stabilize,v,Non-STE (not approved),,,STABLE (adj),STABLE (adj),,LET THE V-BARS BECOME STABLE.,Allow V-bars to stabilize.,2-1-S21
STABLE,adj,STE (approved),,That does not change or move,,That does not change or move,,MAKE SURE THAT THE TEMPERATURE INDICATIONS ARE STABLE.,,2-1-S21
stage,n,Non-STE (not approved),,,STEP (n),STEP (n),,"DURING THIS STEP, DO NOT REMOVE THE PIN.",Do not remove the pin at this stage.,2-1-S21
stained,adj,Non-STE (not approved),,,DIRTY (adj) | STAIN (TN),DIRTY (adj) STAIN (TN),,"IF THE CARPET IS DIRTY, CLEAN IT WITH MATERIAL No. | 8. | IF THERE ARE HYDRAULIC FLUID STAINS ON THE COVER, EXAMINE THE LINE COUPLINGS.","If the carpet is stained, clean it with Material No. | 8. | If the cover is stained by hydraulic fluid, check line couplings.",2-1-S21
stamp,v,Non-STE (not approved),,,PUT (v) (WITH A STAMP [TN] | OR STAMPS [TN]) | IDENTIFY (v) (WITH A STAMP [TN] | OR STAMPS [TN]),PUT (v) (WITH A STAMP [TN] OR STAMPS [TN]) IDENTIFY (v) (WITH A STAMP [TN] OR STAMPS [TN]),,PUT THE TEST DATE ON THE CYLINDER NECK WITH THE APPLICABLE STAMP. | IDENTIFY THE MANUFACTURING DATE ON THE NAMEPLATE WITH THE APPLICABLE STAMP.,Stamp the test date on the cylinder neck. | Stamp the manufacturing date on the nameplate.,2-1-S22
stand,v,Non-STE (not approved),,,STAY (v),STAY (v),,STAY AWAY FROM SURFACES THAT MOVE.,Do not stand near moving surfaces.,2-1-S22
STANDARD,adj,STE (approved),,Related to equipment and procedures that are normally used,,Related to equipment and procedures that are normally used,,"IN THIS PROCEDURE, USE STANDARD TOOLS.",,2-1-S22
starboard,adj,Non-STE (not approved),,,RIGHT (adj),RIGHT (adj),,"ON THE RIGHT WING, MOVE THE AILERONS UP.","On the starboard wing, move the ailerons up.",2-1-S22
START,n,STE (approved),,The beginning of a movement or operation,,The beginning of a movement or operation,,MOVEMENT CAN BE SLOW AT THE START.,,2-1-S22
START,v,STE (approved),"STARTS, STARTED, STARTED",1. To begin a 2. To come into,,1. To begin a 2. To come into,"procedure, movement, or operation being, activity, or operation",START THE ENGINE. | MEASURE THE BEND RADIUS OF THE HOSE FROM THE POINT WHERE THE BEND STARTS.,,2-1-S22
state,n,Non-STE (not approved),,,CONDITION (n),CONDITION (n),,EXAMINE THE CONDITION OF THE UNIT.,Examine the state of the unit.,2-1-S22
state,v,Non-STE (not approved),,,TELL (v),TELL (v),,"UNLESS THE MANUFACTURER’S INSTRUCTIONS TELL YOU DIFFERENTLY, DO THE PROCEDURE THAT FOLLOWS.","Unless otherwise stated by the manufacturer, do the following procedure.",2-1-S22
station,v,Non-STE (not approved),,,PUT (v),PUT (v),,PUT A PERSON NEAR THE FUEL TANK.,Station a person near the fuel tank.,2-1-S22
stationary,adj,Non-STE (not approved),,,STABLE (adj) | STOP (v),STABLE (adj) STOP (v),,"WHEN THE PRESSURE IS STABLE, CLOSE THE VALVE. | WHEN THE FAN STOPS, MEASURE THE TEMPERATURE.","When the pressure is stationary, close the valve. | When the fan is stationary, measure the temperature.",2-1-S23
STAY,v,STE (approved),"STAYS, STAYED",To continue to be in a location or condition,,To continue to be in a location or condition,No other verb forms.,MAKE SURE THAT THE ASSEMBLED PARTS STAY ALIGNED.,,2-1-S23
steadily,adv,Non-STE (not approved),,,CONTINUOUSLY (adv),CONTINUOUSLY (adv),,"IF THE TEMPERATURE INCREASES CONTINUOUSLY, STOP THE ENGINE.","If the temperature increases steadily, stop the engine.",2-1-S23
steady,adj,Non-STE (not approved),,,STABLE (adj),STABLE (adj),,MAKE SURE THAT THE SYSTEM PRESSURE IS STABLE.,Make sure that the system pressure is steady.,2-1-S23
STEP,n,STE (approved),,A specified part of a procedure,,A specified part of a procedure,,DO STEPS 13 THRU 16 A MINIMUM OF THREE TIMES.,,2-1-S23
stick,v,Non-STE (not approved),,,ATTACH (v) | FREELY (adv) | CATCH (v),ATTACH (v) FREELY (adv) CATCH (v),,ATTACH THE LABEL TO THE SURFACE. | MAKE SURE THAT THE FAN BLADES MOVE FREELY. | REMOVE ALL JEWELRY THAT CAN CATCH IN THE MACHINE.,Stick the label to the surface. | Check that the fan blades do not stick. | Remove all jewelry that can get stuck in the machine.,2-1-S23
sticky,adj,Non-STE (not approved),,,TACKY (adj),TACKY (adj),,"WHEN THE CEMENT IS TACKY, PUT THE PATCH ON THE SURFACE.",Put the patch on the surface when the cement is sticky.,2-1-S23
stiff,adj,Non-STE (not approved),,,MOVE (v),MOVE (v),,"IF THE PISTON DOES NOT MOVE EASILY IN THE SLEEVE, DO A DIMENSIONAL INSPECTION OF THE PARTS.","If the piston is stiff, check the dimensions of the piston and sleeve.",2-1-S23
still,adv,Non-STE (not approved),,,STAY (v) | CONTINUE (v),STAY (v) CONTINUE (v),,MAKE SURE THAT THE “OVHT” LIGHT STAYS ON. | MAKE SURE THAT THE ROTOR CONTINUES TO TURN.,Make sure that the “OVHT” light is still illuminated. | Make sure that the rotor still turns.,2-1-S24
stimulate,v,Non-STE (not approved),,,INCREASE (v),INCREASE (v),,INCREASE THE AIRFLOW.,Stimulate the airflow.,2-1-S24
stir,v,Non-STE (not approved),,,MIX (v),MIX (v),,MIX THE BONDING MATERIAL WITH A SPATULA.,Stir the bonding material with a spatula.,2-1-S24
STOP,v,STE (approved),"STOPS, STOPPED, STOPPED",1. To cause the end 2. To come to an end,,1. To cause the end 2. To come to an end,"of a procedure, movement, or an operation","STOP THE ENGINE. | WHEN THE FLOW STOPS, REMOVE THE DRAIN HOSE.",,2-1-S24
store,v,Non-STE (not approved),,,KEEP (v) | CONTAIN (v) | STORAGE (TN),KEEP (v) CONTAIN (v) STORAGE (TN),,"KEEP THE CARTRIDGES IN A SAFETY AREA. | THE FIRE EXTINGUISHER BOTTLES CONTAIN A DRY CHEMICAL POWDER AGENT. | WHEN YOU PUT THE UNIT INTO STORAGE, OBEY THE APPLICABLE STORAGE INSTRUCTIONS.","Cartridges should be stored in a safety area. | The fire extinguisher bottles store a dry chemical powder agent. | When you store the unit, obey the applicable storage instructions.",2-1-S24
STOW,v,STE (approved),"STOWS, STOWED, STOWED",To move or cause to move into a specified position of storage.,,To move or cause to move into a specified position of storage.,,STOW THE LIFE VEST SAFELY BELOW THE PASSENGER SEAT. | MAKE SURE THAT THE THRUST REVERSER STOWS WHEN YOU PUSH THE QUADRANT CONTROL FORWARD.,,2-1-S24
STRAIGHT,adj,STE (approved),"STRAIGHTER, STRAIGHTEST",Without curves or bends,,Without curves or bends,,MAKE SURE THAT THE STRAIGHT PART OF THE RIGGING PIN IS SMOOTH.,,2-1-S25
straighten,v,Non-STE (not approved),,,STRAIGHT (adj),STRAIGHT (adj),,DO NOT TRY TO MAKE THE BENDS IN THE CABLE STRAIGHT.,Do not try to straighten the bends in the cable.,2-1-S25
strain,v,Non-STE (not approved),,,FILTER (TN) | STRAIN (TN),FILTER (TN) STRAIN (TN),,"BEFORE YOU USE THE OIL, PUT IT THROUGH A FILTER. | DO NOT PUT STRAIN ON THE BELLOWS.",Strain the oil before use. | Do not strain bellows.,2-1-S25
strap,v,Non-STE (not approved),,,ATTACH (v) (WITH STRAPS [TN]),ATTACH (v) (WITH STRAPS [TN]),,ATTACH THE CABLES TO THE STRUCTURE WITH AN APPLICABLE STRAP.,Strap the cables to the structure.,2-1-S25
stress,v,Non-STE (not approved),,,FORCE (TN),FORCE (TN),,DO NOT PUT TOO MUCH FORCE ON THE DUCTING.,Do not stress the ducting unnecessarily.,2-1-S25
strictly,adv,Non-STE (not approved),,,FULLY (adv),FULLY (adv),,FULLY OBEY THE SAFETY PRECAUTIONS.,Strictly obey the safety precautions.,2-1-S25
strike,v,Non-STE (not approved),,,HIT (v),HIT (v),,MAKE SURE THAT THE SLING DOES NOT HIT THE SURFACE.,Make certain that the sling does not strike the surface.,2-1-S25
STRIP,n,STE (approved),,"A piece of material that is long and thin, but not wide",,"A piece of material that is long and thin, but not wide",,PUT A STRIP OF ADHESIVE TAPE ALONG THE INSULATION BLANKET.,,2-1-S25
strip,v,Non-STE (not approved),,,REMOVE (v),REMOVE (v),,REMOVE THE INSULATION FROM THE WIRE.,Strip the insulation from the wire.,2-1-S25
STRIPE,n,STE (approved),,A line on a surface which is a different color,,A line on a surface which is a different color,,THE FLAG HAS RED AND WHITE STRIPES.,,2-1-S25
striped,adj,Non-STE (not approved),,,STRIPE (n),STRIPE (n),,THE FLAG HAS RED AND WHITE STRIPES.,The flag is striped red and white.,2-1-S25
stroke,n,Non-STE (not approved),,,TRAVEL (n),TRAVEL (n),,"TO BLEED THE BRAKING SYSTEM, OPERATE THE HAND PUMP HANDLE THROUGH ITS FULL TRAVEL.",Bleed the braking system by applying full strokes to the hand pump handle.,2-1-S25
STRONG,adj,STE (approved),"STRONGER, STRONGEST","With much strength, power, or concentration",,"With much strength, power, or concentration",,"WHEN WINDS ARE STRONG, MOOR THE AIRCRAFT CAREFULLY.",,2-1-S26
STRUCTURAL,adj,STE (approved),,Related to the structure,,Related to the structure,,THE CHASSIS IS A STRUCTURAL COMPONENT OF THE VEHICLE.,,2-1-S26
STRUCTURALLY,adv,STE (approved),,Related to the structure,,Related to the structure,,THE LIST GIVES YOU STRUCTURALLY IMPORTANT ITEMS.,,2-1-S26
STRUCTURE,n,STE (approved),,1. A construction 2. The arrangement of something,,1. A construction 2. The arrangement of something,,ATTACH THE WIRES TO THE STRUCTURE. | THE INTRODUCTION GIVES YOU THE STRUCTURE OF THE MAINTENANCE MANUAL.,,2-1-S26
SUBASSEMBLY,n,STE (approved),,An assembly that is a part of a larger assembly,,An assembly that is a part of a larger assembly,,DO NOT CHANGE THE POSITION OF THE SUBASSEMBLIES.,,2-1-S26
submerge,v,Non-STE (not approved),,,PUT (v),PUT (v),,PUT THE FILTER ELEMENT FULLY INTO THE FLUID.,Submerge the filter element in the fluid.,2-1-S26
submit,v,Non-STE (not approved),,,SEND (v),SEND (v),,SEND THE METAL PARTICLES TO A LABORATORY FOR ANALYSIS.,Submit the metal particles to a laboratory for analysis.,2-1-S26
SUBSEQUENT,adj,STE (approved),,Following in an unspecified time or sequence,,Following in an unspecified time or sequence,Use NEXT (adj) for the first occurrence that follows immediately in time or sequence.,A SUBSEQUENT REPAIR WILL BE FOR THE NEW CONFIGURATION ONLY. | DO THE NEXT INSPECTION.,Do the immediately subsequent inspection.,2-1-S26
SUBSEQUENTLY,adv,STE (approved),,After an unspecified time,,After an unspecified time,Use THEN (adv) for an occurrence that follows immediately in time or sequence.,"MAKE SURE THAT THE TOOL IS SUBSEQUENTLY AVAILABLE FOR THE INSTALLATION PROCEDURE. | LIFT THE COVER. | THEN, PULL THE HANDLE.",Lift the cover and subsequently pull the handle.,2-1-S27
subsequent to,prep,Non-STE (not approved),,,AFTER (conj),AFTER (conj),,"AFTER YOU INSTALL THE COMPONENT, REMOVE THE HANDLING TOOL.",Remove the handling tool subsequent to the installation of the component.,2-1-S27
substance,n,Non-STE (not approved),,,MATERIAL (n),MATERIAL (n),,THE PRIMER CONTAINS A MATERIAL THAT PREVENTS CORROSION.,The primer contains a substance that prevents corrosion.,2-1-S27
substitute,adj,Non-STE (not approved),,,EQUIVALENT (adj) | ALTERNATIVE (adj),EQUIVALENT (adj) ALTERNATIVE (adj),,"IF THE SPECIFIED MATERIAL IS NOT AVAILABLE, YOU CAN USE AN EQUIVALENT ONE. | IF THIS SPECIAL TOOL IS NOT AVAILABLE, USE AN ALTERNATIVE METHOD.","A substitute material may be used if the specified one is not available. | If this special tool is not available, use a substitute method.",2-1-S27
substitute,n,Non-STE (not approved),,,ALTERNATIVE (n),ALTERNATIVE (n),,YOU CAN USE ALTERNATIVES FOR THESE ITEMS.,Equivalent substitutes may be used for these items.,2-1-S27
substitute,v,Non-STE (not approved),,,REPLACE (v),REPLACE (v),,DO NOT REPLACE THE SELF-LOCKING NUTS WITH PLAIN NUTS.,Do not substitute the self-locking nuts with plain nuts.,2-1-S27
SUBTRACT,v,STE (approved),"SUBTRACTS, SUBTRACTED, SUBTRACTED",To take from a number or quantity,,To take from a number or quantity,,SUBTRACT COEFFICIENT “A” FROM THE INDICATION.,,2-1-S27
successful,adj,Non-STE (not approved),,,CORRECT (adj) | SATISFACTORY (adj),CORRECT (adj) SATISFACTORY (adj),,"IF THE TEST RESULTS ARE NOT CORRECT, REPLACE THE UNIT. | IF THE TEST RESULTS ARE NOT SATISFACTORY, REPLACE THE UNIT.","If the test is not successful, replace the unit. | If the test is not successful, replace the unit.",2-1-S28
SUCH,adj,STE (approved),such as,Of the same group FOR EXAMPLE,,Of the same group FOR EXAMPLE,,"WHEN YOU DO WORK ON SUCH SYSTEMS, USE GOGGLES. | WHEN YOU REMOVE THE STUD, USE APPLICABLE TOOLS. | FOR EXAMPLE, USE A PLASTIC MALLET AND A PUNCH.","When you remove the stud, use applicable tools such as a plastic mallet and a punch.",2-1-S28
suck,v,Non-STE (not approved),,,REMOVE (v) (WITH SUCTION [TN]),REMOVE (v) (WITH SUCTION [TN]),,REMOVE THE UNWANTED MATERIAL WITH SUCTION.,Suck out the unwanted material.,2-1-S28
SUDDEN,adj,STE (approved),,That occurs in a short time,,That occurs in a short time,,SUDDEN MOVEMENT CAN CAUSE DAMAGE TO THE LIMIT STOPS.,,2-1-S28
SUDDENLY,adv,STE (approved),,In a sudden manner,,In a sudden manner,,"IF THE TEMPERATURE INCREASES SUDDENLY, STOP THE ENGINE.",,2-1-S28
SUFFICIENT,adj,STE (approved),,Not less (or more) than necessary,,Not less (or more) than necessary,,ADJUST THE CLAMP UNTIL THERE IS SUFFICIENT FRICTION TO KEEP IT IN POSITION.,,2-1-S28
SUFFICIENTLY,adv,STE (approved),,Not less (or more) than necessary,,Not less (or more) than necessary,,"WHEN THE PAINT IS SUFFICIENTLY SOFT, REMOVE IT WITH A PLASTIC SPATULA.",,2-1-S28
suitable,adj,Non-STE (not approved),,,APPLICABLE (adj) | CORRECT (adj),APPLICABLE (adj) CORRECT (adj),,PUT AN APPLICABLE SCREWDRIVER IN THE SLOT. | PUT THE CORRECT PLUGS ON THE DISCONNECTED LINES.,Put a suitable screwdriver in the slot. | Put suitable plugs on the disconnected lines.,2-1-S28
suitably,adv,Non-STE (not approved),,,SUFFICIENTLY (adv),SUFFICIENTLY (adv),,"WHEN THE PAINT IS SUFFICIENTLY SOFT, REMOVE IT WITH A PLASTIC SPATULA.","When the paint is suitably soft, remove it with a plastic spatula.",2-1-S29
SUM,n,STE (approved),,The result when you add,,The result when you add,,CALCULATE THE SUM OF THE LOADS FOR EACH AREA.,,2-1-S29
SUPPLY,n,STE (approved),,Something that is supplied,,Something that is supplied,,STOP THE ELECTRICAL POWER SUPPLY.,,2-1-S29
SUPPLY,v,STE (approved),"SUPPLIES, SUPPLIED, SUPPLIED",1. To give something that is necessary 2. To make something available for use,,1. To give something that is necessary 2. To make something available for use,,SUPPLY ELECTRICAL POWER TO THE AUXILIARY SYSTEM. | THE POWER UNIT SUPPLIES ELECTRICITY TO THE CONTROL SYSTEM.,,2-1-S29
support,n,Non-STE (not approved),,,SUPPORT (TN) | HOLD (v),SUPPORT (TN) HOLD (v),,"BEFORE YOU DISCONNECT THE ITEM, PUT A SUPPORT BELOW IT. | WHILE YOU DISCONNECT THE COMPONENT, MAKE SURE THAT A PERSON HOLDS IT.",Make certain there is adequate support for the item before disconnecting it. | Make certain that someone provides adequate support during component disconnection.,2-1-S29
support,v,Non-STE (not approved),,,HOLD (v) | SUPPORT (TN),HOLD (v) SUPPORT (TN),,"HOLD THE SWITCH AND REMOVE THE SCREWS. | PUT A SUPPORT BELOW THE PUMP. | THEN, REMOVE IT FROM THE DRIVE SHAFT.","Support the switch and remove the screws. | Support the pump, then remove it from the drive shaft.",2-1-S29
SURE,adj,STE (approved),,Certain,,Certain,,"IF YOU ARE NOT SURE THAT A PART IS SERVICEABLE, DISCARD IT.",,2-1-S29
SURFACE,n,STE (approved),,One or more of the faces of something,,One or more of the faces of something,,"CLEAN THE SURFACE WITH A SOFT, DRY CLOTH.",,2-1-S29
surplus,adj,Non-STE (not approved),,,UNWANTED (adj),UNWANTED (adj),,REMOVE THE UNWANTED GREASE.,Wipe off surplus grease.,2-1-S30
surrounding,adj,Non-STE (not approved),,,ADJACENT (adj) | AROUND (prep),ADJACENT (adj) AROUND (prep),,CLEAN THE MOUNTING AND THE ADJACENT AREA. | REMOVE ALL SEALANT THAT IS AROUND THE HOLE.,Clean the mounting and the surrounding area. | Remove all sealant surrounding the hole.,2-1-S30
survey,v,Non-STE (not approved),,,EXAMINE (v) | INSPECTION (n),EXAMINE (v) INSPECTION (n),,EXAMINE THE SURFACE. | DO AN INSPECTION OF THE SURFACE.,Survey the surface. | Survey the surface.,2-1-S30
suspect,adj,Non-STE (not approved),,,THINK (v),THINK (v),,"IF YOU THINK THAT THE VALVE IS UNSERVICEABLE, REMOVE IT.",Remove the suspect valve.,2-1-S30
suspect,v,Non-STE (not approved),,,THINK (v),THINK (v),,"IF YOU THINK THAT THE POWER UNIT DOES NOT OPERATE CORRECTLY, DO A SYSTEM CHECK.","If you suspect that the power unit does not operate correctly, do a system check.",2-1-S30
suspend,v,Non-STE (not approved),,,HANG (v) | STOP (v),HANG (v) STOP (v),,"HANG THE ENGINE IN A FIREPROOF BAY. | IF THE CABLE CATCHES, STOP THE PROCEDURE.","Suspend the engine in a fireproof bay. | If the cable catches, suspend all operations.",2-1-S30
SWALLOW,v,STE (approved),"SWALLOWS, SWALLOWED, SWALLOWED",To take through the mouth and esophagus into the stomach,,To take through the mouth and esophagus into the stomach,Use this word for safety instructions only.,"IF YOU SWALLOW NITRIC ACID, DO NOT CAUSE VOMITING. | GET MEDICAL AID IMMEDIATELY.",,2-1-S30
swap,v,Non-STE (not approved),,,INTERCHANGE (v),INTERCHANGE (v),,INTERCHANGE THE COMPUTERS 1 AND 2. | THEN DO THE TEST AGAIN.,Swap computers 1 and 2. | Then do the test again.,2-1-S30
sweep,v,Non-STE (not approved),,,SCAN (TN),SCAN (TN),,MAKE A SCAN OF THE FREQUENCY BAND.,Sweep the frequency band.,2-1-S30
swing,v,Non-STE (not approved),,,MOVE (v) | CALIBRATE (v),MOVE (v) CALIBRATE (v),,MOVE THE SHOCK ABSORBERS INTO THEIR CORRECT POSITIONS. | YOU CAN CALIBRATE ALL THE COMPASS SYSTEMS AT THE SAME TIME.,Swing the shock absorbers into their correct positions. | All compass systems may be swung simultaneously.,2-1-S31
switch,v,Non-STE (not approved),,,SET (v),SET (v),,SET THE SELECTOR TO “SYSTEM DISPLAY.”,Switch the selector to “SYSTEM DISPLAY.”,2-1-S31
switch off,v,Non-STE (not approved),,,SET (v) | STOP (v) | DE-ENERGIZE (v),SET (v) STOP (v) DE-ENERGIZE (v),,SET THE NAV 1 SWITCH TO “OFF.” STOP THE UNIT AFTER 5 MINUTES. | DE-ENERGIZE THE ELECTRICAL SYSTEM.,Switch off NAV 1. | Switch off the unit after 5 minutes. | Switch the electrical system off.,2-1-S31
switch on,v,Non-STE (not approved),,,SET (v) | START (v) | ENERGIZE (v),SET (v) START (v) ENERGIZE (v),,SET THE NAV 1 SWITCH TO “ON.” START THE UNIT. | ENERGIZE THE ELECTRICAL SYSTEM.,Switch on NAV 1. | Switch on the unit. | Switch the electrical system on.,2-1-S31
SYMBOL,n,STE (approved),,"A written sign that identifies a quantity, operation, item, or condition",,"A written sign that identifies a quantity, operation, item, or condition",,"THE SPECIFICATION GIVES THE SYMBOLS FOR RELAYS, DIODES, AND OTHER PARTS OF THE SYSTEM.",,2-1-S31
SYMMETRICAL,adj,STE (approved),,That has or is with symmetry,,That has or is with symmetry,,MAKE SURE THAT THE POSITION OF THE PARTS IS SYMMETRICAL.,,2-1-S31
SYMMETRICALLY,adv,STE (approved),,In a symmetrical manner,,In a symmetrical manner,,THE ELEVATORS MUST MOVE SYMMETRICALLY.,,2-1-S31
SYMPTOM,n,STE (approved),,A sign of a condition,,A sign of a condition,,"IF THE SYMPTOMS OCCUR AGAIN, REMOVE THE UNIT.",,2-1-S31
synchronize,v,Non-STE (not approved),,,ADJUST (v),ADJUST (v),,ADJUST COMPASS SYSTEM 1 UNTIL IT AGREES WITH COMPASS SYSTEM 2.,Synchronize compass system 1 with compass system 2.,2-1-S31
SYNCHRONIZED,adj,STE (approved),,1. That operates at the same time 2. That agrees with,,1. That operates at the same time 2. That agrees with,,MAKE SURE THAT THE TWO ROTORS ARE SYNCHRONIZED. | MAKE SURE THAT THE TIMER IS SYNCHRONIZED WITH THE GPS CLOCK.,,2-1-S32
SYSTEM,n,STE (approved),,An assembly of related parts to do a specified operation,,An assembly of related parts to do a specified operation,,DO NOT FILL THE SYSTEM DIRECTLY FROM A HIGH-PRESSURE CYLINDER.,,2-1-S32
TACKY,adj,STE (approved),,Sticky when you touch it,,Sticky when you touch it,No other forms of this adjective,"WHEN THE COMPOUND IS TACKY, APPLY THE PATCH.",,2-1-T1
TAG,v,STE (approved),"TAGS, TAGGED, TAGGED",To put a tag on,,To put a tag on,,"OPEN AND TAG THE CIRCUIT BREAKERS. | THEN, SAFETY THEM.",,2-1-T1
take,v,Non-STE (not approved),,,REMOVE (v) | READ (v) | GET (v) | NECESSARY (adj),REMOVE (v) READ (v) GET (v) NECESSARY (adj),,"REMOVE THE FILTER FROM THE SOLVENT. | BEFORE YOU READ THE INDICATIONS, LET THE DIAL BECOME STABLE. | GET A SAMPLE OF THE SOLUTION. | TWO HOURS ARE NECESSARY TO COMPLETE THE PROCEDURE.",Take the filter from the solvent. | Let the dial become stable before taking readings. | Take a sample of the solution. | The procedure takes 2 hours to complete.,2-1-T1
take care,v,Non-STE (not approved),,,MAKE SURE (v) | OBEY (v) | DO NOT (v) | CAREFUL (adj),MAKE SURE (v) OBEY (v) DO NOT (v) CAREFUL (adj),,"DURING THIS STEP, MAKE SURE THAT YOU DO NOT CAUSE DAMAGE TO THE SURFACE. | WHEN YOU DO WORK WITH HIGH VOLTAGES, OBEY THE SAFETY PRECAUTIONS. | DO NOT INTERCHANGE THE TWO UNITS. | BE CAREFUL WHEN YOU INSTALL THE ELECTRONIC BOARD.","During this step, take care not to cause damage to the surface. | You must take care when you work with high voltages. | Take care not to interchange the two units. | Take care when installing the electronic board.",2-1-T1
talk,v,Non-STE (not approved),,,SPEAK (v),SPEAK (v),,SPEAK INTO THE MICROPHONE.,Talk into the microphone.,2-1-T1
TAP,v,STE (approved),"TAPS, TAPPED, TAPPED",To hit lightly and quickly,,To hit lightly and quickly,,TAP THE BOLT WITH A MALLET.,,2-1-T1
tape,v,Non-STE (not approved),,,TAPE (TN),TAPE (TN),,ATTACH THE FOIL WITH TAPE TO KEEP IT IN POSITION.,Tape the foil in position.,2-1-T2
TASK,n,STE (approved),,Assigned work or procedure,,Assigned work or procedure,,EACH TASK HAS AN IDENTIFICATION LETTER.,,2-1-T2
taut,adj,Non-STE (not approved),,,TENSION (TN),TENSION (TN),,MAKE SURE THAT THE TENSION IN THE CABLES IS CORRECT.,Make sure the cables are taut.,2-1-T2
tear,v,Non-STE (not approved),,,DAMAGE (n),DAMAGE (n),,BE CAREFUL THAT YOU DO NOT CAUSE DAMAGE TO THE BELLOWS.,Take care you do not tear the bellows.,2-1-T2
technique,n,Non-STE (not approved),,,METHOD (n),METHOD (n),,THIS METHOD GIVES THE BEST RESULTS.,This technique gives the best results.,2-1-T2
TELESCOPIC,adj,STE (approved),,Related to items that retract into each other,,Related to items that retract into each other,,INSTALL THE TELESCOPIC LENS IN THE CAMERA.,,2-1-T2
TELL,v,STE (approved),"TELLS, TOLD, TOLD",To give an order or supply information,,To give an order or supply information,,PUT A WARNING NOTICE IN THE ENTRANCE TO TELL VISITORS ABOUT THE SAFETY PRECAUTIONS. | THE COMPUTER TELLS THE TECHNICIAN THE ERROR CODE.,,2-1-T2
TEMPORARILY,adv,STE (approved),,In a temporary manner,,In a temporary manner,,ATTACH THE COVER TEMPORARILY.,,2-1-T2
TEMPORARY,adj,STE (approved),,"For a short time only, not permanent",,"For a short time only, not permanent",,THIS INSTALLATION IS ONLY TEMPORARY.,,2-1-T2
tension,v,Non-STE (not approved),,,TENSION (TN),TENSION (TN),,ADJUST THE TENSION IN THE CABLES TO THE CORRECT VALUE.,Tension cables to the correct value.,2-1-T2
terminate,v,Non-STE (not approved),,,STOP (v),STOP (v),,STOP THE TEST AFTER 2 SECONDS.,Terminate the test after 2 seconds.,2-1-T3
TERTIARY,adj,STE (approved),,Third in importance,,Third in importance,,"THERE ARE THREE CLASSES OF STRUCTURE: PRIMARY, SECONDARY, AND TERTIARY.",,2-1-T3
TEST,n,STE (approved),,The procedure where an object or system is operated to make sure that its performance and/or function is correct,,The procedure where an object or system is operated to make sure that its performance and/or function is correct,,DISCONNECT ALL THE SYSTEMS WHICH ARE NOT NECESSARY FOR THE TEST.,,2-1-T3
test,v,Non-STE (not approved),,,TEST (n),TEST (n),,DO A FUNCTIONAL TEST OF THE SOFTWARE.,Functionally test the software.,2-1-T3
THAN,conj,STE (approved),,Function word that you use with comparative adjectives or adverbs,,Function word that you use with comparative adjectives or adverbs,,MAKE SURE THAT THE TOTAL ANGLE IS SMALLER THAN 20 DEG. | CORROSION CAN OCCUR MORE EASILY IN THIS AREA THAN IN OTHER AREAS.,,2-1-T3
THAT,conj,STE (approved),,Function word that starts a subordinate clause,,Function word that starts a subordinate clause,"Refer to section 9, GR-1.",MAKE SURE THAT THE SURFACE IS CLEAN.,,2-1-T3
THAT,pron,STE (approved),,Function word that shows the person or thing referred to,,Function word that shows the person or thing referred to,,EXAMINE THE UNIT TO SEE IF THAT IS THE PROBLEM.,,2-1-T3
THE,art,STE (approved),,Function word: definite article,,Function word: definite article,,REMOVE THE SEVEN FLEXIBLE HOSES.,,2-1-T3
THEIR,adj,STE (approved),,Belonging to persons or things,,Belonging to persons or things,,WRITE TO THE MANUFACTURERS FOR THEIR REPAIR SCHEMES.,,2-1-T3
THEM,pron,STE (approved),,Function word that shows the persons or things referred to,,Function word that shows the persons or things referred to,,"IF THE SURFACES ARE DIRTY, CLEAN THEM.",,2-1-T3
THEN,adv,STE (approved),,Immediately after in time or sequence,,Immediately after in time or sequence,,"LIFT THE COVER. | THEN, PULL THE HANDLE.",,2-1-T3
THERE,adv,STE (approved),,In that position,,In that position,,"IF THE LABEL IS NOT THERE, ATTACH A NEW ONE.",,2-1-T4
THERE,pron,STE (approved),,Function word that starts a sentence or a subordinate clause,,Function word that starts a sentence or a subordinate clause,,THERE ARE THREE MEASUREMENT POINTS ON THE DIAGRAM. | MAKE SURE THAT THERE ARE NO LOOSE OBJECTS.,,2-1-T4
therefore,adv,Non-STE (not approved),,,THUS (adv) | AS A RESULT,THUS (adv) AS A RESULT,,"THIS TORQUE SHAFT CANNOT MOVE INBOARD. | THUS, BEFORE YOU REMOVE IT, REMOVE THE OUTBOARD TORQUE SHAFT. | THIS TORQUE SHAFT CANNOT MOVE INBOARD. | AS A RESULT, BEFORE YOU REMOVE IT, REMOVE THE OUTBOARD TORQUE SHAFT.","This torque shaft cannot move inboard. | Therefore, before you remove it, remove the outboard torque shaft. | This torque shaft cannot move inboard. | Therefore, before you remove it, remove the outboard torque shaft.",2-1-T4
THESE,adj,STE (approved),,Refers to specified persons or things,,Refers to specified persons or things,,REMOVE THESE PARTS FROM THEIR RELATED BOXES.,,2-1-T4
THESE,pron,STE (approved),,Function word that shows the persons or things referred to,,Function word that shows the persons or things referred to,,THESE ARE SPECIAL TOOLS.,,2-1-T4
THEY,pron,STE (approved),,Function word that shows the persons or things referred to,,Function word that shows the persons or things referred to,,DENTS ARE NOT PERMITTED IF THEY PREVENT CORRECT OPERATION OF THE PARTS.,,2-1-T4
THICK,adj,STE (approved),"THICKER, THICKEST",That has a specified or large thickness,,That has a specified or large thickness,,INSTALL A SHIM THAT IS 3.5 mm THICK. | APPLY A THICK LAYER OF GREASE ON THE BARE METAL.,,2-1-T4
THICKNESS,n,STE (approved),,The smallest of the three dimensions,,The smallest of the three dimensions,,THE THICKNESS OF THE PRIMER LAYER MUST BE BETWEEN 0.05 mm AND 0.06 mm.,,2-1-T4
THIN,adj,STE (approved),"THINNER, THINNEST",That has a small thickness,,That has a small thickness,,APPLY A THIN LAYER OF SEALING COMPOUND ON THE BARE METAL.,,2-1-T5
thin,v,Non-STE (not approved),,,LIQUID (adj),LIQUID (adj),,ADD SOLVENT TO MAKE THE PAINT MORE LIQUID.,Add solvent to thin the paint.,2-1-T5
THINK,v,STE (approved),"THINKS, THOUGHT, THOUGHT",To have an opinion,,To have an opinion,,"IF YOU THINK THAT THE WATER WILL FREEZE, ADD ANTIFREEZE.",,2-1-T5
THIS,adj,STE (approved),,Refers to a specified person or thing,,Refers to a specified person or thing,,DO THIS TEST AT FULL VOLTAGE.,,2-1-T5
THIS,pron,STE (approved),,Function word that shows the person or thing referred to,,Function word that shows the person or thing referred to,"Refer to section 9, GR-4.",REFER TO THE FAULT ISOLATION TABLE. | THIS TELLS YOU THE PARTS TO REPLACE.,,2-1-T5
thorough,adj,Non-STE (not approved),,,FULL (adj),FULL (adj),,DO A FULL CHECK OF THE CONTROL SYSTEM.,Do a thorough check of the control system.,2-1-T5
thoroughly,adv,Non-STE (not approved),,,FULLY (adv),FULLY (adv),,DRY THE SURFACE FULLY.,Dry the surface thoroughly.,2-1-T5
THOSE,pron,STE (approved),,Function word that shows the persons or things referred to,,Function word that shows the persons or things referred to,,"WHEN YOU EXAMINE THE PARTS, DISCARD THOSE THAT ARE DAMAGED.",,2-1-T5
thread,v,Non-STE (not approved),,,PUT (v) | TURN (v),PUT (v) TURN (v),,PUT TAPE ON THE ROLLER. | TURN THE LOCK NUT ON THE FITTING.,Thread tape on the roller. | Thread the lock nut on the fitting.,2-1-T5
threaded,adj,Non-STE (not approved),,,THREAD (TN),THREAD (TN),,PUT THE END OF THE ROD THAT HAS A THREAD IN THE FITTING.,Put the threaded end of the rod in the fitting.,2-1-T5
THROUGH,adv,STE (approved),,Function word that shows movement into one end or side and out of the other,,Function word that shows movement into one end or side and out of the other,,"IF FUMES COME THROUGH, DO THE EMERGENCY PROCEDURE.",,2-1-T5
THROUGH,prep,STE (approved),,Function word that shows movement into one end or side and out of the other,,Function word that shows movement into one end or side and out of the other,,MAKE SURE THAT THE FLUID THAT GOES THROUGH THE TUBE HAS NO BUBBLES.,,2-1-T5
throughout,prep,Non-STE (not approved),,,DURING (prep),DURING (prep),,MAKE SURE THAT THE DOORS ARE CLOSED DURING THE TEST.,Make sure that the doors are closed throughout the test.,2-1-T6
THRU,prep,STE (approved),,From a point in a sequence to another,,From a point in a sequence to another,,DO STEPS 4 THRU 10 AGAIN.,,2-1-T6
THUS,adv,STE (approved),,For that reason,FOLLOW (v),For that reason FOLLOW (v),"For other meanings, use:","THIS BOILER CONTROLLER IS APPLICABLE TO ALL SYSTEMS. | THUS, IT CAN ALSO CONTROL THERMAL OIL HEATERS. | CALCULATE THE THICKNESS OF THE SHIM AS FOLLOWS: T=X-Y.",The thickness of the shim is thus calculated: T=X-Y.,2-1-T6
tie,v,Non-STE (not approved),,,ATTACH (v),ATTACH (v),,ATTACH THE THREADING CORD TO THE NEW CABLE.,Tie the threading cord to the new cable.,2-1-T6
TIGHT,adj,STE (approved),"TIGHTER, TIGHTEST",Not free,SEAL (v) | TENSION (TN),Not free SEAL (v) TENSION (TN),"For other meanings, use:",MAKE SURE THAT THE NUTS ARE TIGHT. | MAKE SURE THAT THE FUEL TANK IS SEALED. | MAKE SURE THAT THERE IS TENSION IN THE LOCKWIRE.,Make sure that the fuel tank is tight. | Make sure that the lockwire is tight.,2-1-T6
TIGHTEN,v,STE (approved),"TIGHTENS, TIGHTENED, TIGHTENED",To cause to be tight,,To cause to be tight,,TIGHTEN THE SCREWS.,,2-1-T6
TIGHTLY,adv,STE (approved),,In a tight manner,,In a tight manner,,HOLD THE CYLINDER TIGHTLY.,,2-1-T6
till,conj,Non-STE (not approved),,,UNTIL (conj),UNTIL (conj),,MOVE THE LEVER UNTIL IT TOUCHES THE STOP.,Move the lever till it hits the stop.,2-1-T6
TILT,v,STE (approved),"TILTS, TILTED, TILTED",To move at an angle or to put something at an angle between the vertical and the horizontal,,To move at an angle or to put something at an angle between the vertical and the horizontal,,"TO ALIGN THE BOLT, TILT IT TO THE LEFT SIDE. | IF THE SHAFT TILTS, STOP THE TEST PROCEDURE.",,2-1-T7
TIME,n,STE (approved),,1. A duration that you can measure 2. An occurrence,,1. A duration that you can measure 2. An occurrence,,THE TIME BETWEEN CLICKS MUST BE 20 SECONDS. | DO STEP 2 THREE TIMES. | DO NOT TIGHTEN THE NUTS AT THIS TIME.,,2-1-T7
time,v,Non-STE (not approved),,,TIME (n),TIME (n),,MEASURE THE TIME THAT IS NECESSARY FOR THE PRESSURE TO DECREASE.,Time the pressure decay.,2-1-T7
tip,n,Non-STE (not approved),,,POINT (n),POINT (n),,"BEFORE YOU MAKE THE HOLE, MAKE SURE THAT THE POINT OF THE DRILL BIT IS SHARP.","Before you make the hole, make sure the tip of the drill bit is sharp.",2-1-T7
tip,v,Non-STE (not approved),,,TILT (v),TILT (v),,"TO INSTALL THE INDICATOR, TILT IT REARWARD.","To install the indicator, tip it rearward.",2-1-T7
TO,prep,STE (approved),,"Function word that shows: - The direction of, point of arrival or time, connection, result, cause - That the word that follows is an infinitive",,"Function word that shows: - The direction of, point of arrival or time, connection, result, cause - That the word that follows is an infinitive",,SET THE SWITCH TO “OFF”. | THIS VALUE IS EQUIVALENT TO THE MAXIMUM. | ATTACH THE UNIONS TO THE VALVE. | GET ACCESS TO THE SELECTOR VALVES. | TRY TO LIFT THE COVER MANUALLY.,,2-1-T7
TOGETHER,adv,STE (approved),,In one group or position AT THE SAME TIME,,In one group or position AT THE SAME TIME,"For other meanings, use:",USE TAPE TO ATTACH THE CABLES TOGETHER. | DISASSEMBLE THE BYPASS VALVE AND THE DUMP VALVE AT THE SAME TIME.,Disassemble the bypass valve and the dump valve together.,2-1-T8
TOLERANCE,n,STE (approved),,A permitted difference from a standard,,A permitted difference from a standard,,THE TOLERANCE IS PLUS OR MINUS 0.2 mm.,,2-1-T8
TOO,adv,STE (approved),,More than is necessary or correct,,More than is necessary or correct,,MAKE SURE THAT THE TEMPERATURE IS NOT TOO HIGH.,,2-1-T8
TOOL,n,STE (approved),,An object used to make or do something,,An object used to make or do something,,REMOVE ALL TOOLS AND EQUIPMENT.,,2-1-T8
TOP,adj,STE (approved),,That is uppermost,,That is uppermost,,A NUMBER IN THE TOP LEFT CORNER OF THE DISPLAY REFERS TO A RELATED PAGE.,,2-1-T8
TOP,n,STE (approved),,The uppermost position,,The uppermost position,,THE VERTICAL STABILIZER IS INSTALLED ON THE TOP OF THE FUSELAGE TAIL SECTION.,,2-1-T8
top off,v,Non-STE (not approved),,,FILL (v) | ADD (v),FILL (v) ADD (v),,FILL THE HYDRAULIC SYSTEM AS NECESSARY. | ADD FLUID TO THE HYDRAULIC RESERVOIR AS NECESSARY.,Top off the hydraulic system as necessary. | Top off the hydraulic reservoir as necessary.,2-1-T8
TORQUE,v,STE (approved),"TORQUES, TORQUED, TORQUED",To tighten to a specified torque,,To tighten to a specified torque,,TORQUE THE PLUG TO 6 Nm.,,2-1-T8
TOTAL,adj,STE (approved),,All of,,All of,,THE TOTAL QUANTITY OF FUEL IN THE CENTER TANK IS 5000 lb.,,2-1-T8
TOTAL,n,STE (approved),,The full quantity,,The full quantity,,ADD THE VALUES. | THE TOTAL MUST NOT BE MORE THAN 15 mm.,,2-1-T9
TOUCH,v,STE (approved),"TOUCHES, TOUCHED, TOUCHED",To be in contact,,To be in contact,,MAKE SURE THAT THE LOCK NUT TOUCHES THE SPRING.,,2-1-T9
TOW,v,STE (approved),"TOWS, TOWED, TOWED",To pull something along,,To pull something along,,"BEFORE YOU TOW THE VEHICLE BACK TO ITS INITIAL POSITION, COMPLETE THE PROCEDURE",,2-1-T9
toward,prep,Non-STE (not approved),,,TO (prep) | DIRECTION (n),TO (prep) DIRECTION (n),,THE ARROW MUST POINT TO THE REAR. | MANUALLY PUSH THE RAM AIR TURBINE IN THE DIRECTION OF THE RETRACTED POSITION.,The arrow must point toward the rear. | Manually push the Ram Air Turbine toward the retracted position.,2-1-T9
toxic,adj,Non-STE (not approved),,,POISONOUS (adj),POISONOUS (adj),,THIS COMPOUND IS POISONOUS.,This compound is toxic.,2-1-T9
trace,n,Non-STE (not approved),,,SIGN (n),SIGN (n),,EXAMINE THE AREA AROUND THE DRAIN HOLES FOR SIGNS OF CORROSION.,Check the area surrounding the drain holes for traces of corrosion.,2-1-T9
trace,v,Non-STE (not approved),,,FIND (v),FIND (v),,FIND THE BROKEN WIRE.,Trace the broken wire.,2-1-T9
track,v,Non-STE (not approved),,,MONITOR (v),MONITOR (v),,MONITOR THE TEMPERATURE.,Track the temperature.,2-1-T9
trained,adj,Non-STE (not approved),,,APPROVED (adj),APPROVED (adj),,ONLY APPROVED PERSONNEL CAN OPERATE THE BRAKES.,Only trained personnel can operate the brakes.,2-1-T9
transfer,n,Non-STE (not approved),,,MOVEMENT (n) | SUPPLY (n),MOVEMENT (n) SUPPLY (n),,MAKE SURE THAT THE RATE OF MOVEMENT OF FUEL FROM THE WING TANKS TO THE CENTER TANK IS EQUAL. | MAKE SURE THAT THE RATE OF SUPPLY OF FUEL FROM THE WING TANKS TO THE CENTER TANK IS EQUAL.,Make sure the rate of fuel transfer from the wing tanks to the center tank is equal. | Make sure the rate of fuel transfer from the wing tanks to the center tank is equal.,2-1-T10
transfer,v,Non-STE (not approved),,,MOVE (v) | INSTALL (v),MOVE (v) INSTALL (v),,MOVE THE COUPLINGS TO THE NEW UNIT. | INSTALL THE COUPLINGS ON THE NEW UNIT.,The couplings must be transferred to the new unit. | Transfer the couplings to the new unit.,2-1-T10
transition,n,Non-STE (not approved),,,CHANGE (n),CHANGE (n),,THE CHANGE FROM FULL-RATE OPERATION TO HALF-RATE OPERATION MUST OCCUR IMMEDIATELY.,The transition from full- rate operation to half- rate operation must occur immediately.,2-1-T10
TRANSMIT,v,STE (approved),"TRANSMITS, TRANSMITTED, TRANSMITTED",To send energy or a signal,,To send energy or a signal,,MAKE SURE THAT THE TRANSPONDER TRANSMITS THE SIGNAL CORRECTLY.,,2-1-T10
TRANSPARENT,adj,STE (approved),,Easy to see through,,Easy to see through,,PUT A TRANSPARENT SHEET OF PLASTIC ON THE SURFACE.,,2-1-T10
transport,v,Non-STE (not approved),,,SEND (v),SEND (v),,SEND THE PART TO THE OVERHAUL SHOP.,Transport the part to the overhaul shop.,2-1-T10
trapped,adj,Non-STE (not approved),,,CAUGHT (adj),CAUGHT (adj),,MAKE SURE THAT THE CABLE IS NOT CAUGHT.,Make sure that the cable is not trapped.,2-1-T10
TRAVEL,n,STE (approved),,The movement of an item,,The movement of an item,,MAKE SURE THAT THE RANGE OF TRAVEL OF THE CONTROL SURFACES IS CLEAR.,,2-1-T10
travel,v,Non-STE (not approved),,,GO (v) | MOVE (v),GO (v) MOVE (v),,THE TURNBUCKLE GOES THROUGH A HOLE IN THE BULKHEAD. | THE LEVER MOVES THROUGH A 30-DEG. | ARC.,The turnbuckle travels through a hole in the bulkhead. | The lever travels through a 30-deg. arc.,2-1-T11
treat,v,Non-STE (not approved),,,APPLY (v) | TOUCH (v),APPLY (v) TOUCH (v),,APPLY WAX TO THE SURFACE. | BE CAREFUL WHEN YOU TOUCH PRINTED CIRCUIT BOARDS.,Treat the surface with wax. | Be careful when you treat printed circuit boards.,2-1-T11
trigger,v,Non-STE (not approved),,,CAUSE (v) | START (v),CAUSE (v) START (v),,HEAT CAUSES THE PRESSURE TO INCREASE. | THIS SIGNAL STARTS THE OPERATION OF THE TEST SET.,Heat triggers a pressure increase. | This signal triggers test set operation.,2-1-T11
trim,v,Non-STE (not approved),,,CUT (v),CUT (v),,CUT THE PATCH TO THE CORRECT DIMENSION.,Trim the patch to fit.,2-1-T11
trip,v,Non-STE (not approved),,,OPEN (v) | RELEASE (v) | CAUSE TO FALL,OPEN (v) RELEASE (v) CAUSE TO FALL,,OPEN THE CIRCUIT BREAKER. | THE HOLD-ON SWITCH RELEASES. | AN IRREGULAR SURFACE CAN CAUSE YOU TO FALL.,Trip the circuit breaker. | Hold-on switch trips. | You can trip and fall on an irregular surface.,2-1-T11
troubleshoot,v,Non-STE (not approved),,,TROUBLESHOOTING (TN),TROUBLESHOOTING (TN),,DO THE TROUBLESHOOTING PROCEDURE ON THE VHF NAVIGATION SYSTEM.,Troubleshoot the VHF navigation system.,2-1-T11
true,adj,Non-STE (not approved),,,CORRECT (adj) | AGREE (v),CORRECT (adj) AGREE (v),,MAKE SURE THAT THE VALUE SHOWN ON THE INDICATOR IS CORRECT. | MAKE SURE THAT THE INDICATION ON THE GAUGE AGREES WITH THE QUANTITY OF FUEL THAT IS IN THE TANK.,Make sure that the indicator reading is true. | Make sure that the gauge shows the true quantity of fuel that is in the tank.,2-1-T11
TRY,v,STE (approved),"TRIES, TRIED, TRIED",To make an effort to do something,,To make an effort to do something,,TRY TO MOVE THE CONTROL COLUMN.,,2-1-T12
tuck,v,Non-STE (not approved),,,PUT (v),PUT (v),,PUT THE HEADSTRAP INTO THE FACE PIECE.,Tuck the headstrap into the face piece.,2-1-T12
TUNE,v,STE (approved),"TUNES, TUNED, TUNED",To adjust equipment to the best performance,,To adjust equipment to the best performance,,TUNE ADF 1 TO A KNOWN FREQUENCY.,,2-1-T12
TURN,n,STE (approved),,One full cycle of movement around an axis,,One full cycle of movement around an axis,,LET THE PRESSURE BECOME STABLE AFTER EACH TURN OF THE ADJUSTMENT SCREW.,,2-1-T12
TURN,v,STE (approved),"TURNS, TURNED, TURNED",To move or cause to move around an axis or a point,,To move or cause to move around an axis or a point,,TURN THE CONTROL CLOCKWISE. | THE BEARING TURNS AT 1500 RPM.,,2-1-T12
turn off,v,Non-STE (not approved),,,SET (v) | STOP (v) | DE-ENERGIZE (v),SET (v) STOP (v) DE-ENERGIZE (v),,SET THE COMPUTER TO “OFF.” STOP THE COMPUTER. | DE-ENERGIZE THE ELECTRICAL SYSTEM.,Turn off the computer. | Turn off the computer. | Turn the electrical system off.,2-1-T12
turn on,v,Non-STE (not approved),,,SET (v) | START (v) | ENERGIZE (v),SET (v) START (v) ENERGIZE (v),,SET THE POWER TO “ON.” START THE POWER. | ENERGIZE THE ELECTRICAL SYSTEM.,Turn on the power. | Turn on the power. | Turn the electrical system on.,2-1-T12
turn over,v,Non-STE (not approved),,,TURN (v),TURN (v),,TURN THE DISPLAY PANEL UNTIL YOU HAVE ACCESS TO THE CABLE.,Turn the display panel over to access the cable.,2-1-T12
twice,adv,Non-STE (not approved),,,TWO (TN),TWO (TN),,DO THIS PROCEDURE TWO TIMES.,Do this procedure twice.,2-1-T12
TWIST,v,STE (approved),"TWISTS, TWISTED, TWISTED",1. To use a force that turns something and causes a distortion 2. To turn or change shape as a result of torsion,,1. To use a force that turns something and causes a distortion 2. To turn or change shape as a result of torsion,,"DO NOT TWIST THE CABLES. | IF THE CABLE TWISTS, DISCONNECT THE TWO CONNECTORS.",,2-1-T13
TYPE,n,STE (approved),,A specified group,,A specified group,,FIND THE TYPE AND DIMENSIONS OF THE DAMAGE.,,2-1-T13
TYPICAL,adj,STE (approved),,That has the important qualities of a group,,That has the important qualities of a group,,THIS INSTALLATION PROCEDURE IS TYPICAL FOR THIS TYPE OF FASTENER. | Blank Page,,2-1-T13
unable,adj,Non-STE (not approved),,,CANNOT (v),CANNOT (v),,"IF YOU CANNOT TURN THE PULLEY, MAKE SURE THAT THE PIN IS REMOVED.","If you are unable to turn the pulley, make sure that the pin is removed.",2-1-U1
unauthorized,adj,Non-STE (not approved),,,NOT APPROVED,NOT APPROVED,,"IF YOU ARE NOT APPROVED TO DO THIS WORK, DO NOT DO THIS ENGINE TEST.","If you are unauthorized, do not do this engine test.",2-1-U1
uncap,v,Non-STE (not approved),,,REMOVE (v) (A CAP [TN] OR CAPS | [TN]),REMOVE (v) (A CAP [TN] OR CAPS [TN]),,REMOVE THE CAPS FROM THE HOSES.,Uncap the hoses.,2-1-U1
unclip,v,Non-STE (not approved),,,REMOVE (v) (FROM A CLIP [TN] OR | CLIPS [TN]),REMOVE (v) (FROM A CLIP [TN] OR CLIPS [TN]),,REMOVE THE VISOR FROM THE CLIP.,Unclip the visor.,2-1-U1
uncoil,v,Non-STE (not approved),,,UNWIND (v),UNWIND (v),,UNWIND THE CABLES CAREFULLY.,Uncoil the cables carefully.,2-1-U1
uncontaminated,adj,Non-STE (not approved),,,CLEAN (adj) | CONTAMINATION (n),CLEAN (adj) CONTAMINATION (n),,MAKE SURE THAT THE HYDRAULIC FLUID IS CLEAN. | MAKE SURE THAT THERE IS NO CONTAMINATION IN THE FUEL TANKS.,Make sure that the hydraulic fluid is uncontaminated. | Make sure that the fuel tanks are uncontaminated.,2-1-U1
uncouple,v,Non-STE (not approved),,,DISCONNECT (v),DISCONNECT (v),,DISCONNECT THE TOW BAR FROM THE VEHICLE.,Uncouple the tow bar from the vehicle.,2-1-U1
uncovered,adj,Non-STE (not approved),,,COVER (TN),COVER (TN),,DO NOT PUT A COVER ON THE CONTAINER.,Leave the container uncovered.,2-1-U1
undamaged,adj,Non-STE (not approved),,,NOT DAMAGED,NOT DAMAGED,,MAKE SURE THAT THE SKIN IS NOT DAMAGED.,Make sure that the skin is undamaged.,2-1-U1
UNDEMANDED,adj,STE (approved),,That occurs without an apparent cause,,That occurs without an apparent cause,,"IF YOU GET AN UNDEMANDED MOVEMENT, DO A TEST OF THE SYSTEM.",,2-1-U1
under,prep,Non-STE (not approved),,,BELOW (prep) | IN (prep) | LESS THAN,BELOW (prep) IN (prep) LESS THAN,,INSTALL THE CABLE THROUGH THE GUIDE TUBE BELOW THE CABIN FLOOR. | THIS RESULT CAN OCCUR IN DIFFERENT CONDITIONS. | MAKE SURE THAT THE PRESSURE IS LESS THAN 30 psi.,Install the cable through the guide tube under the cabin floor. | This result can occur under different conditions. | Make sure the pressure is under 30 psi.,2-1-U2
underneath,prep,Non-STE (not approved),,,BELOW (prep),BELOW (prep),,PUT THE CONTAINER BELOW THE DRAIN VALVE.,Place the container underneath the drain valve.,2-1-U2
underside,n,Non-STE (not approved),,,BOTTOM (n),BOTTOM (n),,EXAMINE THE FOUR ATTACHING HOLES ON THE BOTTOM.,Examine the four attaching holes on the underside.,2-1-U2
undertake,v,Non-STE (not approved),,,DO (v) | START (v),DO (v) START (v),You can use a more accurate verb.,DO THIS TASK IN AN AREA THAT HAS GOOD AIRFLOW. | DO NOT START THE TEST WITHOUT PRECAUTIONS.,Undertake this task in an area that has good airflow. | Do not undertake the test without precautions.,2-1-U2
undo,v,Non-STE (not approved),,,LOOSEN (v),LOOSEN (v),,LOOSEN THE BOLTS THAT ATTACH THE UNIT.,Undo the bolts that attach the unit.,2-1-U2
undue,adj,Non-STE (not approved),,,UNWANTED (adj),UNWANTED (adj),,"TO PREVENT UNWANTED FRICTION, POLISH THE SURFACE.","To prevent undue friction, polish the surface.",2-1-U2
uneven,adj,Non-STE (not approved),,,EQUAL (adj) | ROUGH (adj),EQUAL (adj) ROUGH (adj),,"MAKE SURE THAT THE FUEL LOAD IS EQUAL ON EACH SIDE OF THE AIRCRAFT CENTERLINE. | IF THE SURFACE IS ROUGH, REPLACE THE SLIDE VALVE.",Avoid uneven fuel load about the aircraft centerline. | Replace the slide valve if its surface is uneven.,2-1-U2
UNFOLD,v,STE (approved),"UNFOLDS, UNFOLDED, UNFOLDED",To open or to straighten or to cause to open or to straighten from a folded position or condition,,To open or to straighten or to cause to open or to straighten from a folded position or condition,,UNFOLD THE SHEETING CAREFULLY. | MAKE SURE THAT THE INDICATOR LIGHT COMES ON WHEN THE BLADES UNFOLD.,,2-1-U3
uniform,adj,Non-STE (not approved),,,CONSTANT (adj) | EQUAL (adj),CONSTANT (adj) EQUAL (adj),,CURE THE SEALANT AT A CONSTANT TEMPERATURE. | THE FUEL LOAD MUST BE EQUAL ON EACH SIDE OF THE AIRCRAFT CENTERLINE.,Cure the sealant at a uniform temperature. | The fuel load must be uniform on each side of the aircraft centerline.,2-1-U3
uniformly,adv,Non-STE (not approved),,,EQUALLY (adv),EQUALLY (adv),,MAKE SURE THAT THE TWO PISTONS EXTEND EQUALLY.,Make sure that the two pistons extend uniformly.,2-1-U3
unintentional,adj,Non-STE (not approved),,,ACCIDENTAL (adj),ACCIDENTAL (adj),,A GUARD ON THE CONTROL SWITCH OF THE PUMP PREVENTS ACCIDENTAL OPERATION.,A guard on the control switch of the pump prevents unintentional operation.,2-1-U3
unintentionally,adv,Non-STE (not approved),,,ACCIDENTALLY (adv),ACCIDENTALLY (adv),,"IF YOU ACCIDENTALLY SPRAY RAIN REPELLENT FLUID ONTO A DRY WINDSHIELD, REMOVE THE FLUID WITH SOLVENT.","If rain repellent fluid is unintentionally sprayed onto a dry windshield, remove the fluid with solvent.",2-1-U3
UNIT,n,STE (approved),,1. Equipment that does a function 2. A quantity that is a standard of measurement,,1. Equipment that does a function 2. A quantity that is a standard of measurement,,YOU CAN REPLACE A LARGE NUMBER OF UNITS DURING THIS REPAIR PROCEDURE. | THIS MANUAL USES SI UNITS.,,2-1-U3
UNKNOWN,adj,STE (approved),,Not known,,Not known,,DO NOT USE FUEL WITH UNKNOWN PROPERTIES.,,2-1-U3
unlatch,v,Non-STE (not approved),,,RELEASE (v) | OPEN (v),RELEASE (v) OPEN (v),,THE SWITCH MUST RELEASE. | THE SWITCH MUST OPEN.,Switch must unlatch. | Switch must unlatch.,2-1-U4
UNLESS,conj,STE (approved),,Except if,,Except if,,DO NOT REMOVE THE ADAPTER FROM THE STABILIZER UNLESS A REPAIR IS NECESSARY.,,2-1-U4
unload,v,Non-STE (not approved),,,RELEASE (v) | LOAD (TN),RELEASE (v) LOAD (TN),,RELEASE THE SPRING TENSION. | REMOVE THE LOAD FROM THE SPRING BALANCE.,Unload the spring tension. | Unload the spring balance.,2-1-U4
UNLOCK,v,STE (approved),"UNLOCKS, UNLOCKED, UNLOCKED",To release or become released from a locked condition,,To release or become released from a locked condition,,"BEFORE YOU UNLOCK THE DOOR, MAKE SURE THAT THE CABIN DIFFERENTIAL PRESSURE IS ZERO. | IF THE LEVER UNLOCKS DURING THE TEST, SET THE LEVER TO THE LOCKED POSITION AGAIN.",,2-1-U4
unnecessary,adj,Non-STE (not approved),,,NOT NECESSARY,NOT NECESSARY,,REMOVE THE GROUND EQUIPMENT THAT IS NOT NECESSARY.,Remove the unnecessary ground equipment.,2-1-U4
unobstructed,adj,Non-STE (not approved),,,CLOGGED (adj) | CLEAR (adj),CLOGGED (adj) CLEAR (adj),,MAKE SURE THAT THE DRAIN OPENINGS ARE NOT CLOGGED. | AN ATTENDANT MUST HAVE A CLEAR VIEW OF THE PERSON IN THE TANK.,Make sure that the drain openings are unobstructed. | An attendant must have an unobstructed view of the person in the tank.,2-1-U4
unpack,v,Non-STE (not approved),,,REMOVE (v),REMOVE (v),,REMOVE THE PARTS FROM THE SHIPPING CONTAINER.,Unpack the shipping container.,2-1-U4
unpainted,adj,Non-STE (not approved),,,BARE (adj),BARE (adj),,APPLY PROTECTIVE TREATMENT ON THE BARE SURFACES.,Protect the unpainted surfaces.,2-1-U4
unplug,v,Non-STE (not approved),,,DISCONNECT (v) | PLUG (TN),DISCONNECT (v) PLUG (TN),,DISCONNECT THE SOLDERING IRON. | REMOVE THE PLUG FROM THE FUEL LINE.,Unplug the soldering iron. | Unplug the fuel line.,2-1-U5
unprotected,adj,Non-STE (not approved),,,PROTECTION (n),PROTECTION (n),,"WHEN YOU REMOVE THE COVER, THE CONTACTS HAVE NO PROTECTION.","When you remove the cover, the contacts are unprotected.",2-1-U5
unreel,v,Non-STE (not approved),,,UNWIND (v),UNWIND (v),,UNWIND THE HOSE.,Unreel the hose.,2-1-U5
unrestricted,adj,Non-STE (not approved),,,FREE (adj),FREE (adj),,THE BALL BEARING MUST BE FREE TO TURN.,Ball bearing rotation must be unrestricted.,2-1-U5
unsafe,adj,Non-STE (not approved),,,DANGEROUS (adj),DANGEROUS (adj),,"IN THESE CONDITIONS, IT IS DANGEROUS TO REMOVE THE CARTRIDGES FROM THE FIRE EXTINGUISHER BOTTLE.","In these conditions, it is unsafe to remove the cartridges from the fire extinguisher bottle.",2-1-U5
UNSATISFACTORILY,adv,STE (approved),,In an unsatisfactory manner,,In an unsatisfactory manner,,"IF THE ELEVATORS OPERATE UNSATISFACTORILY, MOVE THE CONTROL COLUMN.",,2-1-U5
UNSATISFACTORY,adj,STE (approved),,Not satisfactory,,Not satisfactory,,"IF THE CONDITION OF THE FILTERS IS UNSATISFACTORY, REPLACE THEM.",,2-1-U5
unscrew,v,Non-STE (not approved),,,LOOSEN (v) | TURN (v) | REMOVE (v),LOOSEN (v) TURN (v) REMOVE (v),,LOOSEN THE CAPTIVE BOLTS. | TURN THE END FITTING TO ALIGN THE RIGGING HOLES. | REMOVE THE NUTS.,Unscrew the captive bolts. | Unscrew the end fitting to align the rigging holes. | Unscrew the nuts.,2-1-U5
UNSERVICEABLE,adj,STE (approved),,Not fit for its purpose,,Not fit for its purpose,,REPLACE THE UNSERVICEABLE BUSHINGS.,,2-1-U5
unstable,adj,Non-STE (not approved),,,NOT STABLE,NOT STABLE,,"IF THE SURFACE IS NOT STABLE, AN ACCIDENT CAN OCCUR.","If the surface is unstable, an accident can occur.",2-1-U5
UNTIL,conj,STE (approved),,Up to the time that,,Up to the time that,,MOVE THE LEVER UNTIL THE END OF THE LINK TOUCHES THE LOCK BAR.,,2-1-U6
UNTIL,prep,STE (approved),,Up to the time of,,Up to the time of,,KEEP THE FIRE BOTTLE ARMED UNTIL THE END OF THE TEST.,,2-1-U6
unused,adj,Non-STE (not approved),,,NEW (adj),NEW (adj),,FILL THE TANK WITH NEW OIL.,Fill the tank with unused oil.,2-1-U6
UNUSUAL,adj,STE (approved),,Not usual,,Not usual,,UNUSUAL LOADS CAN CAUSE TREAD SEPARATION IN THE TIRES.,,2-1-U6
UNUSUALLY,adv,STE (approved),,In an unusual manner,,In an unusual manner,,THE VALVE OPERATES WHEN THERE IS AN UNUSUALLY LARGE FLOW OF FLUID.,,2-1-U6
UNWANTED,adj,STE (approved),,That must not be there,,That must not be there,,"UNWANTED AIR GOES OUT THROUGH THE OVERFLOW PORT. | IF THE DRAIN HOLE IS BLOCKED, REMOVE THE UNWANTED MATERIAL.",,2-1-U6
UNWIND,v,STE (approved),"UNWINDS, UNWOUND, UNWOUND",To remove or become removed from around an object,,To remove or become removed from around an object,,"UNWIND THE CABLE. | IF THE HOSE UNWINDS TOO QUICKLY FROM THE REEL, STOP THE TEST.",,2-1-U6
UP,adj,STE (approved),,In a position above,,In a position above,,MAKE SURE THAT THE ANCHOR IS UP.,,2-1-U6
UP,adv,STE (approved),,To a position above,,To a position above,,"IF THE POINTER MOVES UP, DECREASE THE POWER.",,2-1-U6
UP,prep,STE (approved),,To a position above,,To a position above,,LET THE SLEEVE MOVE UP THE GUIDE TUBE.,,2-1-U6
upon,prep,Non-STE (not approved),,,ON (prep) | WHEN (conj),ON (prep) WHEN (conj),,"PUT THE OHMMETER ON A FLAT SURFACE. | WHEN YOU SET THE LEVER TO “UP,” THE HYDRAULIC PRESSURE MUST DECREASE.","Put the ohmmeter upon a flat surface. | Upon UP selection, the hydraulic pressure must decrease.",2-1-U7
upper,adj,Non-STE (not approved),,,MAXIMUM (adj) | TOP (adj),MAXIMUM (adj) TOP (adj),,FILL THE CONTAINER TO THE MAXIMUM LEVEL. | THE AIRFLOW THEN GOES ALONG THE TOP AND BOTTOM SURFACES OF THE SLATS.,Fill the container to the upper level. | The airflow then passes over the upper and lower surfaces of the slats.,2-1-U7
uppermost,adj,Non-STE (not approved),,,UP (adv),UP (adv),,INSTALL THE BOLTS WITH THEIR HEADS UP.,Install the bolts with their heads in uppermost position.,2-1-U7
uppermost,adv,Non-STE (not approved),,,UP (adv),UP (adv),,INSTALL THE BOLTS WITH THEIR HEADS UP.,Install the bolts with their heads uppermost.,2-1-U7
UPSTREAM,adj,STE (approved),,In a direction opposite to the flow,,In a direction opposite to the flow,,DISCONNECT THE UPSTREAM CONNECTION OF THE VALVE.,,2-1-U7
UPSTREAM,adv,STE (approved),,In a direction opposite to the flow,,In a direction opposite to the flow,,MOVE THE PROBE UPSTREAM AND MONITOR THE TEMPERATURE AGAIN.,,2-1-U7
UPSTREAM OF,prep,STE (approved),,In a direction opposite to the flow,,In a direction opposite to the flow,,DISCONNECT THE CONNECTION UPSTREAM OF THE VALVE.,,2-1-U7
up to,prep,Non-STE (not approved),,,UNTIL (prep) | THRU (prep) | MAXIMUM (n),UNTIL (prep) THRU (prep) MAXIMUM (n),,"UNTIL THIS STEP, THE UNIT IGNORES ALL OUTPUT SIGNALS. | DO STEPS 1 THRU 4. | YOU CAN INSTALL A MAXIMUM OF TEN WASHERS.",Up to this step the unit ignores all output signals. | Do all steps up to and including step 4. | You can install up to ten washers.,2-1-U7
upward,adv,Non-STE (not approved),,,UP (adv),UP (adv),,MOVE THE LEVER UP.,Move the lever upward.,2-1-U7
urgently,adv,Non-STE (not approved),,,IMMEDIATELY (adv),IMMEDIATELY (adv),,GET MEDICAL AID IMMEDIATELY.,Seek medical aid urgently.,2-1-U8
usage,n,Non-STE (not approved),,,USE (v),USE (v),,IF YOU USE INCORRECT THINNERS. | PROBLEMS CAN OCCUR DURING OPERATION.,The usage of incorrect thinners can cause problems during operation.,2-1-U8
use,n,Non-STE (not approved),,,OPERATION (n) | USE (v),OPERATION (n) USE (v),,"WHEN THE MOTOR IS IN OPERATION, KEEP YOUR HANDS AWAY FROM THE BLADE. | DURING THIS TASK, USE PROTECTIVE GLOVES.",Keep your hands away from the blade when the motor is in use. | The use of protective gloves is mandatory during this task.,2-1-U8
USE,v,STE (approved),"USES, USED, USED",To make something do its specified function,,To make something do its specified function,,"IN THIS STEP, USE AUXILIARY SCREWS. | USE A SPECIAL CONTAINER FOR STORAGE. | DURING THE CLEANING PROCEDURE, DO NOT USE HIGH PRESSURE.",,2-1-U8
USUAL,adj,STE (approved),,That you use or that occurs most frequently,,That you use or that occurs most frequently,,"IF YOU DO NOT GET THE USUAL RESULTS, DO A SYSTEM TEST.",,2-1-U8
USUALLY,adv,STE (approved),,In a usual manner,,In a usual manner,,"USUALLY, THE HYDRAULIC FLUID FLOWS INTO THE VALVE THROUGH PORT A.",,2-1-U8
utilization,n,Non-STE (not approved),,,USE (v),USE (v),,READ THE INSTRUCTIONS THAT TELL YOU HOW TO USE THE OXYGEN MASK.,Read the oxygen mask instructions for its utilization.,2-1-U8
utilize,v,Non-STE (not approved),,,USE (v),USE (v),,THE SOFTWARE USES CACHING TECHNIQUES TO DECREASE DATA RETRIEVAL TIMES.,The software utilizes caching techniques to decrease data retrieval times.,2-1-U8
valid,adj,Non-STE (not approved),,,CORRECT (adj) | APPLICABLE (adj),CORRECT (adj) APPLICABLE (adj),This word becomes part of a technical noun when it refers to an official document.,"MAKE SURE THAT THE TEST RESULTS ARE CORRECT. | THIS PROCEDURE IS APPLICABLE ONLY IN DIGITAL MODE. | NDT PERSONNEL MUST HOLD A VALID CERTIFICATE OF COMPETENCE AT LEVEL 1, 2, OR 3.",Make sure that the test results are valid. | This procedure is only valid in digital mode.,2-1-V1
validity,n,Non-STE (not approved),,,CORRECT (adj) | APPLICABLE (adj),CORRECT (adj) APPLICABLE (adj),,MAKE SURE THAT THE TEST RESULTS ARE CORRECT. | THIS STEP IS APPLICABLE ONLY WHEN YOU APPLY THE TOP LAYER OF PAINT.,Check the validity of the test results. | The validity of this step is restricted to the application of the paint topcoat.,2-1-V1
VALUE,n,STE (approved),,A quantity that is calculated or given,,A quantity that is calculated or given,,MAKE SURE THAT THE VALUES AGREE WITH THE SPECIFIED TOLERANCES.,,2-1-V1
variable,adj,Non-STE (not approved),,,CHANGE (v),CHANGE (v),,"IF THE HUMIDITY CHANGES FREQUENTLY, PUT A COVER ON THE UNIT.","If the humidity is variable, put a cover on the unit.",2-1-V1
various,adj,Non-STE (not approved),,,DIFFERENT (adj),DIFFERENT (adj),,REFER TO TABLE 5 FOR THE DIFFERENT TORQUE VALUES THAT ARE APPLICABLE TO THE UNIT.,Refer to Table 5 for the various torque values that are applicable to the unit.,2-1-V1
vary,v,Non-STE (not approved),,,CHANGE (v),CHANGE (v),,CHANGE THE FREQUENCY AND RECORD THE RESULTS.,Vary the frequency and record the results.,2-1-V2
vent,v,Non-STE (not approved),,,RELEASE (v) | FLOW (v) | OPEN (adj),RELEASE (v) FLOW (v) OPEN (adj),,RELEASE THE PRESSURE. | LET THE FUEL FLOW FREELY OVERBOARD. | MAKE SURE THAT THE TANK IS IN AN OPEN AREA THAT HAS A GOOD AIRFLOW.,Vent the pressure. | Let the fuel vent freely overboard. | Make sure that the tank is in an area that is vented to the atmosphere.,2-1-V2
ventilate,v,Non-STE (not approved),,,AIRFLOW (n),AIRFLOW (n),,MAKE SURE THAT THE AREA WHERE YOU WILL USE THIS SOLVENT HAS GOOD AIRFLOW.,Ventilate the area where this solvent is used.,2-1-V2
ventilation,n,Non-STE (not approved),,,AIRFLOW (n),AIRFLOW (n),,MAKE SURE THAT THE AIRFLOW IS SUFFICIENT.,Make sure that the ventilation is sufficient.,2-1-V2
verify,v,Non-STE (not approved),,,MAKE SURE (v),MAKE SURE (v),,MAKE SURE THAT THE FITTINGS ARE TIGHT.,Verify the tightness of the fittings.,2-1-V2
VERTICAL,adj,STE (approved),,At 90 degrees to the horizon,,At 90 degrees to the horizon,,MEASURE THE VERTICAL DISTANCE BETWEEN THE TWO POINTS ON THE GRAPH.,,2-1-V2
VERTICALLY,adv,STE (approved),,At 90 degrees to the horizon,,At 90 degrees to the horizon,,THE POINTER MOVES VERTICALLY ALONG THE SCALE.,,2-1-V2
VERY,adv,STE (approved),,To a high degree,,To a high degree,,ADD THE OIL VERY SLOWLY.,,2-1-V2
via,prep,Non-STE (not approved),,,THROUGH (prep),THROUGH (prep),,GET ACCESS THROUGH THE No. | 6 BREAK-IN PANEL.,Get access via No. | 6 break-in panel.,2-1-V2
vibrate,v,Non-STE (not approved),,,VIBRATION (n),VIBRATION (n),,"IF THERE IS VIBRATION IN THE UNIT, DISCONNECT THE POWER SUPPLY.","If the unit vibrates, cut the power.",2-1-V3
VIBRATION,n,STE (approved),,Regular movement from a center position,,Regular movement from a center position,,PRESSURE SURGES AND VIBRATION CAN CAUSE WEAR ON THE HOSES.,,2-1-V3
vicinity,n,Non-STE (not approved),,,NEAR (prep) | ADJACENT (adj),NEAR (prep) ADJACENT (adj),,MAKE SURE THAT SOLVENTS ARE NOT NEAR THE ENGINE EXHAUST. | DO AN INSPECTION OF THE DAMAGE AND OF THE ADJACENT AREA.,Make sure that solvents are not in the vicinity of the engine exhaust. | Do an inspection of the damage and of the immediate vicinity.,2-1-V3
VIEW,n,STE (approved),,The ability to see something,,The ability to see something,,MAKE SURE THAT YOU HAVE A SATISFACTORY VIEW OF ALL COMPONENTS.,,2-1-V3
view,v,Non-STE (not approved),,,SEE (v) | LOOK (v),SEE (v) LOOK (v),,THE BOLT WILL BE AT THE 2 O'CLOCK POSITION WHEN SEEN FROM THE REAR. | THE BOLT WILL BE AT THE 2 O’CLOCK POSITION WHEN YOU LOOK AT THE PUMP FROM THE REAR.,The bolt will be at 2 o'clock when viewed from the rear. | The bolt will be at 2 o'clock when viewed from the rear.,2-1-V3
vigorous,adj,Non-STE (not approved),,,FORCE (TN),FORCE (TN),,"WHEN YOU CLEAN THE CARPET, DO NOT USE TOO MUCH FORCE ON THE BRUSH. | TOO MUCH FORCE CAN CAUSE DAMAGE TO THE CARPET.",Vigorous cleaning with a brush can cause damage to the carpet.,2-1-V3
vigorously,adv,Non-STE (not approved),,,FORCE (TN),FORCE (TN),,"WHEN YOU MOVE THE CONTROL WHEEL, DO NOT APPLY TOO MUCH FORCE.",Do not move the control wheel too vigorously.,2-1-V3
visible,adj,Non-STE (not approved),,,SEE (v) | VIEW (n),SEE (v) VIEW (n),,"MAKE SURE THAT YOU CAN SEE THE OIL LEVEL THROUGH THE SIGHT GAUGE. | WHEN THE INDICATOR COMES INTO VIEW, STOP THE TEST PROCEDURE.","Make certain that the oil level is visible through the sight gauge. | When the indicator is visible, stop the test procedure.",2-1-V4
VISUAL,adj,STE (approved),,That you can see,,That you can see,,MAKE SURE THAT THE VISUAL INDICATOR SHOWS THE CORRECT VALUE.,,2-1-V4
VISUALLY,adv,STE (approved),,With the eyes,,With the eyes,,VISUALLY EXAMINE THE DUCT.,,2-1-V4
vital,adj,Non-STE (not approved),,,MANDATORY (adj),MANDATORY (adj),,IT IS MANDATORY TO OBEY THE SUPPLIER’S MAINTENANCE INTERVALS.,It is vital to obey the supplier’s maintenance intervals.,2-1-V4
VOICE,n,STE (approved),,The sound you make when you speak,,The sound you make when you speak,,SPEAK INTO THE MICROPHONE IN YOUR USUAL VOICE.,,2-1-V4
volatile,adj,Non-STE (not approved),,,,,Use a different construction. Tell the reader what the risk or effect is.,BE CAREFUL WITH THE SOLVENT NEAR FLAMES OR SPARKS. | THIS SOLVENT CAN RELEASE FLAMMABLE FUMES.,Be careful with the solvent (this solvent is volatile and can be dangerous).,2-1-V4
VOLUME,n,STE (approved),,1. The space that an object fills 2. How loud a sound is,,1. The space that an object fills 2. How loud a sound is,,"MEASURE THE VOLUME OF THE OIL CAREFULLY. | TO ADJUST THE VOLUME, USE THE BUTTONS ON THE SIDE OF THE PHONE.",,2-1-V4
WAIT,v,STE (approved),"WAITS, WAITED, WAITED",To stop doing something while another thing occurs.,,To stop doing something while another thing occurs.,,(1) IF THE STATUS OF THE FAULT IS “NOT CONFIRMED”: (a) OPEN THE APPLICABLE CIRCUIT BREAKER. (b) WAIT FOR 4 MINUTES. (c) DO THE BITE TEST.,,2-1-W1
WALK,v,STE (approved),"WALKS, WALKED, WALKED",To move on foot from one location to a different location,,To move on foot from one location to a different location,,DO NOT WALK ON THIS AREA.,,2-1-W1
WANT,v,STE (approved),"WANTS, WANTED, WANTED","To intend, to desire",,"To intend, to desire",,"RECORD THE NAME OF THE FILE THAT YOU WANT TO DOWNLOAD. | IF YOU WANT TO STOP THE PROCEDURE, RECORD THE NUMBER OF THE LAST COMPLETED STEP.",,2-1-W1
WARM,adj,STE (approved),,Moderately hot,,Moderately hot,,"KEEP THE GASKETS IN A WARM, DRY AREA.",,2-1-W1
warm,v,Non-STE (not approved),,,WARM (adj),WARM (adj),,MAKE THE MIXTURE WARM BEFORE YOU USE IT.,Warm the mixture before use.,2-1-W1
warn,v,Non-STE (not approved),,,TELL (v) | WARNING (TN),TELL (v) WARNING (TN),,"TELL PERSONNEL TO STAY AWAY FROM THE CONVEYOR SYSTEM. | IF THE INSTRUCTIONS GIVE A WARNING ABOUT DANGEROUS PRESSURE, DO NOT OPEN THE CONTAINER.","Warn personnel to stay away from the conveyor system. | If the instructions warn of a dangerous pressure, do not open the container.",2-1-W1
wash,v,Non-STE (not approved),,,CLEAN (v),CLEAN (v),,CLEAN YOUR HANDS WITH SOAP.,Wash your hands using soap.,2-1-W1
watch,v,Non-STE (not approved),,,MONITOR (v) | LOOK (v),MONITOR (v) LOOK (v),,MONITOR THE SPEED INDICATION CONTINUOUSLY UNTIL THE END OF THE TEST. | LOOK FOR AIR BUBBLES.,Watch the speed indication for the duration of the test. | Watch for air bubbles.,2-1-W2
watertight,adj,Non-STE (not approved),,,SEAL (v),SEAL (v),,MAKE SURE THAT THE TANK IS SEALED.,Check that the tank is watertight.,2-1-W2
way,n,Non-STE (not approved),,,PROCEDURE (n),PROCEDURE (n),,DO NOT USE OTHER PROCEDURES TO REPLACE THE UNIT.,Do not use other ways to replace the unit.,2-1-W2
WE,pron,STE (approved),,"The manufacturer, company, or organization that releases the documentation",,"The manufacturer, company, or organization that releases the documentation",Do not use this pronoun for other meanings.,WE DO NOT RECOMMEND OTHER ALTERNATIVES.,,2-1-W2
WEAK,adj,STE (approved),"WEAKER, WEAKEST","With small strength, power, or concentration",,"With small strength, power, or concentration",,USE A WEAK CLEANING SOLUTION.,,2-1-W2
weakness,n,Non-STE (not approved),,,WEAK (adj),WEAK (adj),,THERE IS A WEAK POINT IN THE STRUT.,There is a point of weakness in the strut.,2-1-W2
WEAR,v,STE (approved),"WEARS, WORE, WORN",To become damaged by friction,USE (v) | PUT ON (v),To become damaged by friction USE (v) PUT ON (v),"For other meanings, use:","THE CABLE CAN WEAR QUICKLY IN THIS POSITION. | DURING THE SOLDERING PROCEDURE, USE A PROTECTIVE SHIELD. | WHEN YOU USE THE SOLVENT, PUT ON PROTECTIVE CLOTHING.","During the soldering procedure, wear a protective shield. | Wear protective clothing when you use the solvent.",2-1-W2
WEATHER,n,STE (approved),,"Conditions of the atmosphere: temperature, moisture, winds, and clouds",,"Conditions of the atmosphere: temperature, moisture, winds, and clouds",,STEP 2 IS APPLICABLE ONLY IF THE WEATHER IS WET.,,2-1-W2
weep,n,Non-STE (not approved),,,LEAKAGE (n),LEAKAGE (n),,"IF THERE IS FUEL LEAKAGE FROM THE COUPLINGS, REJECT THE UNIT.","If there are fuel weeps from the couplings, reject the unit.",2-1-W3
WEIGH,v,STE (approved),"WEIGHS, WEIGHED, WEIGHED",1. To measure the weight of something 2. To have a specified weight,,1. To measure the weight of something 2. To have a specified weight,,WEIGH THE TWO PARTS OF THE COMPOUND. | THE UNIT WEIGHS 20 kg.,,2-1-W3
WEIGHT,n,STE (approved),,The force caused when gravity acts on the mass of an object,,The force caused when gravity acts on the mass of an object,,THE BASIC WEIGHT OF THE UNIT DOES NOT INCLUDE THE PROTECTIVE COVERS.,,2-1-W3
well,adv,Non-STE (not approved),,,CORRECTLY (adv) | GOOD (adj) | FULLY (adv),CORRECTLY (adv) GOOD (adj) FULLY (adv),,MAKE SURE THAT THE BEARING IS CORRECTLY INSTALLED. | THERE MUST BE A GOOD AIRFLOW IN THE WORK AREA. | MAKE SURE THAT ALL LABORATORY EQUIPMENT IS FULLY CLEAN.,Make sure that the bearing is well seated. | The work area must be well ventilated. | All laboratory equipment must be well cleaned.,2-1-W3
WET,adj,STE (approved),"WETTER, WETTEST","That has liquid on it, in it, or absorbed into it",,"That has liquid on it, in it, or absorbed into it",,DRY THE WET SURFACES.,,2-1-W3
WHEN,conj,STE (approved),,At the time that or during,,At the time that or during,,"WHEN THE PISTON MOVEMENT STOPS, MEASURE THE TRAVEL.",,2-1-W3
whenever,conj,Non-STE (not approved),,,WHEN (conj),WHEN (conj),,"WHEN THE PRESSURE IS MORE THAN 7000 kPa, STOP THE TEST.",Stop the test whenever the pressure is more than 7000 kPa.,2-1-W3
WHERE,conj,STE (approved),,"At, to, or in which location",,"At, to, or in which location",,CLEAN THE AREA WHERE YOU APPLIED THE SEALANT.,,2-1-W3
whether,conj,Non-STE (not approved),,,IF (conj),IF (conj),,THIS LIMIT IS APPLICABLE IF THE AIRCRAFT IS ON THE LANDING GEAR OR ON JACKS.,This limit applies whether the aircraft is on the landing gear or on jacks.,2-1-W4
WHICH,pron,STE (approved),,The thing or things that,,The thing or things that,,"EXAMINE THE EMERGENCY FUEL PUMP, WHICH IS ON THE LEFT SIDE.",,2-1-W4
whichever,adj,Non-STE (not approved),,,THAT (pron),THAT (pron),,USE THE ADHESIVE THAT IS AVAILABLE.,Use whichever adhesive is available.,2-1-W4
whichever,pron,Non-STE (not approved),,,THAT (pron),THAT (pron),,DIFFERENT ADHESIVES ARE PERMITTED. | USE THE ONE THAT IS AVAILABLE.,Different adhesives are permitted. | Use whichever is available.,2-1-W4
WHILE,conj,STE (approved),,At the same time,,At the same time,,"MAKE SURE THAT A PERSON HOLDS THE ITEM, WHILE YOU DISCONNECT IT.",,2-1-W4
whilst,conj,Non-STE (not approved),,,WHILE (conj),WHILE (conj),,DO NOT OPEN THE HOUSING WHILE THE ELECTRICAL POWER IS CONNECTED.,Do not open the housing whilst the electrical power is connected.,2-1-W4
WHO,pron,STE (approved),,The person or personnel that,,The person or personnel that,,"THE DECKHAND, WHO OPERATES THE REAR WINCH, MUST LOCK THE FIXTURE.",,2-1-W4
whoever,pron,Non-STE (not approved),,,WHO (pron),WHO (pron),,ALL PERSONS WHO ARE IN THIS AREA MUST USE A RESPIRATOR.,Whoever is in this area must use a respirator.,2-1-W4
whole,adj,Non-STE (not approved),,,FULL (adj) | ALL (adj),FULL (adj) ALL (adj),,DO THE FULL PROCEDURE. | EXAMINE ALL OF THE SYSTEM TO FIND THE CAUSE OF INTERFERENCE.,The whole procedure must be done. | Examine the whole system to find the cause of interference.,2-1-W4
wholly,adv,Non-STE (not approved),,,FULLY (adv),FULLY (adv),,THE SYSTEM IS FULLY AUTOMATIC.,The system is wholly automatic.,2-1-W4
whose,pron,Non-STE (not approved),,,,,Use a different construction.,THE GENERATORS SUPPLY A THREE- PHASE VOLTAGE. | THE FREQUENCY OF THIS VOLTAGE INCREASES WHEN THE GENERATOR ROTOR SPEED INCREASES.,The generators produce a three-phase voltage whose frequency is proportional to the generator rotor speed.,2-1-W5
WIDE,adj,STE (approved),"WIDER, WIDEST",That has a specified or large width,,That has a specified or large width,,"REPAIR ALL CRACKS THAT ARE WIDER THAN 0,05 mm.",,2-1-W5
WIDTH,n,STE (approved),,"The smaller of two dimensions, the second- largest of three dimensions",,"The smaller of two dimensions, the second- largest of three dimensions",,MEASURE THE WIDTH OF THE CRACK AT THE WIDEST POINT.,,2-1-W5
WILL,v,STE (approved),,Auxiliary modal verb that shows simple future tense,,Auxiliary modal verb that shows simple future tense,No other verb forms.,WARNINGS AND CAUTIONS IN THIS MANUAL WILL HELP YOU TO DO THE WORK SAFELY AND CORRECTLY.,,2-1-W5
WIND,v,STE (approved),"WINDS, WOUND, WOUND",To move around and around an object,,To move around and around an object,,WIND THE TAPE ON THE REEL.,,2-1-W5
windy,adj,Non-STE (not approved),,,WIND (TN),WIND (TN),,"WHEN THERE ARE STRONG WINDS, OBEY THESE SPECIAL PRECAUTIONS.",Take special precautions in very windy conditions.,2-1-W5
wipe,v,Non-STE (not approved),,,CLEAN (v),CLEAN (v),,"BEFORE EACH CYCLE, CLEAN THE INDICATOR.",Wipe the indicator surfaces before each cycle.,2-1-W5
wire,v,Non-STE (not approved),,,ATTACH (v) (WITH WIRE [TN]),ATTACH (v) (WITH WIRE [TN]),,ATTACH THE HOSE TO THE FIXTURE WITH WIRE.,Wire the hose to the fixture.,2-1-W5
wire-lock,v,Non-STE (not approved),,,LOCK (v) (WITH LOCKWIRE [TN]) | SAFETY (v) (WITH SAFETY WIRE | [TN]),LOCK (v) (WITH LOCKWIRE [TN]) SAFETY (v) (WITH SAFETY WIRE [TN]),,LOCK THE FOUR BOLTS TO EACH OTHER WITH LOCKWIRE. | SAFETY THE FOUR BOLTS TO EACH OTHER WITH SAFETY WIRE.,Wire-lock the four bolts to each other. | Wire-lock the four bolts to each other.,2-1-W5
WITH,prep,STE (approved),,"Function word that shows association or relationship, help or sharing, a means or instrument",,"Function word that shows association or relationship, help or sharing, a means or instrument","Refer to section 9, GR-2.",ALIGN THE MARK WITH THE LONGITUDINAL AXIS. | ATTACH THE FLANGE (10) WITH THE FOUR BOLTS (15). | REMOVE THE VALVE (2) WITH THE EXTRACTOR.,,2-1-W6
withdraw,v,Non-STE (not approved),,,REMOVE (v),REMOVE (v),,REMOVE THE INDICATOR FROM THE INSTRUMENT PANEL.,Withdraw the indicator from the instrument panel.,2-1-W6
within,prep,Non-STE (not approved),,,IN (prep) | IN ... OR LESS IN LESS THAN,IN (prep) IN ... OR LESS IN LESS THAN,,A FILTER PREVENTS CONTAMINATION OF THE COMPONENTS IN THE SYSTEM. | LIGHT L4 COMES ON IN 5 SECONDS OR LESS. | MAKE SURE THAT THE WARNING LIGHT COMES ON IN LESS THAN 3 SECONDS.,A filter prevents contamination of the components within the system. | Light L4 illuminates within 5 seconds. | Make sure that the warning light illuminates within 3 seconds.,2-1-W6
WITHOUT,prep,STE (approved),,Not with,,Not with,,SMALL DAMAGE IS PERMITTED WITHOUT REPAIR. | REFER TO TABLE 1 FOR THE APPLICABLE LIMITS.,,2-1-W6
withstand,v,Non-STE (not approved),,,RESISTANT (adj),RESISTANT (adj),,THIS MATERIAL IS RESISTANT TO FIRE.,This material can withstand fire.,2-1-W6
WORK,n,STE (approved),,"That which you do when you use physical strength, or mental power",,"That which you do when you use physical strength, or mental power",,DO THE WORK IN A CLEAN AREA.,,2-1-W6
work,v,Non-STE (not approved),,,WORK (n),WORK (n),,BE CAREFUL WHEN YOU DO WORK NEAR FUEL TANKS.,Be careful when you work near fuel tanks.,2-1-W6
would,v,Non-STE (not approved),,,CAN (v),CAN (v),,SOLVENTS THAT STAY ON THE PART CAN CAUSE CORROSION.,Solvents left on the part would corrode the part.,2-1-W6
wrap,v,Non-STE (not approved),,,PUT (v) | WIND (v),PUT (v) WIND (v),,PUT THE PART IN OILPAPER. | WIND MASKING TAPE AROUND THE PART.,Wrap the part in oilpaper. | Wrap masking tape around the part.,2-1-W7
WRITE,v,STE (approved),"WRITES, WROTE, WRITTEN","To record data or information as words, letters, or symbols",,"To record data or information as words, letters, or symbols",,WRITE THE TEST DATE ON THE CERTIFICATE.,,2-1-W7
wrong,adj,Non-STE (not approved),,,INCORRECT (adj),INCORRECT (adj),,IDENTIFY THE BELLCRANK AND SHAFT WITH MARKS. | THESE MARKS WILL PREVENT AN INCORRECT INSTALLATION.,Mark the bellcrank and shaft to prevent wrong installation.,2-1-W7
wrongly,adv,Non-STE (not approved),,,INCORRECTLY (adv),INCORRECTLY (adv),,"IF THE HOSES ARE INCORRECTLY INSTALLED, DAMAGE CAN OCCUR. | Blank Page",Damage can occur if hoses are wrongly installed.,2-1-W7
YES,adv,STE (approved),,Function word that shows the positive answer to a question,,Function word that shows the positive answer to a question,,DOES THE LIGHT COME ON? | YES OR NO?,,2-1-Y1
yet,conj,Non-STE (not approved),,,BUT (conj),BUT (conj),,"TIGHTEN THE NUTS, BUT KEEP THEM SUFFICIENTLY LOOSE TO REMOVE THEM WITH YOUR HAND.","The nuts should be tightened, yet loose enough to remove by hand.",2-1-Y1
yet,adv,Non-STE (not approved),,,AT THIS TIME,AT THIS TIME,,DO NOT REMOVE THE FIXTURE COVER AT THIS TIME.,Do not remove the fixture cover yet.,2-1-Y1
YOU,pron,STE (approved),,The reader or the user,,The reader or the user,,YOU CAN CONTINUE THE TEST. | HOT SURFACES CAN BURN YOU.,,2-1-Y1
YOUR,adj,STE (approved),,Related to the reader or the user,,Related to the reader or the user,,"IF YOU GET SOLVENT IN YOUR EYES, FLUSH THEM IMMEDIATELY WITH WATER.",,2-1-Y1
yourself,pron,Non-STE (not approved),,,YOU (pron),YOU (pron),,"DO NOT USE YOUR HANDS TO PREVENT MOVEMENT OF THE LP COMPRESSOR. | IF YOU DO, THE LP COMPRESSOR CAN CAUSE YOU INJURY AND CAN CAUSE DAMAGE TO THE EQUIPMENT.","Do not use your hands to prevent movement of the LP compressor. | If you do, you can cause injury to yourself and damage to the equipment.",2-1-Y1
zero,v,Non-STE (not approved),,,ZERO (TN),ZERO (TN),,ADJUST THE METER TO ZERO. | Blank Page,Zero the meter.,2-1-Y1
